pelicula,titulo_original,ano,director,generos,sinopsis,cartel,trailer,nota_filmaffinity_10,nota_imdb_10,tomatometer_100,popcornmeter_100,cine,fecha_hora,version,audio,subtitulos,formato,precio_eur,tipo_precio,tarifa_referencia,fuente,compra,consultado
Verity. La sombra de un engaño,Verity,2026,Michael Showalter,"Thriller, Drama","Lowen Ashleigh es contratada como escritora fantasma por Jeremy Crawford para escribir las novelas de su esposa Verity, autora de bestsellers, impedida tras un accidente. Lowen descubre las inquietantes verdades de Verity mientras reside en casa de los Crawford para trabajar. (FILMAFFINITY)",https://pics.filmaffinity.com/verity-273395489-large.jpg,https://www.filmaffinity.com/es/evideos.php?movie_id=740344,5.3,6.0,33.0,71.0,Cinemes Verdi + Verdi Park,2026-10-08T11:30:00+02:00,VO,,es,Digital,,unknown,"Lunes 5,90€; martes–viernes 8,50€; sábados, domingos y festivos 10€",https://www.sensacine.com/cines/cine/E0608/,https://verdibcn.admit-one.eu/seats/220874,2026-10-08T06:57:00.396426+00:00
Digger,Digger,2026,Alejandro González Iñárritu,"Acción, Comedia","El hombre más poderoso del mundo provoca un desastre que amenaza a la humanidad. Para redimirse, emprende una misión arriesgada con el objetivo de convertirse en su salvador.",https://es.web.img3.acsta.net/c_160_213/img/0f/c9/0fc9092d6e2afd046417684533c535c4.jpg,https://www.youtube.com/watch?v=xU2jWSsaWY0,6.4,,,,Cinemes Verdi + Verdi Park,2026-10-08T11:30:00+02:00,VO,,es,Digital,,unknown,"Lunes 5,90€; martes–viernes 8,50€; sábados, domingos y festivos 10€",https://www.sensacine.com/cines/cine/E0608/,https://verdibcn.admit-one.eu/seats/220876,2026-10-08T06:57:00.396426+00:00
LA BOLA NEGRA,La bola negra,2026,"Javier Ambrossi, Javier Calvo",Drama,"ESTRENO EL VIERNES 25 DE SEPTIEMBRE. Las vidas interconectadas de tres hombres en tres épocas distintas. Tres existencias íntimamente ligadas por la sexualidad y el deseo, el dolor y la herencia; y una de las últimas obras, inacabada, de Federico García Lorca. Proyección en Dolby Atmos y 4K",https://phenomena-experience.com/obj/LCinesD_dat/eventos/JPg000fb.jpg,https://www.youtube.com/watch?v=nXkdGP4VVWI,,8.0,92.0,,Cinemes Verdi + Verdi Park,2026-10-08T11:30:00+02:00,,es,,Digital,,unknown,"Lunes 5,90€; martes–viernes 8,50€; sábados, domingos y festivos 10€",https://www.sensacine.com/cines/cine/E0608/,https://verdibcn.admit-one.eu/seats/220877,2026-10-08T06:57:00.396426+00:00
El limpiabotas,Sciuscià,1946,Vittorio De Sica,Drama,"Pasquale y Giuseppe son dos niños pobres de Roma que el poco dinero que consiguen ahorrar mediante sus trabajos de limpiabotas lo destinan a alimentar su sueño de comprar un caballo propio con el que competir en las carreras del hipódromo. Un día, el hermano mayor de Giuseppe, Attilio, les da la oportunidad de ganar un buen pellizco de dinero ...",https://es.web.img3.acsta.net/c_160_213/pictures/17/12/22/10/17/4702543.jpg,https://www.filmaffinity.com/es/evideos.php?movie_id=416349,7.9,8.0,,,Cinemes Verdi + Verdi Park,2026-10-08T11:30:00+02:00,VO,,es,Digital,,unknown,"Lunes 5,90€; martes–viernes 8,50€; sábados, domingos y festivos 10€",https://www.sensacine.com/cines/cine/E0608/,https://verdibcn.admit-one.eu/seats/220875,2026-10-08T06:57:00.396426+00:00
El día de la revelación,Disclosure Day,2026,Steven Spielberg,"Ciencia ficción, Intriga, Thriller, Drama","Si descubrieras secretos que han permanecido deliberadamente ocultos durante décadas, y alguien te abriera los ojos y te lo demostrase, ¿qué harías?, ¿y te asustarías? Este verano, la verdad será revelada a más de ocho mil millones de personas. Llega… el día de la revelación.",https://www.cinemamalda.com/wp-content/uploads/2026/09/el-dia-de-la-revelacion-cartel-13303-500x792.jpg,https://www.youtube.com/embed/mXU_nV9g5AQ?feature=oembed,5.8,6.4,79.0,69.0,Cinema Maldà,2026-10-08T14:05:00+02:00,VO,en,es,,5.9,published,"Entrada por día: lun./mié. 5,90€; mar./jue./vie. 7,50€; sábados y festivos 9€ | Muestra MEX 2026: entrada publicada de 3 €",https://www.cinemamalda.com/,,2026-10-08T06:57:00.672209+00:00
Un tranvía llamado Deseo,A Streetcar Named Desire,1951,Elia Kazan,Drama,"Blanche está acostumbrada a vivir en el lujo, por eso no parece estar dispuesta a darse cuenta de que su familia se ha arruinado. Ni siquiera afronta la realidad cuando va a Nueva Orleans y se instala con su hermana, Stella, y su maleducado cuñado Stanley, quien no disimula su desagrado ante la recién llegada. Pero el verdadero problema de Blanche es su frágil estabilidad emocional y mental. Proyección en VOSE",https://pics.filmaffinity.com/a_streetcar_named_desire-958480971-large.jpg,https://www.filmaffinity.com/es/evideos.php?movie_id=953782,8.0,7.9,97.0,89.0,Phenomena Experience,2026-10-08T15:20:00+02:00,VO,,es,,9.0,published,Precio según pase; consultar la ficha de la película,https://phenomena-experience.com/index?pag=cartelera,https://www.reservaentradas.com/entrada/barcelona/phenomenaexperience/un-tranvia-llamado-deseo-proyeccion-en-vose/13577/,2026-10-08T06:57:05.017772+00:00
Coyote vs. ACME,Coyote vs. Acme,2026,Dave Green,"Animación, Aventura, Comedia","Cansado de que los productos defectuosos de Acme arruinen sus planes, el Coyote contrata a un abogado para demandar a la corporación, ahora dirigida por un despiadado exjefe de su defensor. Juntos forjarán una inesperada amistad mientras luchan en los tribunales.",https://es.web.img3.acsta.net/c_160_213/img/18/4e/184e275eb73de363b01c7c3637407fcd.jpg,https://www.filmaffinity.com/es/evideos.php?movie_id=523116,6.7,7.4,96.0,94.0,Cinesa Diagonal,2026-10-08T15:40:00+02:00,,,,Digital,,unknown,"Tarifa variable; seleccionar cine, fecha y sesión",https://www.publicine.net/cartelera-cine/barcelona/cinesa-diagonal,https://web.cinesa.es/compra/butacas/?showtimeId=012-55232,2026-10-08T06:57:43.478267+00:00
La leyenda de la ballena cantora,Der letzte Walsänger,,Reza Memari,"Animación, Aventura, Comedia","Vincent, una ballena jorobada huérfana e insegura sobre sus habilidades, se embarca hacia el mítico Estanque Estelar para rescatar a sus padres tras el escape del monstruoso Leviatán. Acompañado por un pez rémora y una valiente orca sorda, deberá superar sus miedos para hallar su propio canto y salvar a los océanos de la tinta venenosa.",https://es.web.img2.acsta.net/c_160_213/img/f0/b2/f0b2b6021378d6f9af4650bd02db93b6.jpg,https://www.youtube.com/watch?v=LjAPysgWf50,,,,,Cinesa SOM Multiespai,2026-10-08T15:40:00+02:00,Doblada,,,Digital,,unknown,"Tarifa variable; seleccionar cine, fecha y sesión",https://www.publicine.net/cartelera-cine/barcelona/cinesa-som-multiespai-heron-city,https://web.cinesa.es/compra/butacas/?showtimeId=017-60654,2026-10-08T06:57:56.221234+00:00
Cronos,Cronos,2026,Fernando González Molina,"Drama, Suspense","La película sigue la operación Cronos, activada tras el atentado en Las Ramblas, durante cuatro días de tensión y confusión. La misión culmina con la captura del último terrorista, dejando heridas abiertas y un país marcado por el miedo y la frustración.",https://es.web.img3.acsta.net/c_160_213/img/68/13/6813bcb516cf8f5787c00a1d9a5ea6b0.jpg,https://www.youtube.com/watch?v=XymFT_jUeXY,6.2,6.7,,,Cinesa Diagonal,2026-10-08T15:45:00+02:00,,ca,,,,unknown,"Tarifa variable; seleccionar cine, fecha y sesión",https://www.publicine.net/cartelera-cine/barcelona/cinesa-diagonal,https://web.cinesa.es/compra/butacas/?showtimeId=012-55235,2026-10-08T06:57:43.478267+00:00
En el corazón de la bestia,Heart Of The Beast,2026,David Ayer,"Acción, Aventura","Un ex soldado herido y su perro militar luchan por sobrevivir en la naturaleza salvaje de Alaska. Enfrentando frío, soledad y peligros constantes, su vínculo será clave para regresar a casa.",https://es.web.img3.acsta.net/c_160_213/img/06/8b/068b23e941178cfd676278b44064f0e9.jpg,https://www.youtube.com/watch?v=Rh24D89hFMg,6.4,7.3,85.0,94.0,Cinesa Diagonal Mar,2026-10-08T15:45:00+02:00,Doblada,,,Digital,,unknown,"Tarifa variable; seleccionar cine, fecha y sesión",https://www.publicine.net/cartelera-cine/barcelona/cinesa-diagonal-mar,https://web.cinesa.es/compra/butacas/?showtimeId=032-58915,2026-10-08T06:57:49.911074+00:00
Resident Evil,Resident Evil,2026,Zach Cregger,"Ciencia ficción, Suspense, Terror","Bryan, un mensajero médico, se ve atrapado inesperadamente en una noche de caos en la que la ciudad empieza a colapsar por una amenaza desconocida. Obligado a sobrevivir, deberá enfrentarse a una peligrosa carrera llena de acción mientras intenta escapar del horror que se desata a su alrededor.",https://es.web.img3.acsta.net/c_160_213/img/40/92/4092e505c00d28878024f17b01002c9c.jpg,https://www.filmaffinity.com/es/evideos.php?movie_id=579353,7.0,7.6,96.0,91.0,Cinesa Diagonal Mar,2026-10-08T15:45:00+02:00,Doblada,,,Digital,,unknown,"Tarifa variable; seleccionar cine, fecha y sesión",https://www.publicine.net/cartelera-cine/barcelona/cinesa-diagonal-mar,https://web.cinesa.es/compra/butacas/?showtimeId=032-58914,2026-10-08T06:57:49.911074+00:00
Resident Evil,Resident Evil,2026,Zach Cregger,"Ciencia ficción, Suspense, Terror","Bryan, un mensajero médico, se ve atrapado inesperadamente en una noche de caos en la que la ciudad empieza a colapsar por una amenaza desconocida. Obligado a sobrevivir, deberá enfrentarse a una peligrosa carrera llena de acción mientras intenta escapar del horror que se desata a su alrededor.",https://es.web.img3.acsta.net/c_160_213/img/40/92/4092e505c00d28878024f17b01002c9c.jpg,https://www.filmaffinity.com/es/evideos.php?movie_id=579353,7.0,7.6,96.0,91.0,Cinesa SOM Multiespai,2026-10-08T15:45:00+02:00,Doblada,,,Digital,,unknown,"Tarifa variable; seleccionar cine, fecha y sesión",https://www.publicine.net/cartelera-cine/barcelona/cinesa-som-multiespai-heron-city,https://web.cinesa.es/compra/butacas/?showtimeId=017-60655,2026-10-08T06:57:56.221234+00:00
Resident Evil,Resident Evil,2026,Zach Cregger,"Ciencia ficción, Suspense, Terror","Bryan, un mensajero médico, se ve atrapado inesperadamente en una noche de caos en la que la ciudad empieza a colapsar por una amenaza desconocida. Obligado a sobrevivir, deberá enfrentarse a una peligrosa carrera llena de acción mientras intenta escapar del horror que se desata a su alrededor.",https://es.web.img3.acsta.net/c_160_213/img/40/92/4092e505c00d28878024f17b01002c9c.jpg,https://www.filmaffinity.com/es/evideos.php?movie_id=579353,7.0,7.6,96.0,91.0,Cine Yelmo Westfield La Maquinista,2026-10-08T15:45:00+02:00,,,,Digital,,unknown,Tarifa variable; consultar el pase de La Maquinista,https://www.publicine.net/cartelera-cine/barcelona/yelmo-westfield-la-maquinista,https://cine.entradas.com/cine/barcelona/cine-yelmo-westfield-la-maquinista/evento/46403/resident-evil?mode=widget&change=0&ref=744,2026-10-08T06:58:01.153187+00:00
La isla olvidada,Forgotten Island,2026,"Joel Crawford , Januel P. Mercado","Animación, Aventura, Comedia",Un grupo de personajes se encuentra en una isla mágica de la mitología filipina que había permanecido olvidada durante mucho tiempo.,https://es.web.img2.acsta.net/c_160_213/img/ee/16/ee161d327f52a9e974075b7c17d32d10.jpg,https://www.youtube.com/watch?v=2NNDuXJ7C7E,,7.8,95.0,95.0,Mooby Balmes,2026-10-08T15:50:00+02:00,VO,,es,Digital,,unknown,"L–J laborables 9€; miércoles 6,50€; vie./sáb./festivos 10€",https://www.sensacine.com/cines/cine/E0808/,https://moobycinemas-balmes.admit-one.eu/?p=tickets&perfCode=187980&language=%s&theatre=%s,2026-10-08T06:57:20.417020+00:00
Resident Evil,Resident Evil,2026,Zach Cregger,"Ciencia ficción, Suspense, Terror","Bryan, un mensajero médico, se ve atrapado inesperadamente en una noche de caos en la que la ciudad empieza a colapsar por una amenaza desconocida. Obligado a sobrevivir, deberá enfrentarse a una peligrosa carrera llena de acción mientras intenta escapar del horror que se desata a su alrededor.",https://es.web.img3.acsta.net/c_160_213/img/40/92/4092e505c00d28878024f17b01002c9c.jpg,https://www.filmaffinity.com/es/evideos.php?movie_id=579353,7.0,7.6,96.0,91.0,Mooby Balmes,2026-10-08T15:50:00+02:00,VO,,es,Digital,,unknown,"L–J laborables 9€; miércoles 6,50€; vie./sáb./festivos 10€",https://www.sensacine.com/cines/cine/E0808/,https://moobycinemas-balmes.admit-one.eu/?p=tickets&perfCode=187957&language=%s&theatre=%s,2026-10-08T06:57:20.417020+00:00
Digger,Digger,2026,Alejandro González Iñárritu,"Acción, Comedia","El hombre más poderoso del mundo provoca un desastre que amenaza a la humanidad. Para redimirse, emprende una misión arriesgada con el objetivo de convertirse en su salvador.",https://es.web.img3.acsta.net/c_160_213/img/0f/c9/0fc9092d6e2afd046417684533c535c4.jpg,https://www.youtube.com/watch?v=xU2jWSsaWY0,6.4,,,,Renoir Floridablanca,2026-10-08T15:50:00+02:00,VO,,es,Digital,,unknown,"Taquilla: lun./mié. 5,50€; mar./jue. 8,50€; vie./sáb./dom. 9,80€",https://www.publicine.net/cartelera-cine/barcelona/renoir-floridablanca-cines,https://pillalas.com/pase/1089819/,2026-10-08T06:58:11.555621+00:00
Tiempo de victoria,Pressure,2026,Anthony Maras,"Guerra, Histórico, Suspense","En las horas previas al Día D, el meteorólogo James Stagg debe emitir un pronóstico crucial en medio de tensiones con el alto mando aliado. La decisión final recae en Dwight D. Eisenhower, quien debe elegir entre arriesgar la operación o retrasarla, con el destino de millones en juego.",https://es.web.img3.acsta.net/c_160_213/img/e7/7f/e77f7f1e452ff31c9d9e725e09efc602.jpg,https://www.filmaffinity.com/es/evideos.php?movie_id=177067,6.8,7.3,,,Renoir Floridablanca,2026-10-08T15:50:00+02:00,VO,,es,Digital,,unknown,"Taquilla: lun./mié. 5,50€; mar./jue. 8,50€; vie./sáb./dom. 9,80€",https://www.publicine.net/cartelera-cine/barcelona/renoir-floridablanca-cines,https://pillalas.com/pase/1089910/,2026-10-08T06:58:11.555621+00:00
El ser querido,El ser querido,2026,Rodrigo Sorogoyen,Drama,"Un director de cine en declive elige a su hija, una actriz sin éxito, como protagonista de su nueva película, lo que los obliga a enfrentar su difícil relación y un pasado lleno de tensiones. Durante el rodaje, emergen viejos resentimientos y heridas no resueltas.",https://es.web.img3.acsta.net/c_160_213/img/6a/19/6a198e1c5149b89b1c8e72f06b68f212.jpeg,https://www.youtube.com/watch?v=ApdPm1KWUcc,7.2,7.2,83.0,,Renoir Floridablanca,2026-10-08T15:50:00+02:00,,,,Digital,,unknown,"Taquilla: lun./mié. 5,50€; mar./jue. 8,50€; vie./sáb./dom. 9,80€",https://www.publicine.net/cartelera-cine/barcelona/renoir-floridablanca-cines,https://pillalas.com/pase/1089781/,2026-10-08T06:58:11.555621+00:00
Cronos,Cronos,2026,Fernando González Molina,"Drama, Suspense","La película sigue la operación Cronos, activada tras el atentado en Las Ramblas, durante cuatro días de tensión y confusión. La misión culmina con la captura del último terrorista, dejando heridas abiertas y un país marcado por el miedo y la frustración.",https://es.web.img3.acsta.net/c_160_213/img/68/13/6813bcb516cf8f5787c00a1d9a5ea6b0.jpg,https://www.youtube.com/watch?v=XymFT_jUeXY,6.2,6.7,,,Renoir Floridablanca,2026-10-08T15:50:00+02:00,VO,,es,Digital,,unknown,"Taquilla: lun./mié. 5,50€; mar./jue. 8,50€; vie./sáb./dom. 9,80€",https://www.publicine.net/cartelera-cine/barcelona/renoir-floridablanca-cines,https://pillalas.com/pase/1089909/,2026-10-08T06:58:11.555621+00:00
Narciso,Narciso,2026,Marcelo Martinessi,Drama,"Ambientada en el Paraguay de 1959 bajo la dictadura de Stroessner, el filme sigue a Narciso Arévalos, un apasionado de la música que se convierte en una amenaza para el orden moral del régimen. A través de la radio y el rock and roll, retrata la búsqueda de libertad y el miedo de una generación oprimida.",https://es.web.img3.acsta.net/c_160_213/img/b9/02/b9025dd8a02181cc77a268dc412cb93a.jpg,https://www.youtube.com/watch?v=w2BB8SBzFiA,5.9,6.3,,,Renoir Floridablanca,2026-10-08T15:50:00+02:00,VO,es,,Digital,,unknown,"Taquilla: lun./mié. 5,50€; mar./jue. 8,50€; vie./sáb./dom. 9,80€",https://www.publicine.net/cartelera-cine/barcelona/renoir-floridablanca-cines,https://pillalas.com/pase/1089869/,2026-10-08T06:58:11.555621+00:00
Prácticamente magia 2,Practical Magic 2,2026,Susanne Bier,"Fantasía, Romántico","Sandra Bullock y Nicole Kidman vuelven en esta secuela de Prácticamente magia. Las brujas a las que dan vida se enfrentan a prejuicios ancestrales y a una resurrección que sale mal, mientras intentan encontrar la felicidad frente a una maldición familiar que condena a muerte a sus amantes.",https://es.web.img3.acsta.net/c_160_213/img/1c/f9/1cf97e36ec677faa842268bf31d71717.jpg,https://www.youtube.com/watch?v=UOmntM7mHI8,,6.3,36.0,91.0,Cine Yelmo Westfield La Maquinista,2026-10-08T15:50:00+02:00,,,,Digital,,unknown,Tarifa variable; consultar el pase de La Maquinista,https://www.publicine.net/cartelera-cine/barcelona/yelmo-westfield-la-maquinista,https://www.publicine.net/venda/16162/59/aHR0cHM6Ly9jaW5lLmVudHJhZGFzLmNvbS9jaW5lL2JhcmNlbG9uYS9jaW5lLXllbG1vLXdlc3RmaWVsZC1sYS1tYXF1aW5pc3RhL2V2ZW50by80NjQxMi9wcmFjdGljYW1lbnRlLW1hZ2lhLTI/bW9kZT13aWRnZXQmY2hhbmdlPTAmcmVmPTc0NA,2026-10-08T06:58:01.153187+00:00
Coyote vs. ACME,Coyote vs. Acme,2026,Dave Green,"Animación, Aventura, Comedia","Cansado de que los productos defectuosos de Acme arruinen sus planes, el Coyote contrata a un abogado para demandar a la corporación, ahora dirigida por un despiadado exjefe de su defensor. Juntos forjarán una inesperada amistad mientras luchan en los tribunales.",https://es.web.img3.acsta.net/c_160_213/img/18/4e/184e275eb73de363b01c7c3637407fcd.jpg,https://www.filmaffinity.com/es/evideos.php?movie_id=523116,6.7,7.4,96.0,94.0,Cinesa Diagonal Mar,2026-10-08T15:55:00+02:00,Doblada,,,Digital,,unknown,"Tarifa variable; seleccionar cine, fecha y sesión",https://www.publicine.net/cartelera-cine/barcelona/cinesa-diagonal-mar,https://web.cinesa.es/compra/butacas/?showtimeId=032-58916,2026-10-08T06:57:49.911074+00:00
Coyote vs. ACME,Coyote vs. Acme,2026,Dave Green,"Animación, Aventura, Comedia","Cansado de que los productos defectuosos de Acme arruinen sus planes, el Coyote contrata a un abogado para demandar a la corporación, ahora dirigida por un despiadado exjefe de su defensor. Juntos forjarán una inesperada amistad mientras luchan en los tribunales.",https://es.web.img3.acsta.net/c_160_213/img/18/4e/184e275eb73de363b01c7c3637407fcd.jpg,https://www.filmaffinity.com/es/evideos.php?movie_id=523116,6.7,7.4,96.0,94.0,Cinesa SOM Multiespai,2026-10-08T15:55:00+02:00,Doblada,,,Digital,,unknown,"Tarifa variable; seleccionar cine, fecha y sesión",https://www.publicine.net/cartelera-cine/barcelona/cinesa-som-multiespai-heron-city,https://web.cinesa.es/compra/butacas/?showtimeId=017-60657,2026-10-08T06:57:56.221234+00:00
La isla olvidada,Forgotten Island,2026,"Joel Crawford , Januel P. Mercado","Animación, Aventura, Comedia",Un grupo de personajes se encuentra en una isla mágica de la mitología filipina que había permanecido olvidada durante mucho tiempo.,https://es.web.img2.acsta.net/c_160_213/img/ee/16/ee161d327f52a9e974075b7c17d32d10.jpg,https://www.youtube.com/watch?v=2NNDuXJ7C7E,,7.8,95.0,95.0,Cinesa SOM Multiespai,2026-10-08T15:55:00+02:00,Doblada,,,Digital,,unknown,"Tarifa variable; seleccionar cine, fecha y sesión",https://www.publicine.net/cartelera-cine/barcelona/cinesa-som-multiespai-heron-city,https://web.cinesa.es/compra/butacas/?showtimeId=017-60656,2026-10-08T06:57:56.221234+00:00
Verity. La sombra de un engaño,Verity,2026,Michael Showalter,"Thriller, Drama","Lowen Ashleigh es contratada como escritora fantasma por Jeremy Crawford para escribir las novelas de su esposa Verity, autora de bestsellers, impedida tras un accidente. Lowen descubre las inquietantes verdades de Verity mientras reside en casa de los Crawford para trabajar. (FILMAFFINITY)",https://pics.filmaffinity.com/verity-273395489-large.jpg,https://www.filmaffinity.com/es/evideos.php?movie_id=740344,5.3,6.0,33.0,71.0,Cinesa Diagonal,2026-10-08T16:00:00+02:00,,,,Digital,,unknown,"Tarifa variable; seleccionar cine, fecha y sesión",https://www.publicine.net/cartelera-cine/barcelona/cinesa-diagonal,https://web.cinesa.es/compra/butacas/?showtimeId=012-55238,2026-10-08T06:57:43.478267+00:00
Verity. La sombra de un engaño,Verity,2026,Michael Showalter,"Thriller, Drama","Lowen Ashleigh es contratada como escritora fantasma por Jeremy Crawford para escribir las novelas de su esposa Verity, autora de bestsellers, impedida tras un accidente. Lowen descubre las inquietantes verdades de Verity mientras reside en casa de los Crawford para trabajar. (FILMAFFINITY)",https://pics.filmaffinity.com/verity-273395489-large.jpg,https://www.filmaffinity.com/es/evideos.php?movie_id=740344,5.3,6.0,33.0,71.0,Cinesa Diagonal Mar,2026-10-08T16:00:00+02:00,Doblada,,,Digital,,unknown,"Tarifa variable; seleccionar cine, fecha y sesión",https://www.publicine.net/cartelera-cine/barcelona/cinesa-diagonal-mar,https://web.cinesa.es/compra/butacas/?showtimeId=032-58917,2026-10-08T06:57:49.911074+00:00
Cronos,Cronos,2026,Fernando González Molina,"Drama, Suspense","La película sigue la operación Cronos, activada tras el atentado en Las Ramblas, durante cuatro días de tensión y confusión. La misión culmina con la captura del último terrorista, dejando heridas abiertas y un país marcado por el miedo y la frustración.",https://es.web.img3.acsta.net/c_160_213/img/68/13/6813bcb516cf8f5787c00a1d9a5ea6b0.jpg,https://www.youtube.com/watch?v=XymFT_jUeXY,6.2,6.7,,,Cinesa Diagonal Mar,2026-10-08T16:00:00+02:00,Doblada,,,Digital,,unknown,"Tarifa variable; seleccionar cine, fecha y sesión",https://www.publicine.net/cartelera-cine/barcelona/cinesa-diagonal-mar,https://web.cinesa.es/compra/butacas/?showtimeId=032-58918,2026-10-08T06:57:49.911074+00:00
Verity. La sombra de un engaño,Verity,2026,Michael Showalter,"Thriller, Drama","Lowen Ashleigh es contratada como escritora fantasma por Jeremy Crawford para escribir las novelas de su esposa Verity, autora de bestsellers, impedida tras un accidente. Lowen descubre las inquietantes verdades de Verity mientras reside en casa de los Crawford para trabajar. (FILMAFFINITY)",https://pics.filmaffinity.com/verity-273395489-large.jpg,https://www.filmaffinity.com/es/evideos.php?movie_id=740344,5.3,6.0,33.0,71.0,Cinesa SOM Multiespai,2026-10-08T16:00:00+02:00,Doblada,,,Digital,,unknown,"Tarifa variable; seleccionar cine, fecha y sesión",https://www.publicine.net/cartelera-cine/barcelona/cinesa-som-multiespai-heron-city,https://web.cinesa.es/compra/butacas/?showtimeId=017-60658,2026-10-08T06:57:56.221234+00:00
Verity. La sombra de un engaño,Verity,2026,Michael Showalter,"Thriller, Drama","Lowen Ashleigh es contratada como escritora fantasma por Jeremy Crawford para escribir las novelas de su esposa Verity, autora de bestsellers, impedida tras un accidente. Lowen descubre las inquietantes verdades de Verity mientras reside en casa de los Crawford para trabajar. (FILMAFFINITY)",https://pics.filmaffinity.com/verity-273395489-large.jpg,https://www.filmaffinity.com/es/evideos.php?movie_id=740344,5.3,6.0,33.0,71.0,Mooby Arenas de Barcelona,2026-10-08T16:00:00+02:00,Doblada,es,,,,unknown,"L–J laborables 9€; mié./jue. 6,50€; vie./sáb./festivos 10€",https://www.filmaffinity.com/es/theater-showtimes.php?id=501,https://moobycinemas-arenas.admit-one.eu/?p=tickets&perfCode=191939&language=esp&theatre=24,2026-09-21T09:17:45.870590+02:00
Digger,Digger,2026,Alejandro González Iñárritu,"Acción, Comedia","El hombre más poderoso del mundo provoca un desastre que amenaza a la humanidad. Para redimirse, emprende una misión arriesgada con el objetivo de convertirse en su salvador.",https://es.web.img3.acsta.net/c_160_213/img/0f/c9/0fc9092d6e2afd046417684533c535c4.jpg,https://www.youtube.com/watch?v=xU2jWSsaWY0,6.4,,,,Mooby Balmes,2026-10-08T16:00:00+02:00,VO,,es,"Dolby Atmos, Digital",,unknown,"L–J laborables 9€; miércoles 6,50€; vie./sáb./festivos 10€",https://www.sensacine.com/cines/cine/E0808/,https://moobycinemas-balmes.admit-one.eu/?p=tickets&perfCode=187762&language=%s&theatre=%s,2026-10-08T06:57:20.417020+00:00
LA BOLA NEGRA,La bola negra,2026,"Javier Ambrossi, Javier Calvo",Drama,"ESTRENO EL VIERNES 25 DE SEPTIEMBRE. Las vidas interconectadas de tres hombres en tres épocas distintas. Tres existencias íntimamente ligadas por la sexualidad y el deseo, el dolor y la herencia; y una de las últimas obras, inacabada, de Federico García Lorca. Proyección en Dolby Atmos y 4K",https://phenomena-experience.com/obj/LCinesD_dat/eventos/JPg000fb.jpg,https://www.youtube.com/watch?v=nXkdGP4VVWI,,8.0,92.0,,Mooby Balmes,2026-10-08T16:00:00+02:00,,es,,Digital,,unknown,"L–J laborables 9€; miércoles 6,50€; vie./sáb./festivos 10€",https://www.sensacine.com/cines/cine/E0808/,https://moobycinemas-balmes.admit-one.eu/?p=tickets&perfCode=187967&language=%s&theatre=%s,2026-10-08T06:57:20.417020+00:00
En el corazón de la bestia,Heart Of The Beast,2026,David Ayer,"Acción, Aventura","Un ex soldado herido y su perro militar luchan por sobrevivir en la naturaleza salvaje de Alaska. Enfrentando frío, soledad y peligros constantes, su vínculo será clave para regresar a casa.",https://es.web.img3.acsta.net/c_160_213/img/06/8b/068b23e941178cfd676278b44064f0e9.jpg,https://www.youtube.com/watch?v=Rh24D89hFMg,6.4,7.3,85.0,94.0,Mooby Balmes,2026-10-08T16:00:00+02:00,VO,,es,Digital,,unknown,"L–J laborables 9€; miércoles 6,50€; vie./sáb./festivos 10€",https://www.sensacine.com/cines/cine/E0808/,https://moobycinemas-balmes.admit-one.eu/?p=tickets&perfCode=187960&language=%s&theatre=%s,2026-10-08T06:57:20.417020+00:00
La Odisea,The Odyssey,2026,Christopher Nolan,"Acción, Fantasía","Tras la guerra de Troya, Odiseo se enfrenta un peligroso viaje de 10 años para regresar a Ítaca, superando dioses, monstruos y desafíos épicos. Mientras tanto, su esposa Penélope resiste a los pretendientes que amenazan su reino.",https://es.web.img3.acsta.net/c_160_213/img/1a/23/1a238e79ea26da69c2ff751c232c60e3.png,https://www.youtube.com/watch?v=NUIIc9gZOcQ,7.6,8.4,,,Mooby Balmes,2026-10-08T16:00:00+02:00,VO,,es,Digital,,unknown,"L–J laborables 9€; miércoles 6,50€; vie./sáb./festivos 10€",https://www.sensacine.com/cines/cine/E0808/,https://moobycinemas-balmes.admit-one.eu/?p=tickets&perfCode=187961&language=%s&theatre=%s,2026-10-08T06:57:20.417020+00:00
Verity. La sombra de un engaño,Verity,2026,Michael Showalter,"Thriller, Drama","Lowen Ashleigh es contratada como escritora fantasma por Jeremy Crawford para escribir las novelas de su esposa Verity, autora de bestsellers, impedida tras un accidente. Lowen descubre las inquietantes verdades de Verity mientras reside en casa de los Crawford para trabajar. (FILMAFFINITY)",https://pics.filmaffinity.com/verity-273395489-large.jpg,https://www.filmaffinity.com/es/evideos.php?movie_id=740344,5.3,6.0,33.0,71.0,Mooby Glòries,2026-10-08T16:00:00+02:00,Doblada,es,,,,unknown,"L–J laborables 9€; mié./jue. 6,50€; vie./sáb./festivos 10€",https://www.filmaffinity.com/es/theater-showtimes.php?id=226,https://moobycinemas-glorias.admit-one.eu/?p=tickets&perfCode=120716&language=esp&theatre=25,2026-09-21T09:17:45.870590+02:00
Verity. La sombra de un engaño,Verity,2026,Michael Showalter,"Thriller, Drama","Lowen Ashleigh es contratada como escritora fantasma por Jeremy Crawford para escribir las novelas de su esposa Verity, autora de bestsellers, impedida tras un accidente. Lowen descubre las inquietantes verdades de Verity mientras reside en casa de los Crawford para trabajar. (FILMAFFINITY)",https://pics.filmaffinity.com/verity-273395489-large.jpg,https://www.filmaffinity.com/es/evideos.php?movie_id=740344,5.3,6.0,33.0,71.0,Mooby Gran Sarrià Club,2026-10-08T16:00:00+02:00,Doblada,es,,Digital,,unknown,L–J laborables 11€; vie./sáb./festivos 13€,https://www.sensacine.com/cines/cine/E0447/,https://moobycinemas-sarria.admit-one.eu/?p=tickets&perfCode=117150&language=%s&theatre=%s,2026-10-08T06:57:37.078685+00:00
Mis queridísimos padres,Chers parents,2026,Emmanuel Patron,Comedia,"Tres hermanos acuden alarmados a la llamada urgente de sus padres y descubren que han ganado el premio gordo. La alegría se convierte en conflicto cuando los padres deciden no compartir el dinero, desatando tensiones familiares.",https://es.web.img3.acsta.net/c_160_213/img/b2/05/b205794bbe2ae022a579facd1a6bf2f4.jpg,https://www.filmaffinity.com/es/evideos.php?movie_id=959467,,5.6,,,Mooby Gran Sarrià Club,2026-10-08T16:00:00+02:00,Doblada,es,,Digital,,unknown,L–J laborables 11€; vie./sáb./festivos 13€,https://www.sensacine.com/cines/cine/E0447/,https://moobycinemas-sarria.admit-one.eu/?p=tickets&perfCode=117470&language=%s&theatre=%s,2026-10-08T06:57:37.078685+00:00
Digger,Digger,2026,Alejandro González Iñárritu,"Acción, Comedia","El hombre más poderoso del mundo provoca un desastre que amenaza a la humanidad. Para redimirse, emprende una misión arriesgada con el objetivo de convertirse en su salvador.",https://es.web.img3.acsta.net/c_160_213/img/0f/c9/0fc9092d6e2afd046417684533c535c4.jpg,https://www.youtube.com/watch?v=xU2jWSsaWY0,6.4,,,,Mooby Gran Sarrià Club,2026-10-08T16:00:00+02:00,Doblada,es,,Digital,,unknown,L–J laborables 11€; vie./sáb./festivos 13€,https://www.sensacine.com/cines/cine/E0447/,https://moobycinemas-sarria.admit-one.eu/?p=tickets&perfCode=117468&language=%s&theatre=%s,2026-10-08T06:57:37.078685+00:00
LA BOLA NEGRA,La bola negra,2026,"Javier Ambrossi, Javier Calvo",Drama,"ESTRENO EL VIERNES 25 DE SEPTIEMBRE. Las vidas interconectadas de tres hombres en tres épocas distintas. Tres existencias íntimamente ligadas por la sexualidad y el deseo, el dolor y la herencia; y una de las últimas obras, inacabada, de Federico García Lorca. Proyección en Dolby Atmos y 4K",https://phenomena-experience.com/obj/LCinesD_dat/eventos/JPg000fb.jpg,https://www.youtube.com/watch?v=nXkdGP4VVWI,,8.0,92.0,,Mooby Gran Sarrià Club,2026-10-08T16:00:00+02:00,,es,,Digital,,unknown,L–J laborables 11€; vie./sáb./festivos 13€,https://www.sensacine.com/cines/cine/E0447/,https://moobycinemas-sarria.admit-one.eu/?p=tickets&perfCode=117464&language=%s&theatre=%s,2026-10-08T06:57:37.078685+00:00
Tiempo de victoria,Pressure,2026,Anthony Maras,"Guerra, Histórico, Suspense","En las horas previas al Día D, el meteorólogo James Stagg debe emitir un pronóstico crucial en medio de tensiones con el alto mando aliado. La decisión final recae en Dwight D. Eisenhower, quien debe elegir entre arriesgar la operación o retrasarla, con el destino de millones en juego.",https://es.web.img3.acsta.net/c_160_213/img/e7/7f/e77f7f1e452ff31c9d9e725e09efc602.jpg,https://www.filmaffinity.com/es/evideos.php?movie_id=177067,6.8,7.3,,,Mooby Gran Sarrià Club,2026-10-08T16:00:00+02:00,Doblada,es,,Digital,,unknown,L–J laborables 11€; vie./sáb./festivos 13€,https://www.sensacine.com/cines/cine/E0447/,https://moobycinemas-sarria.admit-one.eu/?p=tickets&perfCode=117456&language=%s&theatre=%s,2026-10-08T06:57:37.078685+00:00
LA BOLA NEGRA,La bola negra,2026,"Javier Ambrossi, Javier Calvo",Drama,"ESTRENO EL VIERNES 25 DE SEPTIEMBRE. Las vidas interconectadas de tres hombres en tres épocas distintas. Tres existencias íntimamente ligadas por la sexualidad y el deseo, el dolor y la herencia; y una de las últimas obras, inacabada, de Federico García Lorca. Proyección en Dolby Atmos y 4K",https://phenomena-experience.com/obj/LCinesD_dat/eventos/JPg000fb.jpg,https://www.youtube.com/watch?v=nXkdGP4VVWI,,8.0,92.0,,Renoir Floridablanca,2026-10-08T16:00:00+02:00,VO,es,,Digital,,unknown,"Taquilla: lun./mié. 5,50€; mar./jue. 8,50€; vie./sáb./dom. 9,80€",https://www.publicine.net/cartelera-cine/barcelona/renoir-floridablanca-cines,https://pillalas.com/pase/1089820/,2026-10-08T06:58:11.555621+00:00
HOMENATGE A CATALUNYA,,2025,Frédéric Goldbronn,,"Homenatge a Catalunya és el llibre de George Orwell en el qual explica el seu compromís amb la revolució i la Guerra Civil Espanyola. El documental és una obra plena d’imatges que procedeixen majoritàriament dels informes dels anarquistes de la CNT. En tornar a mostrar aquestes imatges, la pel·lícula ens permet compartir l’experiència d’Orwell a Espanya a través d’una mirada cinematogràfica.",https://espaitexas.cat/wp-content/uploads/2026/09/poster-homenatge-a-catalunya-bcn-film-fest-page-0001.jpg,,,,,,Espai Texas — Cinemes Texas,2026-10-08T16:00:00+02:00,VO,fr,ca,,5.0,published,Lunes–viernes 6€; jueves del espectador 4€; fin de semana 8€,https://espaitexas.cat/pelicula/homenatge-a-catalunya/,https://espaitexas.koobin.cat/ca/homenatge-a-catalunya-vosc-20261008-1600,2026-10-08T06:57:06.571211+00:00
VIURE LA TERRA,Shengxi zhidì,2025,Huo Meng,Drama,"Amb els seus pares treballant a la ciutat, Chuang , de deu anys, és criat per la resta de la família al seu poble natal. Allí, abrigallat per oncles i avis, viu una època agitada entre naixements, matrimonis, funerals i nombrosos canvis. Mentrestant, milers d’anys de tradició rural xoquen amb el progrés de la Xina a principis dels noranta. Un món en constant moviment.",https://espaitexas.cat/wp-content/uploads/2026/09/vivir-la-tierra-poster-espana-baja-768x1097.jpg,https://www.youtube.com/embed/o7l3vsZWCfw?feature=oembed,6.9,7.0,,,Espai Texas — Cinemes Texas,2026-10-08T16:00:00+02:00,VO,XINÈS,ca,,5.0,published,Lunes–viernes 6€; jueves del espectador 4€; fin de semana 8€,https://espaitexas.cat/pelicula/viure-la-terra/,https://espaitexas.koobin.cat/ca/viure-la-terra-vosc-20261008-1600,2026-10-08T06:57:03.001869+00:00
Mis queridísimos padres,Chers parents,2026,Emmanuel Patron,Comedia,"Tres hermanos acuden alarmados a la llamada urgente de sus padres y descubren que han ganado el premio gordo. La alegría se convierte en conflicto cuando los padres deciden no compartir el dinero, desatando tensiones familiares.",https://es.web.img3.acsta.net/c_160_213/img/b2/05/b205794bbe2ae022a579facd1a6bf2f4.jpg,https://www.filmaffinity.com/es/evideos.php?movie_id=959467,,5.6,,,Cinemes Verdi + Verdi Park,2026-10-08T16:00:00+02:00,VO,,es,Digital,,unknown,"Lunes 5,90€; martes–viernes 8,50€; sábados, domingos y festivos 10€",https://www.sensacine.com/cines/cine/E0608/,https://verdibcn.admit-one.eu/seats/220760,2026-10-08T06:57:00.396426+00:00
Bad Apples,Bad Apples,2025,Jonatan Etzler,"Comedia, Suspense","Bad Apples es una sátira de suspense protagonizada por Saoirse Ronan. María, una maestra de primaria, lucha por controlar a una clase desbordada por un estudiante problemático. Cuando su carrera empieza a peligrar, toma decisiones equivocadas que la llevan a encerrar al niño en su casa.",https://es.web.img3.acsta.net/c_160_213/img/c5/e8/c5e8159e5734a4afbd746323d65ea2ef.jpg,https://www.youtube.com/watch?v=J6Y075CoJbE,6.9,7.1,,,Cinemes Verdi + Verdi Park,2026-10-08T16:00:00+02:00,VO,,es,Digital,,unknown,"Lunes 5,90€; martes–viernes 8,50€; sábados, domingos y festivos 10€",https://www.sensacine.com/cines/cine/E0608/,https://verdibcn.admit-one.eu/seats/220741,2026-10-08T06:57:00.396426+00:00
Cinco segundos,Cinque secondi,2025,Paolo Virzì,Comedia dramática,"Atormentado por la culpa, un abogado se retira en soledad a la campiña toscana mientras aguarda el juicio por la muerte accidental de su joven hija enferma de ELA. Su aislamiento cambia por completo con la llegada de una joven condesa que busca revivir los viñedos locales, despertando en él un tardío afecto paterno.",https://es.web.img2.acsta.net/c_160_213/img/1c/50/1c503f69f2c5a94a797895eaee2c1101.jpg,https://www.youtube.com/embed/OWkn1HONVzg?feature=oembed,,6.8,,,Cinemes Verdi + Verdi Park,2026-10-08T16:00:00+02:00,VO,,es,Digital,,unknown,"Lunes 5,90€; martes–viernes 8,50€; sábados, domingos y festivos 10€",https://www.sensacine.com/cines/cine/E0608/,https://verdibcn.admit-one.eu/seats/220761,2026-10-08T06:57:00.396426+00:00
Digger,Digger,2026,Alejandro González Iñárritu,"Acción, Comedia","El hombre más poderoso del mundo provoca un desastre que amenaza a la humanidad. Para redimirse, emprende una misión arriesgada con el objetivo de convertirse en su salvador.",https://es.web.img3.acsta.net/c_160_213/img/0f/c9/0fc9092d6e2afd046417684533c535c4.jpg,https://www.youtube.com/watch?v=xU2jWSsaWY0,6.4,,,,Cinemes Verdi + Verdi Park,2026-10-08T16:00:00+02:00,VO,,es,Digital,,unknown,"Lunes 5,90€; martes–viernes 8,50€; sábados, domingos y festivos 10€",https://www.sensacine.com/cines/cine/E0608/,https://verdibcn.admit-one.eu/seats/220740,2026-10-08T06:57:00.396426+00:00
LA BOLA NEGRA,La bola negra,2026,"Javier Ambrossi, Javier Calvo",Drama,"ESTRENO EL VIERNES 25 DE SEPTIEMBRE. Las vidas interconectadas de tres hombres en tres épocas distintas. Tres existencias íntimamente ligadas por la sexualidad y el deseo, el dolor y la herencia; y una de las últimas obras, inacabada, de Federico García Lorca. Proyección en Dolby Atmos y 4K",https://phenomena-experience.com/obj/LCinesD_dat/eventos/JPg000fb.jpg,https://www.youtube.com/watch?v=nXkdGP4VVWI,,8.0,92.0,,Cinemes Verdi + Verdi Park,2026-10-08T16:00:00+02:00,,es,,Digital,,unknown,"Lunes 5,90€; martes–viernes 8,50€; sábados, domingos y festivos 10€",https://www.sensacine.com/cines/cine/E0608/,https://verdibcn.admit-one.eu/seats/220655,2026-10-08T06:57:00.396426+00:00
Tiempo de victoria,Pressure,2026,Anthony Maras,"Guerra, Histórico, Suspense","En las horas previas al Día D, el meteorólogo James Stagg debe emitir un pronóstico crucial en medio de tensiones con el alto mando aliado. La decisión final recae en Dwight D. Eisenhower, quien debe elegir entre arriesgar la operación o retrasarla, con el destino de millones en juego.",https://es.web.img3.acsta.net/c_160_213/img/e7/7f/e77f7f1e452ff31c9d9e725e09efc602.jpg,https://www.filmaffinity.com/es/evideos.php?movie_id=177067,6.8,7.3,,,Cinemes Verdi + Verdi Park,2026-10-08T16:00:00+02:00,VO,,es,Digital,,unknown,"Lunes 5,90€; martes–viernes 8,50€; sábados, domingos y festivos 10€",https://www.sensacine.com/cines/cine/E0608/,https://verdibcn.admit-one.eu/seats/220763,2026-10-08T06:57:00.396426+00:00
Este / Oeste,Zwei zu Eins,2024,Natja Brunckhorst,Comedia,"Ali regresa a Isla Azul y se debate entre la estabilidad que ofrece Rodrigo y la libertad que descubre con Marc. En medio de un conflicto que pone en peligro la isla, deberá decidir su futuro y su verdadera identidad.",https://es.web.img3.acsta.net/c_160_213/img/78/a3/78a3b885cfda07517b24664dc2fbb9e6.jpg,https://www.filmaffinity.com/es/evideos.php?movie_id=210741,,6.1,83.0,,Cinemes Verdi + Verdi Park,2026-10-08T16:00:00+02:00,VO,,es,Digital,,unknown,"Lunes 5,90€; martes–viernes 8,50€; sábados, domingos y festivos 10€",https://www.sensacine.com/cines/cine/E0608/,https://verdibcn.admit-one.eu/seats/220743,2026-10-08T06:57:00.396426+00:00
Cronos,Cronos,2026,Fernando González Molina,"Drama, Suspense","La película sigue la operación Cronos, activada tras el atentado en Las Ramblas, durante cuatro días de tensión y confusión. La misión culmina con la captura del último terrorista, dejando heridas abiertas y un país marcado por el miedo y la frustración.",https://es.web.img3.acsta.net/c_160_213/img/68/13/6813bcb516cf8f5787c00a1d9a5ea6b0.jpg,https://www.youtube.com/watch?v=XymFT_jUeXY,6.2,6.7,,,Cinemes Verdi + Verdi Park,2026-10-08T16:00:00+02:00,VO,,es,Digital,,unknown,"Lunes 5,90€; martes–viernes 8,50€; sábados, domingos y festivos 10€",https://www.sensacine.com/cines/cine/E0608/,https://verdibcn.admit-one.eu/seats/220744,2026-10-08T06:57:00.396426+00:00
La isla olvidada,Forgotten Island,2026,"Joel Crawford , Januel P. Mercado","Animación, Aventura, Comedia",Un grupo de personajes se encuentra en una isla mágica de la mitología filipina que había permanecido olvidada durante mucho tiempo.,https://es.web.img2.acsta.net/c_160_213/img/ee/16/ee161d327f52a9e974075b7c17d32d10.jpg,https://www.youtube.com/watch?v=2NNDuXJ7C7E,,7.8,95.0,95.0,Cinesa Diagonal,2026-10-08T16:05:00+02:00,,,,Digital,,unknown,"Tarifa variable; seleccionar cine, fecha y sesión",https://www.publicine.net/cartelera-cine/barcelona/cinesa-diagonal,https://web.cinesa.es/compra/butacas/?showtimeId=012-55240,2026-10-08T06:57:43.478267+00:00
Coyote vs. ACME,Coyote vs. Acme,2026,Dave Green,"Animación, Aventura, Comedia","Cansado de que los productos defectuosos de Acme arruinen sus planes, el Coyote contrata a un abogado para demandar a la corporación, ahora dirigida por un despiadado exjefe de su defensor. Juntos forjarán una inesperada amistad mientras luchan en los tribunales.",https://es.web.img3.acsta.net/c_160_213/img/18/4e/184e275eb73de363b01c7c3637407fcd.jpg,https://www.filmaffinity.com/es/evideos.php?movie_id=523116,6.7,7.4,96.0,94.0,Mooby Balmes,2026-10-08T16:10:00+02:00,VO,,es,Digital,,unknown,"L–J laborables 9€; miércoles 6,50€; vie./sáb./festivos 10€",https://www.sensacine.com/cines/cine/E0808/,https://moobycinemas-balmes.admit-one.eu/?p=tickets&perfCode=187964&language=%s&theatre=%s,2026-10-08T06:57:20.417020+00:00
La isla olvidada,Forgotten Island,2026,"Joel Crawford , Januel P. Mercado","Animación, Aventura, Comedia",Un grupo de personajes se encuentra en una isla mágica de la mitología filipina que había permanecido olvidada durante mucho tiempo.,https://es.web.img2.acsta.net/c_160_213/img/ee/16/ee161d327f52a9e974075b7c17d32d10.jpg,https://www.youtube.com/watch?v=2NNDuXJ7C7E,,7.8,95.0,95.0,Cine Yelmo Westfield La Maquinista,2026-10-08T16:10:00+02:00,,,,Digital,,unknown,Tarifa variable; consultar el pase de La Maquinista,https://www.publicine.net/cartelera-cine/barcelona/yelmo-westfield-la-maquinista,https://cine.entradas.com/cine/barcelona/cine-yelmo-westfield-la-maquinista/evento/46394/la-isla-olvidada?mode=widget&change=0&ref=744,2026-10-08T06:58:01.153187+00:00
Digger,Digger,2026,Alejandro González Iñárritu,"Acción, Comedia","El hombre más poderoso del mundo provoca un desastre que amenaza a la humanidad. Para redimirse, emprende una misión arriesgada con el objetivo de convertirse en su salvador.",https://es.web.img3.acsta.net/c_160_213/img/0f/c9/0fc9092d6e2afd046417684533c535c4.jpg,https://www.youtube.com/watch?v=xU2jWSsaWY0,6.4,,,,Cinesa Diagonal,2026-10-08T16:15:00+02:00,,,,Digital,,unknown,"Tarifa variable; seleccionar cine, fecha y sesión",https://www.publicine.net/cartelera-cine/barcelona/cinesa-diagonal,https://web.cinesa.es/compra/butacas/?showtimeId=012-55243,2026-10-08T06:57:43.478267+00:00
Digger,Digger,2026,Alejandro González Iñárritu,"Acción, Comedia","El hombre más poderoso del mundo provoca un desastre que amenaza a la humanidad. Para redimirse, emprende una misión arriesgada con el objetivo de convertirse en su salvador.",https://es.web.img3.acsta.net/c_160_213/img/0f/c9/0fc9092d6e2afd046417684533c535c4.jpg,https://www.youtube.com/watch?v=xU2jWSsaWY0,6.4,,,,Cinesa Diagonal Mar,2026-10-08T16:15:00+02:00,Doblada,,,IMAX,,unknown,"Tarifa variable; seleccionar cine, fecha y sesión",https://www.publicine.net/cartelera-cine/barcelona/cinesa-diagonal-mar,https://web.cinesa.es/compra/butacas/?showtimeId=032-58920,2026-10-08T06:57:49.911074+00:00
Digger,Digger,2026,Alejandro González Iñárritu,"Acción, Comedia","El hombre más poderoso del mundo provoca un desastre que amenaza a la humanidad. Para redimirse, emprende una misión arriesgada con el objetivo de convertirse en su salvador.",https://es.web.img3.acsta.net/c_160_213/img/0f/c9/0fc9092d6e2afd046417684533c535c4.jpg,https://www.youtube.com/watch?v=xU2jWSsaWY0,6.4,,,,Cinesa SOM Multiespai,2026-10-08T16:15:00+02:00,Doblada,,,Digital,,unknown,"Tarifa variable; seleccionar cine, fecha y sesión",https://www.publicine.net/cartelera-cine/barcelona/cinesa-som-multiespai-heron-city,https://web.cinesa.es/compra/butacas/?showtimeId=017-60659,2026-10-08T06:57:56.221234+00:00
Verity. La sombra de un engaño,Verity,2026,Michael Showalter,"Thriller, Drama","Lowen Ashleigh es contratada como escritora fantasma por Jeremy Crawford para escribir las novelas de su esposa Verity, autora de bestsellers, impedida tras un accidente. Lowen descubre las inquietantes verdades de Verity mientras reside en casa de los Crawford para trabajar. (FILMAFFINITY)",https://pics.filmaffinity.com/verity-273395489-large.jpg,https://www.filmaffinity.com/es/evideos.php?movie_id=740344,5.3,6.0,33.0,71.0,Mooby Balmes,2026-10-08T16:15:00+02:00,VO,,es,Digital,,unknown,"L–J laborables 9€; miércoles 6,50€; vie./sáb./festivos 10€",https://www.sensacine.com/cines/cine/E0808/,https://moobycinemas-balmes.admit-one.eu/?p=tickets&perfCode=187527&language=%s&theatre=%s,2026-10-08T06:57:20.417020+00:00
LA BOLA NEGRA,La bola negra,2026,"Javier Ambrossi, Javier Calvo",Drama,"ESTRENO EL VIERNES 25 DE SEPTIEMBRE. Las vidas interconectadas de tres hombres en tres épocas distintas. Tres existencias íntimamente ligadas por la sexualidad y el deseo, el dolor y la herencia; y una de las últimas obras, inacabada, de Federico García Lorca. Proyección en Dolby Atmos y 4K",https://phenomena-experience.com/obj/LCinesD_dat/eventos/JPg000fb.jpg,https://www.youtube.com/watch?v=nXkdGP4VVWI,,8.0,92.0,,Cine Yelmo Westfield La Maquinista,2026-10-08T16:15:00+02:00,,,,Digital,,unknown,Tarifa variable; consultar el pase de La Maquinista,https://www.publicine.net/cartelera-cine/barcelona/yelmo-westfield-la-maquinista,https://cine.entradas.com/cine/barcelona/cine-yelmo-westfield-la-maquinista/evento/46395/la-bola-negra?mode=widget&change=0&ref=744,2026-10-08T06:58:01.153187+00:00
Tiempo de victoria,Pressure,2026,Anthony Maras,"Guerra, Histórico, Suspense","En las horas previas al Día D, el meteorólogo James Stagg debe emitir un pronóstico crucial en medio de tensiones con el alto mando aliado. La decisión final recae en Dwight D. Eisenhower, quien debe elegir entre arriesgar la operación o retrasarla, con el destino de millones en juego.",https://es.web.img3.acsta.net/c_160_213/img/e7/7f/e77f7f1e452ff31c9d9e725e09efc602.jpg,https://www.filmaffinity.com/es/evideos.php?movie_id=177067,6.8,7.3,,,Mooby Balmes,2026-10-08T16:20:00+02:00,VO,,es,Digital,,unknown,"L–J laborables 9€; miércoles 6,50€; vie./sáb./festivos 10€",https://www.sensacine.com/cines/cine/E0808/,https://moobycinemas-balmes.admit-one.eu/?p=tickets&perfCode=187971&language=%s&theatre=%s,2026-10-08T06:57:20.417020+00:00
El ser querido,El ser querido,2026,Rodrigo Sorogoyen,Drama,"Un director de cine en declive elige a su hija, una actriz sin éxito, como protagonista de su nueva película, lo que los obliga a enfrentar su difícil relación y un pasado lleno de tensiones. Durante el rodaje, emergen viejos resentimientos y heridas no resueltas.",https://es.web.img3.acsta.net/c_160_213/img/6a/19/6a198e1c5149b89b1c8e72f06b68f212.jpeg,https://www.youtube.com/watch?v=ApdPm1KWUcc,7.2,7.2,83.0,,Mooby Gran Sarrià Club,2026-10-08T16:25:00+02:00,,es,,Digital,,unknown,L–J laborables 11€; vie./sáb./festivos 13€,https://www.sensacine.com/cines/cine/E0447/,https://moobycinemas-sarria.admit-one.eu/?p=tickets&perfCode=117460&language=%s&theatre=%s,2026-10-08T06:57:37.078685+00:00
LA BOLA NEGRA,La bola negra,2026,"Javier Ambrossi, Javier Calvo",Drama,"ESTRENO EL VIERNES 25 DE SEPTIEMBRE. Las vidas interconectadas de tres hombres en tres épocas distintas. Tres existencias íntimamente ligadas por la sexualidad y el deseo, el dolor y la herencia; y una de las últimas obras, inacabada, de Federico García Lorca. Proyección en Dolby Atmos y 4K",https://phenomena-experience.com/obj/LCinesD_dat/eventos/JPg000fb.jpg,https://www.youtube.com/watch?v=nXkdGP4VVWI,,8.0,92.0,,Cinesa Diagonal,2026-10-08T16:30:00+02:00,,,,Digital,,unknown,"Tarifa variable; seleccionar cine, fecha y sesión",https://www.publicine.net/cartelera-cine/barcelona/cinesa-diagonal,https://web.cinesa.es/compra/butacas/?showtimeId=012-55246,2026-10-08T06:57:43.478267+00:00
LA BOLA NEGRA,La bola negra,2026,"Javier Ambrossi, Javier Calvo",Drama,"ESTRENO EL VIERNES 25 DE SEPTIEMBRE. Las vidas interconectadas de tres hombres en tres épocas distintas. Tres existencias íntimamente ligadas por la sexualidad y el deseo, el dolor y la herencia; y una de las últimas obras, inacabada, de Federico García Lorca. Proyección en Dolby Atmos y 4K",https://phenomena-experience.com/obj/LCinesD_dat/eventos/JPg000fb.jpg,https://www.youtube.com/watch?v=nXkdGP4VVWI,,8.0,92.0,,Cinesa Diagonal Mar,2026-10-08T16:30:00+02:00,Doblada,,,Digital,,unknown,"Tarifa variable; seleccionar cine, fecha y sesión",https://www.publicine.net/cartelera-cine/barcelona/cinesa-diagonal-mar,https://web.cinesa.es/compra/butacas/?showtimeId=032-58921,2026-10-08T06:57:49.911074+00:00
LA BOLA NEGRA,La bola negra,2026,"Javier Ambrossi, Javier Calvo",Drama,"ESTRENO EL VIERNES 25 DE SEPTIEMBRE. Las vidas interconectadas de tres hombres en tres épocas distintas. Tres existencias íntimamente ligadas por la sexualidad y el deseo, el dolor y la herencia; y una de las últimas obras, inacabada, de Federico García Lorca. Proyección en Dolby Atmos y 4K",https://phenomena-experience.com/obj/LCinesD_dat/eventos/JPg000fb.jpg,https://www.youtube.com/watch?v=nXkdGP4VVWI,,8.0,92.0,,Cinesa SOM Multiespai,2026-10-08T16:30:00+02:00,Doblada,,,Digital,,unknown,"Tarifa variable; seleccionar cine, fecha y sesión",https://www.publicine.net/cartelera-cine/barcelona/cinesa-som-multiespai-heron-city,https://web.cinesa.es/compra/butacas/?showtimeId=017-60660,2026-10-08T06:57:56.221234+00:00
La Odisea,The Odyssey,2026,Christopher Nolan,"Acción, Fantasía","Tras la guerra de Troya, Odiseo se enfrenta un peligroso viaje de 10 años para regresar a Ítaca, superando dioses, monstruos y desafíos épicos. Mientras tanto, su esposa Penélope resiste a los pretendientes que amenazan su reino.",https://es.web.img3.acsta.net/c_160_213/img/1a/23/1a238e79ea26da69c2ff751c232c60e3.png,https://www.youtube.com/watch?v=NUIIc9gZOcQ,7.6,8.4,,,Mooby Gran Sarrià Club,2026-10-08T16:40:00+02:00,Doblada,es,,Digital,,unknown,L–J laborables 11€; vie./sáb./festivos 13€,https://www.sensacine.com/cines/cine/E0447/,https://moobycinemas-sarria.admit-one.eu/?p=tickets&perfCode=117477&language=%s&theatre=%s,2026-10-08T06:57:37.078685+00:00
En el corazón de la bestia,Heart Of The Beast,2026,David Ayer,"Acción, Aventura","Un ex soldado herido y su perro militar luchan por sobrevivir en la naturaleza salvaje de Alaska. Enfrentando frío, soledad y peligros constantes, su vínculo será clave para regresar a casa.",https://es.web.img3.acsta.net/c_160_213/img/06/8b/068b23e941178cfd676278b44064f0e9.jpg,https://www.youtube.com/watch?v=Rh24D89hFMg,6.4,7.3,85.0,94.0,Cine Yelmo Westfield La Maquinista,2026-10-08T16:40:00+02:00,,,,Digital,,unknown,Tarifa variable; consultar el pase de La Maquinista,https://www.publicine.net/cartelera-cine/barcelona/yelmo-westfield-la-maquinista,https://cine.entradas.com/cine/barcelona/cine-yelmo-westfield-la-maquinista/evento/46396/en-el-corazon-de-la-bestia?mode=widget&change=0&ref=744,2026-10-08T06:58:01.153187+00:00
Tadeo Jones Y La Lámpara Maravillosa,Tadeo Jones y la lámpara maravillosa,2026,Enrique Gato,"Animación, Aventuras","Tadeo y Sara deben impedir que Momia, celoso de haber perdido protagonismo, altere la historia tras viajar al pasado. Su aventura los lleva desde Londres hasta Paititi, Grecia y la cueva de Alí Babá, para devolver al grupo a su época.",https://www.publicine.net/img/pel/full/16440f_tadeo-jones-y-la-lampara-maravillosa.webp,https://www.youtube.com/watch?v=a7IDTIIFNSo,6.1,6.5,,,Cinesa Diagonal Mar,2026-10-08T16:45:00+02:00,Doblada,,,Digital,,unknown,"Tarifa variable; seleccionar cine, fecha y sesión",https://www.publicine.net/cartelera-cine/barcelona/cinesa-diagonal-mar,https://web.cinesa.es/compra/butacas/?showtimeId=032-58948,2026-10-08T06:57:49.911074+00:00
Nuda propiedad,Nuda propiedad,2026,Alberto Utrera,Comedia,"Vera y Lucas, una pareja cercana a los cuarenta, adquiere un gran piso a mitad de precio mediante nuda propiedad, por la que el anciano dueño seguirá viviendo allí hasta morir. La solución se transforma en obsesión cuando el propietario reaparece rejuvenecido y cambiado, empujando a la pareja a considerar un plan tan absurdo como tentador.",https://es.web.img2.acsta.net/c_160_213/img/8b/41/8b41f589b7d2c592a1d32274a391e7de.jpg,https://www.youtube.com/watch?v=a7uHAtK2wCY,5.9,6.9,,,Cinesa SOM Multiespai,2026-10-08T16:45:00+02:00,Doblada,,,Digital,,unknown,"Tarifa variable; seleccionar cine, fecha y sesión",https://www.publicine.net/cartelera-cine/barcelona/cinesa-som-multiespai-heron-city,https://web.cinesa.es/compra/butacas/?showtimeId=017-60708,2026-10-08T06:57:56.221234+00:00
En el corazón de la bestia,Heart Of The Beast,2026,David Ayer,"Acción, Aventura","Un ex soldado herido y su perro militar luchan por sobrevivir en la naturaleza salvaje de Alaska. Enfrentando frío, soledad y peligros constantes, su vínculo será clave para regresar a casa.",https://es.web.img3.acsta.net/c_160_213/img/06/8b/068b23e941178cfd676278b44064f0e9.jpg,https://www.youtube.com/watch?v=Rh24D89hFMg,6.4,7.3,85.0,94.0,Cinesa Diagonal,2026-10-08T16:50:00+02:00,,,,Digital,,unknown,"Tarifa variable; seleccionar cine, fecha y sesión",https://www.publicine.net/cartelera-cine/barcelona/cinesa-diagonal,https://web.cinesa.es/compra/butacas/?showtimeId=012-55248,2026-10-08T06:57:43.478267+00:00
En el corazón de la bestia,Heart Of The Beast,2026,David Ayer,"Acción, Aventura","Un ex soldado herido y su perro militar luchan por sobrevivir en la naturaleza salvaje de Alaska. Enfrentando frío, soledad y peligros constantes, su vínculo será clave para regresar a casa.",https://es.web.img3.acsta.net/c_160_213/img/06/8b/068b23e941178cfd676278b44064f0e9.jpg,https://www.youtube.com/watch?v=Rh24D89hFMg,6.4,7.3,85.0,94.0,Cinesa Diagonal Mar,2026-10-08T16:50:00+02:00,VO,,es,Digital,,unknown,"Tarifa variable; seleccionar cine, fecha y sesión",https://www.publicine.net/cartelera-cine/barcelona/cinesa-diagonal-mar,https://web.cinesa.es/compra/butacas/?showtimeId=032-58944,2026-10-08T06:57:49.911074+00:00
LA BOLA NEGRA,La bola negra,2026,"Javier Ambrossi, Javier Calvo",Drama,"ESTRENO EL VIERNES 25 DE SEPTIEMBRE. Las vidas interconectadas de tres hombres en tres épocas distintas. Tres existencias íntimamente ligadas por la sexualidad y el deseo, el dolor y la herencia; y una de las últimas obras, inacabada, de Federico García Lorca. Proyección en Dolby Atmos y 4K",https://phenomena-experience.com/obj/LCinesD_dat/eventos/JPg000fb.jpg,https://www.youtube.com/watch?v=nXkdGP4VVWI,,8.0,92.0,,Cine Yelmo Westfield La Maquinista,2026-10-08T16:55:00+02:00,,,,Digital,,unknown,Tarifa variable; consultar el pase de La Maquinista,https://www.publicine.net/cartelera-cine/barcelona/yelmo-westfield-la-maquinista,https://cine.entradas.com/cine/barcelona/cine-yelmo-westfield-la-maquinista/evento/46397/la-bola-negra?mode=widget&change=0&ref=744,2026-10-08T06:58:01.153187+00:00
En el corazón de la bestia,Heart Of The Beast,2026,David Ayer,"Acción, Aventura","Un ex soldado herido y su perro militar luchan por sobrevivir en la naturaleza salvaje de Alaska. Enfrentando frío, soledad y peligros constantes, su vínculo será clave para regresar a casa.",https://es.web.img3.acsta.net/c_160_213/img/06/8b/068b23e941178cfd676278b44064f0e9.jpg,https://www.youtube.com/watch?v=Rh24D89hFMg,6.4,7.3,85.0,94.0,Cinesa SOM Multiespai,2026-10-08T17:00:00+02:00,Doblada,,,Digital,,unknown,"Tarifa variable; seleccionar cine, fecha y sesión",https://www.publicine.net/cartelera-cine/barcelona/cinesa-som-multiespai-heron-city,https://web.cinesa.es/compra/butacas/?showtimeId=017-60661,2026-10-08T06:57:56.221234+00:00
Epílogo | Gonzalo Suárez: Goya d’Honor 2026,,1983,Gonzalo Suárez,,"Gonzalo Suárez: Goya d’Honor 2026 Gonzalo Suárez va rebre el gran guardó honorífic del cinema espanyol a Barcelona, la ciutat on va dirigir les seves primeres pel·lícules, per “una trajectòria des de la qual ha desenvolupat una filmografia sorprenent, en la qual ha experimentat amb tots els gèneres i des de totes les actituds, i que ha contribuït a convertir-lo en un home clau de la cultura espanyola dels darrers seixanta anys, sent, a més, un referent indubtable d’intel·ligència i sentit de l’humor”.",,,,,,,Filmoteca de Catalunya — Sales Chomón i Laya,2026-10-08T17:00:00+02:00,VO,es,,Digital,,unknown,General 4€; reducida 3€; programación infantil 2€,https://www.filmoteca.cat/web/ca/film/epilogo-gonzalo-suarez-goya-dhonor-2026,https://euromus.cultura.gencat.cat/filmoteca/venda/index.jsp?lang=1&nom_cache=FILMOTECA&property=FILMOTECA&codiActiv=983&codiCicle=11,2026-10-08T06:57:49.602696+00:00
En xancletes a l'Himàlaia,En tongs au pied de l’Himalaya,2024,John Wax,"Drama, Comedia","La Pauline és la mare de l’Andréa, un nen de 6 anys i mig formidable a qui han diagnosticat trastorn de l’espectre autista. Tot i tenir dificultats d’aprenentatge, continua escolaritzat i aviat començarà l’últim curs d’educació infantil. La Pauline, que no té estabilitat financera i s’acaba de separar del Fabrice —el pare de l’Andréa—, encadena una desgràcia darrere l’altra. Tanmateix, per a l’Andréa és un any decisiu que determinarà si pot continuar escolaritzat i, així, tenir més possibilitats de millora. Però per aconseguir-ho, necessita estabilitat i, per a la Pauline, donar-n’hi és gairebé com escalar l’Himàlaia en xancletes…",https://www.cinemamalda.com/wp-content/uploads/2026/09/cartell-himalaia-cat-500x680.jpg,https://player.vimeo.com/video/1219285638?dnt=1&app_id=122963,,6.1,,,Cinema Maldà,2026-10-08T17:00:00+02:00,VO,fr,ca,,5.9,published,"Entrada por día: lun./mié. 5,90€; mar./jue./vie. 7,50€; sábados y festivos 9€ | Muestra MEX 2026: entrada publicada de 3 €",https://www.cinemamalda.com/,,2026-10-08T06:57:00.672209+00:00
LA BOLA NEGRA,La bola negra,2026,"Javier Ambrossi, Javier Calvo",Drama,"ESTRENO EL VIERNES 25 DE SEPTIEMBRE. Las vidas interconectadas de tres hombres en tres épocas distintas. Tres existencias íntimamente ligadas por la sexualidad y el deseo, el dolor y la herencia; y una de las últimas obras, inacabada, de Federico García Lorca. Proyección en Dolby Atmos y 4K",https://phenomena-experience.com/obj/LCinesD_dat/eventos/JPg000fb.jpg,https://www.youtube.com/watch?v=nXkdGP4VVWI,,8.0,92.0,,Mooby Gran Sarrià Club,2026-10-08T17:00:00+02:00,,es,,Digital,,unknown,L–J laborables 11€; vie./sáb./festivos 13€,https://www.sensacine.com/cines/cine/E0447/,https://moobycinemas-sarria.admit-one.eu/?p=tickets&perfCode=117462&language=%s&theatre=%s,2026-10-08T06:57:37.078685+00:00
El ser querido,El ser querido,2026,Rodrigo Sorogoyen,Drama,"Un director de cine en declive elige a su hija, una actriz sin éxito, como protagonista de su nueva película, lo que los obliga a enfrentar su difícil relación y un pasado lleno de tensiones. Durante el rodaje, emergen viejos resentimientos y heridas no resueltas.",https://es.web.img3.acsta.net/c_160_213/img/6a/19/6a198e1c5149b89b1c8e72f06b68f212.jpeg,https://www.youtube.com/watch?v=ApdPm1KWUcc,7.2,7.2,83.0,,Cinemes Verdi + Verdi Park,2026-10-08T17:00:00+02:00,VO,,es,Digital,,unknown,"Lunes 5,90€; martes–viernes 8,50€; sábados, domingos y festivos 10€",https://www.sensacine.com/cines/cine/E0608/,https://verdibcn.admit-one.eu/seats/220748,2026-10-08T06:57:00.396426+00:00
Digger,Digger,2026,Alejandro González Iñárritu,"Acción, Comedia","El hombre más poderoso del mundo provoca un desastre que amenaza a la humanidad. Para redimirse, emprende una misión arriesgada con el objetivo de convertirse en su salvador.",https://es.web.img3.acsta.net/c_160_213/img/0f/c9/0fc9092d6e2afd046417684533c535c4.jpg,https://www.youtube.com/watch?v=xU2jWSsaWY0,6.4,,,,Cine Yelmo Westfield La Maquinista,2026-10-08T17:00:00+02:00,,,,Digital,,unknown,Tarifa variable; consultar el pase de La Maquinista,https://www.publicine.net/cartelera-cine/barcelona/yelmo-westfield-la-maquinista,https://www.publicine.net/venda/16322/59/aHR0cHM6Ly9jaW5lLmVudHJhZGFzLmNvbS9jaW5lL2JhcmNlbG9uYS9jaW5lLXllbG1vLXdlc3RmaWVsZC1sYS1tYXF1aW5pc3RhL2V2ZW50by80NjM5OC9kaWdnZXI/bW9kZT13aWRnZXQmY2hhbmdlPTAmcmVmPTc0NA,2026-10-08T06:58:01.153187+00:00
La Odisea,The Odyssey,2026,Christopher Nolan,"Acción, Fantasía","Tras la guerra de Troya, Odiseo se enfrenta un peligroso viaje de 10 años para regresar a Ítaca, superando dioses, monstruos y desafíos épicos. Mientras tanto, su esposa Penélope resiste a los pretendientes que amenazan su reino.",https://es.web.img3.acsta.net/c_160_213/img/1a/23/1a238e79ea26da69c2ff751c232c60e3.png,https://www.youtube.com/watch?v=NUIIc9gZOcQ,7.6,8.4,,,Cinesa Diagonal,2026-10-08T17:10:00+02:00,,,,Digital,,unknown,"Tarifa variable; seleccionar cine, fecha y sesión",https://www.publicine.net/cartelera-cine/barcelona/cinesa-diagonal,https://web.cinesa.es/compra/butacas/?showtimeId=012-55251,2026-10-08T06:57:43.478267+00:00
LA BOLA NEGRA,La bola negra,2026,"Javier Ambrossi, Javier Calvo",Drama,"ESTRENO EL VIERNES 25 DE SEPTIEMBRE. Las vidas interconectadas de tres hombres en tres épocas distintas. Tres existencias íntimamente ligadas por la sexualidad y el deseo, el dolor y la herencia; y una de las últimas obras, inacabada, de Federico García Lorca. Proyección en Dolby Atmos y 4K",https://phenomena-experience.com/obj/LCinesD_dat/eventos/JPg000fb.jpg,https://www.youtube.com/watch?v=nXkdGP4VVWI,,8.0,92.0,,Cinesa Diagonal,2026-10-08T17:15:00+02:00,,,,Digital,,unknown,"Tarifa variable; seleccionar cine, fecha y sesión",https://www.publicine.net/cartelera-cine/barcelona/cinesa-diagonal,https://web.cinesa.es/compra/butacas/?showtimeId=012-55254,2026-10-08T06:57:43.478267+00:00
Coyote vs. ACME,Coyote vs. Acme,2026,Dave Green,"Animación, Aventura, Comedia","Cansado de que los productos defectuosos de Acme arruinen sus planes, el Coyote contrata a un abogado para demandar a la corporación, ahora dirigida por un despiadado exjefe de su defensor. Juntos forjarán una inesperada amistad mientras luchan en los tribunales.",https://es.web.img3.acsta.net/c_160_213/img/18/4e/184e275eb73de363b01c7c3637407fcd.jpg,https://www.filmaffinity.com/es/evideos.php?movie_id=523116,6.7,7.4,96.0,94.0,Cinesa SOM Multiespai,2026-10-08T17:20:00+02:00,Doblada,,,Digital,,unknown,"Tarifa variable; seleccionar cine, fecha y sesión",https://www.publicine.net/cartelera-cine/barcelona/cinesa-som-multiespai-heron-city,https://web.cinesa.es/compra/butacas/?showtimeId=017-60662,2026-10-08T06:57:56.221234+00:00
Vengadores: Endgame (Reestreno),Avengers Endgame: Encore,,"Joe Russo , Anthony Russo","Acción, Aventura, Ciencia ficción","Tras la devastación causada por Thanos, el universo queda sumido en el caos y los Vengadores enfrentan su derrota más amarga. Mientras Tony Stark permanece varado en el espacio, el resto del equipo idea un plan desesperado para revertir la catástrofe. Reunidos con nuevos aliados, se preparan para una confrontación final que podría cambiarlo ...",https://es.web.img3.acsta.net/c_160_213/img/18/9c/189cfab1f23eaa68a37fa286ae1e28b1.jpg,,,,,,Cinesa Diagonal Mar,2026-10-08T17:25:00+02:00,VO,,es,Digital,,unknown,"Tarifa variable; seleccionar cine, fecha y sesión",https://www.sensacine.com/cines/cine/E0382/,https://www.cinesa.es/compra/butacas/?showtimeId=032-58922,2026-10-08T06:57:47.544472+00:00
Vengadores Endgame: Encore,,,"Joe Russo, Anthony Russo","Aventuras, Fantástico","El grave curso de los acontecimientos puesto en marcha por Thanos, el Titán loco, obliga a los Vengadores y a sus aliados a tomar una última posición para restaurar el orden en el universo al precio que sea.",https://www.publicine.net/img/pel/full/16350f_vengadores-endgame-encore.webp,https://www.youtube.com/watch?v=kJeJTYHUtW0,,,,,Cinesa Diagonal Mar,2026-10-08T17:25:00+02:00,VO,,es,,,unknown,"Tarifa variable; seleccionar cine, fecha y sesión",https://www.publicine.net/cartelera-cine/barcelona/cinesa-diagonal-mar,https://web.cinesa.es/compra/butacas/?showtimeId=032-58922,2026-10-08T06:57:49.911074+00:00
LA BOLA NEGRA,La bola negra,2026,"Javier Ambrossi, Javier Calvo",Drama,"ESTRENO EL VIERNES 25 DE SEPTIEMBRE. Las vidas interconectadas de tres hombres en tres épocas distintas. Tres existencias íntimamente ligadas por la sexualidad y el deseo, el dolor y la herencia; y una de las últimas obras, inacabada, de Federico García Lorca. Proyección en Dolby Atmos y 4K",https://phenomena-experience.com/obj/LCinesD_dat/eventos/JPg000fb.jpg,https://www.youtube.com/watch?v=nXkdGP4VVWI,,8.0,92.0,,Renoir Floridablanca,2026-10-08T17:25:00+02:00,,,,Digital,,unknown,"Taquilla: lun./mié. 5,50€; mar./jue. 8,50€; vie./sáb./dom. 9,80€",https://www.publicine.net/cartelera-cine/barcelona/renoir-floridablanca-cines,https://pillalas.com/pase/1089935/,2026-10-08T06:58:11.555621+00:00
Coyote vs. ACME,Coyote vs. Acme,2026,Dave Green,"Animación, Aventura, Comedia","Cansado de que los productos defectuosos de Acme arruinen sus planes, el Coyote contrata a un abogado para demandar a la corporación, ahora dirigida por un despiadado exjefe de su defensor. Juntos forjarán una inesperada amistad mientras luchan en los tribunales.",https://es.web.img3.acsta.net/c_160_213/img/18/4e/184e275eb73de363b01c7c3637407fcd.jpg,https://www.filmaffinity.com/es/evideos.php?movie_id=523116,6.7,7.4,96.0,94.0,Cine Yelmo Westfield La Maquinista,2026-10-08T17:25:00+02:00,,,,Digital,,unknown,Tarifa variable; consultar el pase de La Maquinista,https://www.publicine.net/cartelera-cine/barcelona/yelmo-westfield-la-maquinista,https://cine.entradas.com/cine/barcelona/cine-yelmo-westfield-la-maquinista/evento/46399/coyote-vs-acme?mode=widget&change=0&ref=744,2026-10-08T06:58:01.153187+00:00
Verity. La sombra de un engaño,Verity,2026,Michael Showalter,"Thriller, Drama","Lowen Ashleigh es contratada como escritora fantasma por Jeremy Crawford para escribir las novelas de su esposa Verity, autora de bestsellers, impedida tras un accidente. Lowen descubre las inquietantes verdades de Verity mientras reside en casa de los Crawford para trabajar. (FILMAFFINITY)",https://pics.filmaffinity.com/verity-273395489-large.jpg,https://www.filmaffinity.com/es/evideos.php?movie_id=740344,5.3,6.0,33.0,71.0,Cinesa Diagonal Mar,2026-10-08T17:30:00+02:00,VO,,es,Digital,,unknown,"Tarifa variable; seleccionar cine, fecha y sesión",https://www.publicine.net/cartelera-cine/barcelona/cinesa-diagonal-mar,https://web.cinesa.es/compra/butacas/?showtimeId=032-58933,2026-10-08T06:57:49.911074+00:00
Verity. La sombra de un engaño,Verity,2026,Michael Showalter,"Thriller, Drama","Lowen Ashleigh es contratada como escritora fantasma por Jeremy Crawford para escribir las novelas de su esposa Verity, autora de bestsellers, impedida tras un accidente. Lowen descubre las inquietantes verdades de Verity mientras reside en casa de los Crawford para trabajar. (FILMAFFINITY)",https://pics.filmaffinity.com/verity-273395489-large.jpg,https://www.filmaffinity.com/es/evideos.php?movie_id=740344,5.3,6.0,33.0,71.0,Cinesa SOM Multiespai,2026-10-08T17:30:00+02:00,Doblada,,,Digital,,unknown,"Tarifa variable; seleccionar cine, fecha y sesión",https://www.publicine.net/cartelera-cine/barcelona/cinesa-som-multiespai-heron-city,https://web.cinesa.es/compra/butacas/?showtimeId=017-60664,2026-10-08T06:57:56.221234+00:00
LA BOLA NEGRA,La bola negra,2026,"Javier Ambrossi, Javier Calvo",Drama,"ESTRENO EL VIERNES 25 DE SEPTIEMBRE. Las vidas interconectadas de tres hombres en tres épocas distintas. Tres existencias íntimamente ligadas por la sexualidad y el deseo, el dolor y la herencia; y una de las últimas obras, inacabada, de Federico García Lorca. Proyección en Dolby Atmos y 4K",https://phenomena-experience.com/obj/LCinesD_dat/eventos/JPg000fb.jpg,https://www.youtube.com/watch?v=nXkdGP4VVWI,,8.0,92.0,,Cinesa SOM Multiespai,2026-10-08T17:30:00+02:00,Doblada,,,Digital,,unknown,"Tarifa variable; seleccionar cine, fecha y sesión",https://www.publicine.net/cartelera-cine/barcelona/cinesa-som-multiespai-heron-city,https://web.cinesa.es/compra/butacas/?showtimeId=017-60706,2026-10-08T06:57:56.221234+00:00
Spider-Man. Brand New Day,Spider-Man: Brand New Day,2026,Destin Daniel Cretton,"Acción, Aventuras, Fantástico","Tras cuatro años en el anonimato, Peter Parker vive aislado y dedicado por completo a proteger una Nueva York que ya no recuerda quién es Spider-Man. La creciente presión desata una peligrosa transformación en él mientras surge una nueva y poderosa amenaza criminal.",https://www.publicine.net/img/pel/full/16532f_spider-man-brand-new-day.webp,https://www.filmaffinity.com/es/evideos.php?movie_id=437038,,8.0,90.0,97.0,Mooby Balmes,2026-10-08T17:30:00+02:00,VO,,es,Digital,,unknown,"L–J laborables 9€; miércoles 6,50€; vie./sáb./festivos 10€",https://www.sensacine.com/cines/cine/E0808/,https://moobycinemas-balmes.admit-one.eu/?p=tickets&perfCode=187977&language=%s&theatre=%s,2026-10-08T06:57:20.417020+00:00
Verity. La sombra de un engaño,Verity,2026,Michael Showalter,"Thriller, Drama","Lowen Ashleigh es contratada como escritora fantasma por Jeremy Crawford para escribir las novelas de su esposa Verity, autora de bestsellers, impedida tras un accidente. Lowen descubre las inquietantes verdades de Verity mientras reside en casa de los Crawford para trabajar. (FILMAFFINITY)",https://pics.filmaffinity.com/verity-273395489-large.jpg,https://www.filmaffinity.com/es/evideos.php?movie_id=740344,5.3,6.0,33.0,71.0,Cine Yelmo Westfield La Maquinista,2026-10-08T17:30:00+02:00,,,,Digital,,unknown,Tarifa variable; consultar el pase de La Maquinista,https://www.publicine.net/cartelera-cine/barcelona/yelmo-westfield-la-maquinista,https://cine.entradas.com/cine/barcelona/cine-yelmo-westfield-la-maquinista/evento/46400/verity-la-sombra-de-un-engano?mode=widget&change=0&ref=744,2026-10-08T06:58:01.153187+00:00
El ser querido,El ser querido,2026,Rodrigo Sorogoyen,Drama,"Un director de cine en declive elige a su hija, una actriz sin éxito, como protagonista de su nueva película, lo que los obliga a enfrentar su difícil relación y un pasado lleno de tensiones. Durante el rodaje, emergen viejos resentimientos y heridas no resueltas.",https://es.web.img3.acsta.net/c_160_213/img/6a/19/6a198e1c5149b89b1c8e72f06b68f212.jpeg,https://www.youtube.com/watch?v=ApdPm1KWUcc,7.2,7.2,83.0,,Renoir Floridablanca,2026-10-08T17:40:00+02:00,,,,Digital,,unknown,"Taquilla: lun./mié. 5,50€; mar./jue. 8,50€; vie./sáb./dom. 9,80€",https://www.publicine.net/cartelera-cine/barcelona/renoir-floridablanca-cines,https://pillalas.com/pase/1089932/,2026-10-08T06:58:11.555621+00:00
Digger,Digger,2026,Alejandro González Iñárritu,"Acción, Comedia","El hombre más poderoso del mundo provoca un desastre que amenaza a la humanidad. Para redimirse, emprende una misión arriesgada con el objetivo de convertirse en su salvador.",https://es.web.img3.acsta.net/c_160_213/img/0f/c9/0fc9092d6e2afd046417684533c535c4.jpg,https://www.youtube.com/watch?v=xU2jWSsaWY0,6.4,,,,Cinesa SOM Multiespai,2026-10-08T17:45:00+02:00,VO,,es,Digital,,unknown,"Tarifa variable; seleccionar cine, fecha y sesión",https://www.publicine.net/cartelera-cine/barcelona/cinesa-som-multiespai-heron-city,https://web.cinesa.es/compra/butacas/?showtimeId=017-60665,2026-10-08T06:57:56.221234+00:00
Digger,Digger,2026,Alejandro González Iñárritu,"Acción, Comedia","El hombre más poderoso del mundo provoca un desastre que amenaza a la humanidad. Para redimirse, emprende una misión arriesgada con el objetivo de convertirse en su salvador.",https://es.web.img3.acsta.net/c_160_213/img/0f/c9/0fc9092d6e2afd046417684533c535c4.jpg,https://www.youtube.com/watch?v=xU2jWSsaWY0,6.4,,,,Renoir Floridablanca,2026-10-08T17:45:00+02:00,VO,,es,,,unknown,"Taquilla: lun./mié. 5,50€; mar./jue. 8,50€; vie./sáb./dom. 9,80€",https://www.publicine.net/cartelera-cine/barcelona/renoir-floridablanca-cines,https://pillalas.com/pase/1089870/,2026-10-08T06:58:11.555621+00:00
Verity. La sombra de un engaño,Verity,2026,Michael Showalter,"Thriller, Drama","Lowen Ashleigh es contratada como escritora fantasma por Jeremy Crawford para escribir las novelas de su esposa Verity, autora de bestsellers, impedida tras un accidente. Lowen descubre las inquietantes verdades de Verity mientras reside en casa de los Crawford para trabajar. (FILMAFFINITY)",https://pics.filmaffinity.com/verity-273395489-large.jpg,https://www.filmaffinity.com/es/evideos.php?movie_id=740344,5.3,6.0,33.0,71.0,Cinemes Verdi + Verdi Park,2026-10-08T17:45:00+02:00,VO,,es,Digital,,unknown,"Lunes 5,90€; martes–viernes 8,50€; sábados, domingos y festivos 10€",https://www.sensacine.com/cines/cine/E0608/,https://verdibcn.admit-one.eu/seats/220757,2026-10-08T06:57:00.396426+00:00
La Odisea,The Odyssey,2026,Christopher Nolan,"Acción, Fantasía","Tras la guerra de Troya, Odiseo se enfrenta un peligroso viaje de 10 años para regresar a Ítaca, superando dioses, monstruos y desafíos épicos. Mientras tanto, su esposa Penélope resiste a los pretendientes que amenazan su reino.",https://es.web.img3.acsta.net/c_160_213/img/1a/23/1a238e79ea26da69c2ff751c232c60e3.png,https://www.youtube.com/watch?v=NUIIc9gZOcQ,7.6,8.4,,,Phenomena Experience,2026-10-08T17:50:00+02:00,VO,,es,70 mm,18.0,published,Precio según pase; consultar la ficha de la película,https://phenomena-experience.com/index?pag=cartelera,https://www.reservaentradas.com/entrada/barcelona/phenomenaexperience/la-odisea-proyeccion-en-70-mm-dts-y-vose/13578/,2026-10-08T06:57:05.017772+00:00
Vengadores Endgame: Encore,,,"Joe Russo, Anthony Russo","Aventuras, Fantástico","El grave curso de los acontecimientos puesto en marcha por Thanos, el Titán loco, obliga a los Vengadores y a sus aliados a tomar una última posición para restaurar el orden en el universo al precio que sea.",https://www.publicine.net/img/pel/full/16350f_vengadores-endgame-encore.webp,https://www.youtube.com/watch?v=kJeJTYHUtW0,,,,,Cine Yelmo Westfield La Maquinista,2026-10-08T17:50:00+02:00,,,,3D,,unknown,Tarifa variable; consultar el pase de La Maquinista,https://www.publicine.net/cartelera-cine/barcelona/yelmo-westfield-la-maquinista,https://cine.entradas.com/cine/barcelona/cine-yelmo-westfield-la-maquinista/evento/46401/vengadores-endgame-encore-infinity-vision?mode=widget&change=0&ref=744,2026-10-08T06:58:01.153187+00:00
Digger,Digger,2026,Alejandro González Iñárritu,"Acción, Comedia","El hombre más poderoso del mundo provoca un desastre que amenaza a la humanidad. Para redimirse, emprende una misión arriesgada con el objetivo de convertirse en su salvador.",https://es.web.img3.acsta.net/c_160_213/img/0f/c9/0fc9092d6e2afd046417684533c535c4.jpg,https://www.youtube.com/watch?v=xU2jWSsaWY0,6.4,,,,Cinesa Diagonal Mar,2026-10-08T18:00:00+02:00,Doblada,,,Digital,,unknown,"Tarifa variable; seleccionar cine, fecha y sesión",https://www.publicine.net/cartelera-cine/barcelona/cinesa-diagonal-mar,https://web.cinesa.es/compra/butacas/?showtimeId=032-58924,2026-10-08T06:57:49.911074+00:00
Resident Evil,Resident Evil,2026,Zach Cregger,"Ciencia ficción, Suspense, Terror","Bryan, un mensajero médico, se ve atrapado inesperadamente en una noche de caos en la que la ciudad empieza a colapsar por una amenaza desconocida. Obligado a sobrevivir, deberá enfrentarse a una peligrosa carrera llena de acción mientras intenta escapar del horror que se desata a su alrededor.",https://es.web.img3.acsta.net/c_160_213/img/40/92/4092e505c00d28878024f17b01002c9c.jpg,https://www.filmaffinity.com/es/evideos.php?movie_id=579353,7.0,7.6,96.0,91.0,Cinesa Diagonal Mar,2026-10-08T18:00:00+02:00,Doblada,,,Digital,,unknown,"Tarifa variable; seleccionar cine, fecha y sesión",https://www.publicine.net/cartelera-cine/barcelona/cinesa-diagonal-mar,https://web.cinesa.es/compra/butacas/?showtimeId=032-58925,2026-10-08T06:57:49.911074+00:00
Resident Evil,Resident Evil,2026,Zach Cregger,"Ciencia ficción, Suspense, Terror","Bryan, un mensajero médico, se ve atrapado inesperadamente en una noche de caos en la que la ciudad empieza a colapsar por una amenaza desconocida. Obligado a sobrevivir, deberá enfrentarse a una peligrosa carrera llena de acción mientras intenta escapar del horror que se desata a su alrededor.",https://es.web.img3.acsta.net/c_160_213/img/40/92/4092e505c00d28878024f17b01002c9c.jpg,https://www.filmaffinity.com/es/evideos.php?movie_id=579353,7.0,7.6,96.0,91.0,Cinesa SOM Multiespai,2026-10-08T18:00:00+02:00,Doblada,,,Digital,,unknown,"Tarifa variable; seleccionar cine, fecha y sesión",https://www.publicine.net/cartelera-cine/barcelona/cinesa-som-multiespai-heron-city,https://web.cinesa.es/compra/butacas/?showtimeId=017-60666,2026-10-08T06:57:56.221234+00:00
Liverpool,Liverpool,2008,Lisandro Alonso,Drama,"Un treballador d’un vaixell de càrrega demana permís per desembarcar al port d’Ushuaia, la ciutat més meridional de l’Argentina. Vol tornar al lloc on va néixer i veure si la seva mare segueix viva. Durant els darrers vint anys ha treballat de mariner. Beu per oblidar, paga les dones amb qui se’n va al llit, no té amics. En arribar al petit grup de cases cobertes de neu on va créixer, s’endú una sorpresa.",https://pics.filmaffinity.com/liverpool-929551294-large.jpg,https://www.filmaffinity.com/es/evideos.php?movie_id=839872,5.5,6.4,94.0,49.0,Filmoteca de Catalunya — Sales Chomón i Laya,2026-10-08T18:00:00+02:00,VO,es,,35 mm,,unknown,General 4€; reducida 3€; programación infantil 2€,https://www.filmoteca.cat/web/ca/film/liverpool,https://euromus.cultura.gencat.cat/filmoteca/venda/index.jsp?lang=1&nom_cache=FILMOTECA&property=FILMOTECA&codiActiv=966&codiCicle=27,2026-10-08T06:57:52.170947+00:00
OMBRA NÒMADA,,2026,Eimi Imanishi,,"La Mariam, una jove sahrauí amb un carisma especial, és deportada d’Espanya i forçada a tornar a la llar familiar al Sàhara Occidental. Desesperada per tornar a Barcelona, la Mariam no aconsegueix adaptar-se al seu lloc de naixement. Els seus intents fallits per millorar la seva situació l’enfrontaran de ple amb la seva identitat: ni el seu arrelament al Sàhara ni el seu vincle amb Espanya resulten suficients per a trobar el seu lloc.",https://espaitexas.cat/wp-content/uploads/2026/09/tal-nomad-shadow-poster-2-72.jpg,,,,,,Espai Texas — Cinemes Texas,2026-10-08T18:00:00+02:00,VO,CASTELLÀ I ÀRAB,ca,,5.0,published,Lunes–viernes 6€; jueves del espectador 4€; fin de semana 8€,https://espaitexas.cat/pelicula/ombra-nomada/,https://espaitexas.koobin.cat/ca/ombra-nomada-vosc-20261008-0000,2026-10-08T06:57:10.458064+00:00
Mis queridísimos padres,Chers parents,2026,Emmanuel Patron,Comedia,"Tres hermanos acuden alarmados a la llamada urgente de sus padres y descubren que han ganado el premio gordo. La alegría se convierte en conflicto cuando los padres deciden no compartir el dinero, desatando tensiones familiares.",https://es.web.img3.acsta.net/c_160_213/img/b2/05/b205794bbe2ae022a579facd1a6bf2f4.jpg,https://www.filmaffinity.com/es/evideos.php?movie_id=959467,,5.6,,,Cinemes Verdi + Verdi Park,2026-10-08T18:00:00+02:00,VO,,es,Digital,,unknown,"Lunes 5,90€; martes–viernes 8,50€; sábados, domingos y festivos 10€",https://www.sensacine.com/cines/cine/E0608/,https://verdibcn.admit-one.eu/seats/220762,2026-10-08T06:57:00.396426+00:00
Digger,Digger,2026,Alejandro González Iñárritu,"Acción, Comedia","El hombre más poderoso del mundo provoca un desastre que amenaza a la humanidad. Para redimirse, emprende una misión arriesgada con el objetivo de convertirse en su salvador.",https://es.web.img3.acsta.net/c_160_213/img/0f/c9/0fc9092d6e2afd046417684533c535c4.jpg,https://www.youtube.com/watch?v=xU2jWSsaWY0,6.4,,,,Cinemes Verdi + Verdi Park,2026-10-08T18:00:00+02:00,VO,,es,Digital,,unknown,"Lunes 5,90€; martes–viernes 8,50€; sábados, domingos y festivos 10€",https://www.sensacine.com/cines/cine/E0608/,https://verdibcn.admit-one.eu/seats/220742,2026-10-08T06:57:00.396426+00:00
El ser querido,El ser querido,2026,Rodrigo Sorogoyen,Drama,"Un director de cine en declive elige a su hija, una actriz sin éxito, como protagonista de su nueva película, lo que los obliga a enfrentar su difícil relación y un pasado lleno de tensiones. Durante el rodaje, emergen viejos resentimientos y heridas no resueltas.",https://es.web.img3.acsta.net/c_160_213/img/6a/19/6a198e1c5149b89b1c8e72f06b68f212.jpeg,https://www.youtube.com/watch?v=ApdPm1KWUcc,7.2,7.2,83.0,,Cinemes Verdi + Verdi Park,2026-10-08T18:00:00+02:00,,es,,Digital,,unknown,"Lunes 5,90€; martes–viernes 8,50€; sábados, domingos y festivos 10€",https://www.sensacine.com/cines/cine/E0608/,https://verdibcn.admit-one.eu/seats/220847,2026-10-08T06:57:00.396426+00:00
Resident Evil,Resident Evil,2026,Zach Cregger,"Ciencia ficción, Suspense, Terror","Bryan, un mensajero médico, se ve atrapado inesperadamente en una noche de caos en la que la ciudad empieza a colapsar por una amenaza desconocida. Obligado a sobrevivir, deberá enfrentarse a una peligrosa carrera llena de acción mientras intenta escapar del horror que se desata a su alrededor.",https://es.web.img3.acsta.net/c_160_213/img/40/92/4092e505c00d28878024f17b01002c9c.jpg,https://www.filmaffinity.com/es/evideos.php?movie_id=579353,7.0,7.6,96.0,91.0,Cinesa Diagonal,2026-10-08T18:05:00+02:00,,,,Digital,,unknown,"Tarifa variable; seleccionar cine, fecha y sesión",https://www.publicine.net/cartelera-cine/barcelona/cinesa-diagonal,https://web.cinesa.es/compra/butacas/?showtimeId=012-55256,2026-10-08T06:57:43.478267+00:00
LA BOLA NEGRA,La bola negra,2026,"Javier Ambrossi, Javier Calvo",Drama,"ESTRENO EL VIERNES 25 DE SEPTIEMBRE. Las vidas interconectadas de tres hombres en tres épocas distintas. Tres existencias íntimamente ligadas por la sexualidad y el deseo, el dolor y la herencia; y una de las últimas obras, inacabada, de Federico García Lorca. Proyección en Dolby Atmos y 4K",https://phenomena-experience.com/obj/LCinesD_dat/eventos/JPg000fb.jpg,https://www.youtube.com/watch?v=nXkdGP4VVWI,,8.0,92.0,,Renoir Floridablanca,2026-10-08T18:10:00+02:00,,,,Digital,,unknown,"Taquilla: lun./mié. 5,50€; mar./jue. 8,50€; vie./sáb./dom. 9,80€",https://www.publicine.net/cartelera-cine/barcelona/renoir-floridablanca-cines,https://pillalas.com/pase/1089911/,2026-10-08T06:58:11.555621+00:00
Prácticamente magia 2,Practical Magic 2,2026,Susanne Bier,"Fantasía, Romántico","Sandra Bullock y Nicole Kidman vuelven en esta secuela de Prácticamente magia. Las brujas a las que dan vida se enfrentan a prejuicios ancestrales y a una resurrección que sale mal, mientras intentan encontrar la felicidad frente a una maldición familiar que condena a muerte a sus amantes.",https://es.web.img3.acsta.net/c_160_213/img/1c/f9/1cf97e36ec677faa842268bf31d71717.jpg,https://www.youtube.com/watch?v=UOmntM7mHI8,,6.3,36.0,91.0,Cinemes Verdi + Verdi Park,2026-10-08T18:10:00+02:00,VO,,es,Digital,,unknown,"Lunes 5,90€; martes–viernes 8,50€; sábados, domingos y festivos 10€",https://www.sensacine.com/cines/cine/E0608/,https://verdibcn.admit-one.eu/seats/220745,2026-10-08T06:57:00.396426+00:00
LA BOLA NEGRA,La bola negra,2026,"Javier Ambrossi, Javier Calvo",Drama,"ESTRENO EL VIERNES 25 DE SEPTIEMBRE. Las vidas interconectadas de tres hombres en tres épocas distintas. Tres existencias íntimamente ligadas por la sexualidad y el deseo, el dolor y la herencia; y una de las últimas obras, inacabada, de Federico García Lorca. Proyección en Dolby Atmos y 4K",https://phenomena-experience.com/obj/LCinesD_dat/eventos/JPg000fb.jpg,https://www.youtube.com/watch?v=nXkdGP4VVWI,,8.0,92.0,,Cinemes Verdi + Verdi Park,2026-10-08T18:10:00+02:00,,es,,Digital,,unknown,"Lunes 5,90€; martes–viernes 8,50€; sábados, domingos y festivos 10€",https://www.sensacine.com/cines/cine/E0608/,https://verdibcn.admit-one.eu/seats/220658,2026-10-08T06:57:00.396426+00:00
Resident Evil,Resident Evil,2026,Zach Cregger,"Ciencia ficción, Suspense, Terror","Bryan, un mensajero médico, se ve atrapado inesperadamente en una noche de caos en la que la ciudad empieza a colapsar por una amenaza desconocida. Obligado a sobrevivir, deberá enfrentarse a una peligrosa carrera llena de acción mientras intenta escapar del horror que se desata a su alrededor.",https://es.web.img3.acsta.net/c_160_213/img/40/92/4092e505c00d28878024f17b01002c9c.jpg,https://www.filmaffinity.com/es/evideos.php?movie_id=579353,7.0,7.6,96.0,91.0,Cine Yelmo Westfield La Maquinista,2026-10-08T18:10:00+02:00,,,,Digital,,unknown,Tarifa variable; consultar el pase de La Maquinista,https://www.publicine.net/cartelera-cine/barcelona/yelmo-westfield-la-maquinista,https://cine.entradas.com/cine/barcelona/cine-yelmo-westfield-la-maquinista/evento/46402/resident-evil?mode=widget&change=0&ref=744,2026-10-08T06:58:01.153187+00:00
LA BOLA NEGRA,La bola negra,2026,"Javier Ambrossi, Javier Calvo",Drama,"ESTRENO EL VIERNES 25 DE SEPTIEMBRE. Las vidas interconectadas de tres hombres en tres épocas distintas. Tres existencias íntimamente ligadas por la sexualidad y el deseo, el dolor y la herencia; y una de las últimas obras, inacabada, de Federico García Lorca. Proyección en Dolby Atmos y 4K",https://phenomena-experience.com/obj/LCinesD_dat/eventos/JPg000fb.jpg,https://www.youtube.com/watch?v=nXkdGP4VVWI,,8.0,92.0,,Cinesa Diagonal,2026-10-08T18:20:00+02:00,,,,Digital,,unknown,"Tarifa variable; seleccionar cine, fecha y sesión",https://www.publicine.net/cartelera-cine/barcelona/cinesa-diagonal,https://web.cinesa.es/compra/butacas/?showtimeId=012-55259,2026-10-08T06:57:43.478267+00:00
Tiempo de victoria,Pressure,2026,Anthony Maras,"Guerra, Histórico, Suspense","En las horas previas al Día D, el meteorólogo James Stagg debe emitir un pronóstico crucial en medio de tensiones con el alto mando aliado. La decisión final recae en Dwight D. Eisenhower, quien debe elegir entre arriesgar la operación o retrasarla, con el destino de millones en juego.",https://es.web.img3.acsta.net/c_160_213/img/e7/7f/e77f7f1e452ff31c9d9e725e09efc602.jpg,https://www.filmaffinity.com/es/evideos.php?movie_id=177067,6.8,7.3,,,Renoir Floridablanca,2026-10-08T18:20:00+02:00,VO,,es,,,unknown,"Taquilla: lun./mié. 5,50€; mar./jue. 8,50€; vie./sáb./dom. 9,80€",https://www.publicine.net/cartelera-cine/barcelona/renoir-floridablanca-cines,https://pillalas.com/pase/1089821/,2026-10-08T06:58:11.555621+00:00
Tadeo Jones Y La Lámpara Maravillosa,Tadeo Jones y la lámpara maravillosa,2026,Enrique Gato,"Animación, Aventuras","Tadeo y Sara deben impedir que Momia, celoso de haber perdido protagonismo, altere la historia tras viajar al pasado. Su aventura los lleva desde Londres hasta Paititi, Grecia y la cueva de Alí Babá, para devolver al grupo a su época.",https://www.publicine.net/img/pel/full/16440f_tadeo-jones-y-la-lampara-maravillosa.webp,https://www.youtube.com/watch?v=a7IDTIIFNSo,6.1,6.5,,,Cine Yelmo Westfield La Maquinista,2026-10-08T18:20:00+02:00,,,,Digital,,unknown,Tarifa variable; consultar el pase de La Maquinista,https://www.publicine.net/cartelera-cine/barcelona/yelmo-westfield-la-maquinista,https://www.publicine.net/venda/16440/59/aHR0cHM6Ly9jaW5lLmVudHJhZGFzLmNvbS9jaW5lL2JhcmNlbG9uYS9jaW5lLXllbG1vLXdlc3RmaWVsZC1sYS1tYXF1aW5pc3RhL2V2ZW50by80NjQyMS90YWRlby1qb25lcy15LWxhLWxhbXBhcmEtbWFyYXZpbGxvc2E/bW9kZT13aWRnZXQmY2hhbmdlPTAmcmVmPTc0NA,2026-10-08T06:58:01.153187+00:00
LA BOLA NEGRA,La bola negra,2026,"Javier Ambrossi, Javier Calvo",Drama,"ESTRENO EL VIERNES 25 DE SEPTIEMBRE. Las vidas interconectadas de tres hombres en tres épocas distintas. Tres existencias íntimamente ligadas por la sexualidad y el deseo, el dolor y la herencia; y una de las últimas obras, inacabada, de Federico García Lorca. Proyección en Dolby Atmos y 4K",https://phenomena-experience.com/obj/LCinesD_dat/eventos/JPg000fb.jpg,https://www.youtube.com/watch?v=nXkdGP4VVWI,,8.0,92.0,,Cinesa Diagonal Mar,2026-10-08T18:25:00+02:00,Doblada,,,Digital,,unknown,"Tarifa variable; seleccionar cine, fecha y sesión",https://www.publicine.net/cartelera-cine/barcelona/cinesa-diagonal-mar,https://web.cinesa.es/compra/butacas/?showtimeId=032-58927,2026-10-08T06:57:49.911074+00:00
LA BOLA NEGRA,La bola negra,2026,"Javier Ambrossi, Javier Calvo",Drama,"ESTRENO EL VIERNES 25 DE SEPTIEMBRE. Las vidas interconectadas de tres hombres en tres épocas distintas. Tres existencias íntimamente ligadas por la sexualidad y el deseo, el dolor y la herencia; y una de las últimas obras, inacabada, de Federico García Lorca. Proyección en Dolby Atmos y 4K",https://phenomena-experience.com/obj/LCinesD_dat/eventos/JPg000fb.jpg,https://www.youtube.com/watch?v=nXkdGP4VVWI,,8.0,92.0,,Cinesa SOM Multiespai,2026-10-08T18:25:00+02:00,Doblada,,,Digital,,unknown,"Tarifa variable; seleccionar cine, fecha y sesión",https://www.publicine.net/cartelera-cine/barcelona/cinesa-som-multiespai-heron-city,https://web.cinesa.es/compra/butacas/?showtimeId=017-60667,2026-10-08T06:57:56.221234+00:00
Resident Evil,Resident Evil,2026,Zach Cregger,"Ciencia ficción, Suspense, Terror","Bryan, un mensajero médico, se ve atrapado inesperadamente en una noche de caos en la que la ciudad empieza a colapsar por una amenaza desconocida. Obligado a sobrevivir, deberá enfrentarse a una peligrosa carrera llena de acción mientras intenta escapar del horror que se desata a su alrededor.",https://es.web.img3.acsta.net/c_160_213/img/40/92/4092e505c00d28878024f17b01002c9c.jpg,https://www.filmaffinity.com/es/evideos.php?movie_id=579353,7.0,7.6,96.0,91.0,Cinemes Verdi + Verdi Park,2026-10-08T18:25:00+02:00,VO,,es,Digital,,unknown,"Lunes 5,90€; martes–viernes 8,50€; sábados, domingos y festivos 10€",https://www.sensacine.com/cines/cine/E0608/,https://verdibcn.admit-one.eu/seats/220753,2026-10-08T06:57:00.396426+00:00
La isla olvidada,Forgotten Island,2026,"Joel Crawford , Januel P. Mercado","Animación, Aventura, Comedia",Un grupo de personajes se encuentra en una isla mágica de la mitología filipina que había permanecido olvidada durante mucho tiempo.,https://es.web.img2.acsta.net/c_160_213/img/ee/16/ee161d327f52a9e974075b7c17d32d10.jpg,https://www.youtube.com/watch?v=2NNDuXJ7C7E,,7.8,95.0,95.0,Cinesa SOM Multiespai,2026-10-08T18:30:00+02:00,Doblada,,,Digital,,unknown,"Tarifa variable; seleccionar cine, fecha y sesión",https://www.publicine.net/cartelera-cine/barcelona/cinesa-som-multiespai-heron-city,https://web.cinesa.es/compra/butacas/?showtimeId=017-60668,2026-10-08T06:57:56.221234+00:00
Verity. La sombra de un engaño,Verity,2026,Michael Showalter,"Thriller, Drama","Lowen Ashleigh es contratada como escritora fantasma por Jeremy Crawford para escribir las novelas de su esposa Verity, autora de bestsellers, impedida tras un accidente. Lowen descubre las inquietantes verdades de Verity mientras reside en casa de los Crawford para trabajar. (FILMAFFINITY)",https://pics.filmaffinity.com/verity-273395489-large.jpg,https://www.filmaffinity.com/es/evideos.php?movie_id=740344,5.3,6.0,33.0,71.0,Mooby Glòries,2026-10-08T18:30:00+02:00,Doblada,es,,,,unknown,"L–J laborables 9€; mié./jue. 6,50€; vie./sáb./festivos 10€",https://www.filmaffinity.com/es/theater-showtimes.php?id=226,https://moobycinemas-glorias.admit-one.eu/?p=tickets&perfCode=120718&language=esp&theatre=25,2026-09-21T09:17:45.870590+02:00
Verity. La sombra de un engaño,Verity,2026,Michael Showalter,"Thriller, Drama","Lowen Ashleigh es contratada como escritora fantasma por Jeremy Crawford para escribir las novelas de su esposa Verity, autora de bestsellers, impedida tras un accidente. Lowen descubre las inquietantes verdades de Verity mientras reside en casa de los Crawford para trabajar. (FILMAFFINITY)",https://pics.filmaffinity.com/verity-273395489-large.jpg,https://www.filmaffinity.com/es/evideos.php?movie_id=740344,5.3,6.0,33.0,71.0,Mooby Gran Sarrià Club,2026-10-08T18:30:00+02:00,Doblada,es,,,,unknown,L–J laborables 11€; vie./sáb./festivos 13€,https://www.filmaffinity.com/es/theater-showtimes.php?id=227,https://moobycinemas-sarria.admit-one.eu/?p=tickets&perfCode=117151&language=esp&theatre=26,2026-09-21T09:17:45.870590+02:00
TANIT,Tanit,2026,Pep Garrido,Familia,"En els boscos del Montseny, la petita Tanit campa a pler perquè no li queda més remei: un embaràs de risc obliga la seva mare a guardar repòs. Un dia, mentre cerca al seu gos Xuc pel bosc, es topa amb l’àvia Perona, una vella rondinaire que viu aïllada i a qui tothom pren per bruixa. La Tanit es convertirà en la seva aprenent mentre un fet inesperat sacseja el seu món i l’obliga a fer-se gran abans d’hora.",https://espaitexas.cat/wp-content/uploads/2026/07/tal-tanit-poster.jpg,https://www.filmaffinity.com/es/evideos.php?movie_id=419872,5.4,6.5,,,Espai Texas — Cinemes Texas,2026-10-08T18:30:00+02:00,VO,ca,,,5.0,published,Lunes–viernes 6€; jueves del espectador 4€; fin de semana 8€,https://espaitexas.cat/pelicula/tanit/,https://espaitexas.koobin.cat/ca/tanit-vo-20261008-0000,2026-10-08T06:57:14.450438+00:00
En el corazón de la bestia,Heart Of The Beast,2026,David Ayer,"Acción, Aventura","Un ex soldado herido y su perro militar luchan por sobrevivir en la naturaleza salvaje de Alaska. Enfrentando frío, soledad y peligros constantes, su vínculo será clave para regresar a casa.",https://es.web.img3.acsta.net/c_160_213/img/06/8b/068b23e941178cfd676278b44064f0e9.jpg,https://www.youtube.com/watch?v=Rh24D89hFMg,6.4,7.3,85.0,94.0,Cinesa Diagonal Mar,2026-10-08T18:35:00+02:00,Doblada,,,Digital,,unknown,"Tarifa variable; seleccionar cine, fecha y sesión",https://www.publicine.net/cartelera-cine/barcelona/cinesa-diagonal-mar,https://web.cinesa.es/compra/butacas/?showtimeId=032-58926,2026-10-08T06:57:49.911074+00:00
XY9,XY9,2026,David Huergo,Drama,"Mar e Iván son una pareja que se siente perdida y cree que tener un hijo es la solución a todos sus problemas. Una serie de abortos espontáneos y problemas genéticos van minando poco a poco su relación, lo que les lleva a plantearse si realmente quieren ser padres juntos.",https://www.cinemamalda.com/wp-content/uploads/2026/09/xy9-509482490-large.jpg,https://www.youtube.com/embed/Y0WAU0DPM2Q?feature=oembed,,,,,Cinema Maldà,2026-10-08T18:35:00+02:00,VO,es,,,5.9,published,"Entrada por día: lun./mié. 5,90€; mar./jue./vie. 7,50€; sábados y festivos 9€ | Muestra MEX 2026: entrada publicada de 3 €",https://www.cinemamalda.com/,,2026-10-08T06:57:00.672209+00:00
LA BOLA NEGRA,La bola negra,2026,"Javier Ambrossi, Javier Calvo",Drama,"ESTRENO EL VIERNES 25 DE SEPTIEMBRE. Las vidas interconectadas de tres hombres en tres épocas distintas. Tres existencias íntimamente ligadas por la sexualidad y el deseo, el dolor y la herencia; y una de las últimas obras, inacabada, de Federico García Lorca. Proyección en Dolby Atmos y 4K",https://phenomena-experience.com/obj/LCinesD_dat/eventos/JPg000fb.jpg,https://www.youtube.com/watch?v=nXkdGP4VVWI,,8.0,92.0,,Cine Yelmo Westfield La Maquinista,2026-10-08T18:35:00+02:00,,,,Digital,,unknown,Tarifa variable; consultar el pase de La Maquinista,https://www.publicine.net/cartelera-cine/barcelona/yelmo-westfield-la-maquinista,https://cine.entradas.com/cine/barcelona/cine-yelmo-westfield-la-maquinista/evento/46404/la-bola-negra?mode=widget&change=0&ref=744,2026-10-08T06:58:01.153187+00:00
La isla olvidada,Forgotten Island,2026,"Joel Crawford , Januel P. Mercado","Animación, Aventura, Comedia",Un grupo de personajes se encuentra en una isla mágica de la mitología filipina que había permanecido olvidada durante mucho tiempo.,https://es.web.img2.acsta.net/c_160_213/img/ee/16/ee161d327f52a9e974075b7c17d32d10.jpg,https://www.youtube.com/watch?v=2NNDuXJ7C7E,,7.8,95.0,95.0,Cinesa Diagonal,2026-10-08T18:40:00+02:00,,,,Digital,,unknown,"Tarifa variable; seleccionar cine, fecha y sesión",https://www.publicine.net/cartelera-cine/barcelona/cinesa-diagonal,https://web.cinesa.es/compra/butacas/?showtimeId=012-55261,2026-10-08T06:57:43.478267+00:00
Verity. La sombra de un engaño,Verity,2026,Michael Showalter,"Thriller, Drama","Lowen Ashleigh es contratada como escritora fantasma por Jeremy Crawford para escribir las novelas de su esposa Verity, autora de bestsellers, impedida tras un accidente. Lowen descubre las inquietantes verdades de Verity mientras reside en casa de los Crawford para trabajar. (FILMAFFINITY)",https://pics.filmaffinity.com/verity-273395489-large.jpg,https://www.filmaffinity.com/es/evideos.php?movie_id=740344,5.3,6.0,33.0,71.0,Mooby Arenas de Barcelona,2026-10-08T18:40:00+02:00,Doblada,es,,,,unknown,"L–J laborables 9€; mié./jue. 6,50€; vie./sáb./festivos 10€",https://www.filmaffinity.com/es/theater-showtimes.php?id=501,https://moobycinemas-arenas.admit-one.eu/?p=tickets&perfCode=191940&language=esp&theatre=24,2026-09-21T09:17:45.870590+02:00
Verity. La sombra de un engaño,Verity,2026,Michael Showalter,"Thriller, Drama","Lowen Ashleigh es contratada como escritora fantasma por Jeremy Crawford para escribir las novelas de su esposa Verity, autora de bestsellers, impedida tras un accidente. Lowen descubre las inquietantes verdades de Verity mientras reside en casa de los Crawford para trabajar. (FILMAFFINITY)",https://pics.filmaffinity.com/verity-273395489-large.jpg,https://www.filmaffinity.com/es/evideos.php?movie_id=740344,5.3,6.0,33.0,71.0,Cinesa Diagonal,2026-10-08T18:50:00+02:00,,,,Digital,,unknown,"Tarifa variable; seleccionar cine, fecha y sesión",https://www.publicine.net/cartelera-cine/barcelona/cinesa-diagonal,https://web.cinesa.es/compra/butacas/?showtimeId=012-55264,2026-10-08T06:57:43.478267+00:00
Verity. La sombra de un engaño,Verity,2026,Michael Showalter,"Thriller, Drama","Lowen Ashleigh es contratada como escritora fantasma por Jeremy Crawford para escribir las novelas de su esposa Verity, autora de bestsellers, impedida tras un accidente. Lowen descubre las inquietantes verdades de Verity mientras reside en casa de los Crawford para trabajar. (FILMAFFINITY)",https://pics.filmaffinity.com/verity-273395489-large.jpg,https://www.filmaffinity.com/es/evideos.php?movie_id=740344,5.3,6.0,33.0,71.0,Cinesa Diagonal Mar,2026-10-08T18:50:00+02:00,Doblada,,,Digital,,unknown,"Tarifa variable; seleccionar cine, fecha y sesión",https://www.publicine.net/cartelera-cine/barcelona/cinesa-diagonal-mar,https://web.cinesa.es/compra/butacas/?showtimeId=032-58929,2026-10-08T06:57:49.911074+00:00
Verity. La sombra de un engaño,Verity,2026,Michael Showalter,"Thriller, Drama","Lowen Ashleigh es contratada como escritora fantasma por Jeremy Crawford para escribir las novelas de su esposa Verity, autora de bestsellers, impedida tras un accidente. Lowen descubre las inquietantes verdades de Verity mientras reside en casa de los Crawford para trabajar. (FILMAFFINITY)",https://pics.filmaffinity.com/verity-273395489-large.jpg,https://www.filmaffinity.com/es/evideos.php?movie_id=740344,5.3,6.0,33.0,71.0,Cinesa SOM Multiespai,2026-10-08T18:50:00+02:00,Doblada,,,Digital,,unknown,"Tarifa variable; seleccionar cine, fecha y sesión",https://www.publicine.net/cartelera-cine/barcelona/cinesa-som-multiespai-heron-city,https://web.cinesa.es/compra/butacas/?showtimeId=017-60669,2026-10-08T06:57:56.221234+00:00
Verity. La sombra de un engaño,Verity,2026,Michael Showalter,"Thriller, Drama","Lowen Ashleigh es contratada como escritora fantasma por Jeremy Crawford para escribir las novelas de su esposa Verity, autora de bestsellers, impedida tras un accidente. Lowen descubre las inquietantes verdades de Verity mientras reside en casa de los Crawford para trabajar. (FILMAFFINITY)",https://pics.filmaffinity.com/verity-273395489-large.jpg,https://www.filmaffinity.com/es/evideos.php?movie_id=740344,5.3,6.0,33.0,71.0,Mooby Balmes,2026-10-08T18:50:00+02:00,VO,,es,,,unknown,"L–J laborables 9€; miércoles 6,50€; vie./sáb./festivos 10€",https://www.filmaffinity.com/es/theater-showtimes.php?id=542,https://moobycinemas-balmes.admit-one.eu/?p=tickets&perfCode=187528&language=esp&theatre=29,2026-09-21T09:17:45.870590+02:00
LA BOLA NEGRA,La bola negra,2026,"Javier Ambrossi, Javier Calvo",Drama,"ESTRENO EL VIERNES 25 DE SEPTIEMBRE. Las vidas interconectadas de tres hombres en tres épocas distintas. Tres existencias íntimamente ligadas por la sexualidad y el deseo, el dolor y la herencia; y una de las últimas obras, inacabada, de Federico García Lorca. Proyección en Dolby Atmos y 4K",https://phenomena-experience.com/obj/LCinesD_dat/eventos/JPg000fb.jpg,https://www.youtube.com/watch?v=nXkdGP4VVWI,,8.0,92.0,,Cinesa Diagonal Mar,2026-10-08T19:00:00+02:00,Doblada,,,Digital,,unknown,"Tarifa variable; seleccionar cine, fecha y sesión",https://www.publicine.net/cartelera-cine/barcelona/cinesa-diagonal-mar,https://web.cinesa.es/compra/butacas/?showtimeId=032-58930,2026-10-08T06:57:49.911074+00:00
LA BOLA NEGRA,La bola negra,2026,"Javier Ambrossi, Javier Calvo",Drama,"ESTRENO EL VIERNES 25 DE SEPTIEMBRE. Las vidas interconectadas de tres hombres en tres épocas distintas. Tres existencias íntimamente ligadas por la sexualidad y el deseo, el dolor y la herencia; y una de las últimas obras, inacabada, de Federico García Lorca. Proyección en Dolby Atmos y 4K",https://phenomena-experience.com/obj/LCinesD_dat/eventos/JPg000fb.jpg,https://www.youtube.com/watch?v=nXkdGP4VVWI,,8.0,92.0,,Cinesa SOM Multiespai,2026-10-08T19:00:00+02:00,Doblada,,,Digital,,unknown,"Tarifa variable; seleccionar cine, fecha y sesión",https://www.publicine.net/cartelera-cine/barcelona/cinesa-som-multiespai-heron-city,https://web.cinesa.es/compra/butacas/?showtimeId=017-60709,2026-10-08T06:57:56.221234+00:00
LA BOLA NEGRA,La bola negra,2026,"Javier Ambrossi, Javier Calvo",Drama,"ESTRENO EL VIERNES 25 DE SEPTIEMBRE. Las vidas interconectadas de tres hombres en tres épocas distintas. Tres existencias íntimamente ligadas por la sexualidad y el deseo, el dolor y la herencia; y una de las últimas obras, inacabada, de Federico García Lorca. Proyección en Dolby Atmos y 4K",https://phenomena-experience.com/obj/LCinesD_dat/eventos/JPg000fb.jpg,https://www.youtube.com/watch?v=nXkdGP4VVWI,,8.0,92.0,,Renoir Floridablanca,2026-10-08T19:00:00+02:00,,,,Digital,,unknown,"Taquilla: lun./mié. 5,50€; mar./jue. 8,50€; vie./sáb./dom. 9,80€",https://www.publicine.net/cartelera-cine/barcelona/renoir-floridablanca-cines,https://pillalas.com/pase/1089822/,2026-10-08T06:58:11.555621+00:00
LA BOLA NEGRA,La bola negra,2026,"Javier Ambrossi, Javier Calvo",Drama,"ESTRENO EL VIERNES 25 DE SEPTIEMBRE. Las vidas interconectadas de tres hombres en tres épocas distintas. Tres existencias íntimamente ligadas por la sexualidad y el deseo, el dolor y la herencia; y una de las últimas obras, inacabada, de Federico García Lorca. Proyección en Dolby Atmos y 4K",https://phenomena-experience.com/obj/LCinesD_dat/eventos/JPg000fb.jpg,https://www.youtube.com/watch?v=nXkdGP4VVWI,,8.0,92.0,,Cinemes Verdi + Verdi Park,2026-10-08T19:00:00+02:00,,es,,Digital,,unknown,"Lunes 5,90€; martes–viernes 8,50€; sábados, domingos y festivos 10€",https://www.sensacine.com/cines/cine/E0608/,https://verdibcn.admit-one.eu/seats/220656,2026-10-08T06:57:00.396426+00:00
"Abdellah filma, Abdellah parla",,,,,"Projecció conjunta de ""Cairo Streets"", d’Abdellah Taïa, i ""Abdellah Speaks"", de Daniel Riera, dues obres que aprofundeixen en les narratives autobiogràfiques del cineasta i escriptor marroquí, un dels primers a declarar obertament la seva homosexualitat.",,,,,,,Zumzeig Cinecooperativa,2026-10-08T19:00:00+02:00,,,,,,unknown,"General 7,50€; miércoles no festivos 5,50€; reducida 6€; socias 4,50€",https://zumzeigcine.coop/cinema/films/abdellah-filma-abdellah-parla/,https://www.codetickets.com/portal/zumzeigcooperativa/online/37457/101588,2026-10-08T06:57:07.807148+00:00
En el corazón de la bestia,Heart Of The Beast,2026,David Ayer,"Acción, Aventura","Un ex soldado herido y su perro militar luchan por sobrevivir en la naturaleza salvaje de Alaska. Enfrentando frío, soledad y peligros constantes, su vínculo será clave para regresar a casa.",https://es.web.img3.acsta.net/c_160_213/img/06/8b/068b23e941178cfd676278b44064f0e9.jpg,https://www.youtube.com/watch?v=Rh24D89hFMg,6.4,7.3,85.0,94.0,Cine Yelmo Westfield La Maquinista,2026-10-08T19:05:00+02:00,,,,Digital,,unknown,Tarifa variable; consultar el pase de La Maquinista,https://www.publicine.net/cartelera-cine/barcelona/yelmo-westfield-la-maquinista,https://cine.entradas.com/cine/barcelona/cine-yelmo-westfield-la-maquinista/evento/46405/en-el-corazon-de-la-bestia?mode=widget&change=0&ref=744,2026-10-08T06:58:01.153187+00:00
Digger,Digger,2026,Alejandro González Iñárritu,"Acción, Comedia","El hombre más poderoso del mundo provoca un desastre que amenaza a la humanidad. Para redimirse, emprende una misión arriesgada con el objetivo de convertirse en su salvador.",https://es.web.img3.acsta.net/c_160_213/img/0f/c9/0fc9092d6e2afd046417684533c535c4.jpg,https://www.youtube.com/watch?v=xU2jWSsaWY0,6.4,,,,Cinesa Diagonal,2026-10-08T19:15:00+02:00,,,,Digital,,unknown,"Tarifa variable; seleccionar cine, fecha y sesión",https://www.publicine.net/cartelera-cine/barcelona/cinesa-diagonal,https://web.cinesa.es/compra/butacas/?showtimeId=012-55267,2026-10-08T06:57:43.478267+00:00
Digger,Digger,2026,Alejandro González Iñárritu,"Acción, Comedia","El hombre más poderoso del mundo provoca un desastre que amenaza a la humanidad. Para redimirse, emprende una misión arriesgada con el objetivo de convertirse en su salvador.",https://es.web.img3.acsta.net/c_160_213/img/0f/c9/0fc9092d6e2afd046417684533c535c4.jpg,https://www.youtube.com/watch?v=xU2jWSsaWY0,6.4,,,,Cinesa Diagonal Mar,2026-10-08T19:15:00+02:00,VO,,es,IMAX,,unknown,"Tarifa variable; seleccionar cine, fecha y sesión",https://www.publicine.net/cartelera-cine/barcelona/cinesa-diagonal-mar,https://web.cinesa.es/compra/butacas/?showtimeId=032-58941,2026-10-08T06:57:49.911074+00:00
Digger,Digger,2026,Alejandro González Iñárritu,"Acción, Comedia","El hombre más poderoso del mundo provoca un desastre que amenaza a la humanidad. Para redimirse, emprende una misión arriesgada con el objetivo de convertirse en su salvador.",https://es.web.img3.acsta.net/c_160_213/img/0f/c9/0fc9092d6e2afd046417684533c535c4.jpg,https://www.youtube.com/watch?v=xU2jWSsaWY0,6.4,,,,Cinesa SOM Multiespai,2026-10-08T19:15:00+02:00,Doblada,,,Digital,,unknown,"Tarifa variable; seleccionar cine, fecha y sesión",https://www.publicine.net/cartelera-cine/barcelona/cinesa-som-multiespai-heron-city,https://web.cinesa.es/compra/butacas/?showtimeId=017-60670,2026-10-08T06:57:56.221234+00:00
En el corazón de la bestia,Heart Of The Beast,2026,David Ayer,"Acción, Aventura","Un ex soldado herido y su perro militar luchan por sobrevivir en la naturaleza salvaje de Alaska. Enfrentando frío, soledad y peligros constantes, su vínculo será clave para regresar a casa.",https://es.web.img3.acsta.net/c_160_213/img/06/8b/068b23e941178cfd676278b44064f0e9.jpg,https://www.youtube.com/watch?v=Rh24D89hFMg,6.4,7.3,85.0,94.0,Cinesa Diagonal,2026-10-08T19:30:00+02:00,,,,Digital,,unknown,"Tarifa variable; seleccionar cine, fecha y sesión",https://www.publicine.net/cartelera-cine/barcelona/cinesa-diagonal,https://web.cinesa.es/compra/butacas/?showtimeId=012-55269,2026-10-08T06:57:43.478267+00:00
En el corazón de la bestia,Heart Of The Beast,2026,David Ayer,"Acción, Aventura","Un ex soldado herido y su perro militar luchan por sobrevivir en la naturaleza salvaje de Alaska. Enfrentando frío, soledad y peligros constantes, su vínculo será clave para regresar a casa.",https://es.web.img3.acsta.net/c_160_213/img/06/8b/068b23e941178cfd676278b44064f0e9.jpg,https://www.youtube.com/watch?v=Rh24D89hFMg,6.4,7.3,85.0,94.0,Cinesa SOM Multiespai,2026-10-08T19:30:00+02:00,Doblada,,,Digital,,unknown,"Tarifa variable; seleccionar cine, fecha y sesión",https://www.publicine.net/cartelera-cine/barcelona/cinesa-som-multiespai-heron-city,https://web.cinesa.es/compra/butacas/?showtimeId=017-60671,2026-10-08T06:57:56.221234+00:00
La Odisea,The Odyssey,2026,Christopher Nolan,"Acción, Fantasía","Tras la guerra de Troya, Odiseo se enfrenta un peligroso viaje de 10 años para regresar a Ítaca, superando dioses, monstruos y desafíos épicos. Mientras tanto, su esposa Penélope resiste a los pretendientes que amenazan su reino.",https://es.web.img3.acsta.net/c_160_213/img/1a/23/1a238e79ea26da69c2ff751c232c60e3.png,https://www.youtube.com/watch?v=NUIIc9gZOcQ,7.6,8.4,,,Cinemes Verdi + Verdi Park,2026-10-08T19:30:00+02:00,VO,,es,Digital,,unknown,"Lunes 5,90€; martes–viernes 8,50€; sábados, domingos y festivos 10€",https://www.sensacine.com/cines/cine/E0608/,https://verdibcn.admit-one.eu/seats/220749,2026-10-08T06:57:00.396426+00:00
LA BOLA NEGRA,La bola negra,2026,"Javier Ambrossi, Javier Calvo",Drama,"ESTRENO EL VIERNES 25 DE SEPTIEMBRE. Las vidas interconectadas de tres hombres en tres épocas distintas. Tres existencias íntimamente ligadas por la sexualidad y el deseo, el dolor y la herencia; y una de las últimas obras, inacabada, de Federico García Lorca. Proyección en Dolby Atmos y 4K",https://phenomena-experience.com/obj/LCinesD_dat/eventos/JPg000fb.jpg,https://www.youtube.com/watch?v=nXkdGP4VVWI,,8.0,92.0,,Cine Yelmo Westfield La Maquinista,2026-10-08T19:30:00+02:00,,,,Digital,,unknown,Tarifa variable; consultar el pase de La Maquinista,https://www.publicine.net/cartelera-cine/barcelona/yelmo-westfield-la-maquinista,https://cine.entradas.com/cine/barcelona/cine-yelmo-westfield-la-maquinista/evento/46406/la-bola-negra?mode=widget&change=0&ref=744,2026-10-08T06:58:01.153187+00:00
Lucky Strike,Lucky Strike,2026,Rod Lurie,"Acción, Guerra, Suspense","Atrapado tras las líneas enemigas durante la Segunda Guerra Mundial, un soldado separado de su unidad lucha por sobrevivir ante el avance de los nazis. Con un radiotransmisor Motorola SCR-300 como su único contacto con el exterior, confiará en su táctica e improvisación para esquivar al enemigo.",https://es.web.img3.acsta.net/c_160_213/img/26/d2/26d229933b8ae2b33b649da9eff9c87f.jpg,https://www.youtube.com/watch?v=odGp0syUgCk,4.7,5.3,,,Cinesa SOM Multiespai,2026-10-08T19:45:00+02:00,Doblada,,,Digital,,unknown,"Tarifa variable; seleccionar cine, fecha y sesión",https://www.publicine.net/cartelera-cine/barcelona/cinesa-som-multiespai-heron-city,https://web.cinesa.es/compra/butacas/?showtimeId=017-60672,2026-10-08T06:57:56.221234+00:00
LA BOLA NEGRA,La bola negra,2026,"Javier Ambrossi, Javier Calvo",Drama,"ESTRENO EL VIERNES 25 DE SEPTIEMBRE. Las vidas interconectadas de tres hombres en tres épocas distintas. Tres existencias íntimamente ligadas por la sexualidad y el deseo, el dolor y la herencia; y una de las últimas obras, inacabada, de Federico García Lorca. Proyección en Dolby Atmos y 4K",https://phenomena-experience.com/obj/LCinesD_dat/eventos/JPg000fb.jpg,https://www.youtube.com/watch?v=nXkdGP4VVWI,,8.0,92.0,,Cinemes Verdi + Verdi Park,2026-10-08T19:45:00+02:00,,es,,Digital,,unknown,"Lunes 5,90€; martes–viernes 8,50€; sábados, domingos y festivos 10€",https://www.sensacine.com/cines/cine/E0608/,https://verdibcn.admit-one.eu/seats/220660,2026-10-08T06:57:00.396426+00:00
Digger,Digger,2026,Alejandro González Iñárritu,"Acción, Comedia","El hombre más poderoso del mundo provoca un desastre que amenaza a la humanidad. Para redimirse, emprende una misión arriesgada con el objetivo de convertirse en su salvador.",https://es.web.img3.acsta.net/c_160_213/img/0f/c9/0fc9092d6e2afd046417684533c535c4.jpg,https://www.youtube.com/watch?v=xU2jWSsaWY0,6.4,,,,Cine Yelmo Westfield La Maquinista,2026-10-08T19:45:00+02:00,VO,,es,,,unknown,Tarifa variable; consultar el pase de La Maquinista,https://www.publicine.net/cartelera-cine/barcelona/yelmo-westfield-la-maquinista,https://www.publicine.net/venda/16322/59/aHR0cHM6Ly9jaW5lLmVudHJhZGFzLmNvbS9jaW5lL2JhcmNlbG9uYS9jaW5lLXllbG1vLXdlc3RmaWVsZC1sYS1tYXF1aW5pc3RhL2V2ZW50by80NjQwOC9kaWdnZXI/bW9kZT13aWRnZXQmY2hhbmdlPTAmcmVmPTc0NA,2026-10-08T06:58:01.153187+00:00
LA BOLA NEGRA,La bola negra,2026,"Javier Ambrossi, Javier Calvo",Drama,"ESTRENO EL VIERNES 25 DE SEPTIEMBRE. Las vidas interconectadas de tres hombres en tres épocas distintas. Tres existencias íntimamente ligadas por la sexualidad y el deseo, el dolor y la herencia; y una de las últimas obras, inacabada, de Federico García Lorca. Proyección en Dolby Atmos y 4K",https://phenomena-experience.com/obj/LCinesD_dat/eventos/JPg000fb.jpg,https://www.youtube.com/watch?v=nXkdGP4VVWI,,8.0,92.0,,Cinesa Diagonal,2026-10-08T19:50:00+02:00,,,,Digital,,unknown,"Tarifa variable; seleccionar cine, fecha y sesión",https://www.publicine.net/cartelera-cine/barcelona/cinesa-diagonal,https://web.cinesa.es/compra/butacas/?showtimeId=012-55272,2026-10-08T06:57:43.478267+00:00
Cronos,Cronos,2026,Fernando González Molina,"Drama, Suspense","La película sigue la operación Cronos, activada tras el atentado en Las Ramblas, durante cuatro días de tensión y confusión. La misión culmina con la captura del último terrorista, dejando heridas abiertas y un país marcado por el miedo y la frustración.",https://es.web.img3.acsta.net/c_160_213/img/68/13/6813bcb516cf8f5787c00a1d9a5ea6b0.jpg,https://www.youtube.com/watch?v=XymFT_jUeXY,6.2,6.7,,,Cine Yelmo Westfield La Maquinista,2026-10-08T19:50:00+02:00,,,,Digital,,unknown,Tarifa variable; consultar el pase de La Maquinista,https://www.publicine.net/cartelera-cine/barcelona/yelmo-westfield-la-maquinista,https://www.publicine.net/venda/18172/59/aHR0cHM6Ly9jaW5lLmVudHJhZGFzLmNvbS9jaW5lL2JhcmNlbG9uYS9jaW5lLXllbG1vLXdlc3RmaWVsZC1sYS1tYXF1aW5pc3RhL2V2ZW50by80NjQwNy9jcm9ub3M/bW9kZT13aWRnZXQmY2hhbmdlPTAmcmVmPTc0NA,2026-10-08T06:58:01.153187+00:00
LA BOLA NEGRA,La bola negra,2026,"Javier Ambrossi, Javier Calvo",Drama,"ESTRENO EL VIERNES 25 DE SEPTIEMBRE. Las vidas interconectadas de tres hombres en tres épocas distintas. Tres existencias íntimamente ligadas por la sexualidad y el deseo, el dolor y la herencia; y una de las últimas obras, inacabada, de Federico García Lorca. Proyección en Dolby Atmos y 4K",https://phenomena-experience.com/obj/LCinesD_dat/eventos/JPg000fb.jpg,https://www.youtube.com/watch?v=nXkdGP4VVWI,,8.0,92.0,,Cinesa Diagonal Mar,2026-10-08T20:00:00+02:00,Doblada,,,Digital,,unknown,"Tarifa variable; seleccionar cine, fecha y sesión",https://www.publicine.net/cartelera-cine/barcelona/cinesa-diagonal-mar,https://web.cinesa.es/compra/butacas/?showtimeId=032-58932,2026-10-08T06:57:49.911074+00:00
LA BOLA NEGRA,La bola negra,2026,"Javier Ambrossi, Javier Calvo",Drama,"ESTRENO EL VIERNES 25 DE SEPTIEMBRE. Las vidas interconectadas de tres hombres en tres épocas distintas. Tres existencias íntimamente ligadas por la sexualidad y el deseo, el dolor y la herencia; y una de las últimas obras, inacabada, de Federico García Lorca. Proyección en Dolby Atmos y 4K",https://phenomena-experience.com/obj/LCinesD_dat/eventos/JPg000fb.jpg,https://www.youtube.com/watch?v=nXkdGP4VVWI,,8.0,92.0,,Cinesa SOM Multiespai,2026-10-08T20:00:00+02:00,Doblada,,,Digital,,unknown,"Tarifa variable; seleccionar cine, fecha y sesión",https://www.publicine.net/cartelera-cine/barcelona/cinesa-som-multiespai-heron-city,https://web.cinesa.es/compra/butacas/?showtimeId=017-60673,2026-10-08T06:57:56.221234+00:00
L'ancre,,2024,Jean Debauche,,Premi Don Quijote al Festival l’Alternativa 2024 Una psicoterapeuta navega per l’Àrtic mentre escolta les gravacions de tres antics pacients. Les seves veus dialoguen amb la immensitat del gel i del mar i converteixen el paisatge en un reflex poètic dels seus mons interiors.,,,,,,,Filmoteca de Catalunya — Sales Chomón i Laya,2026-10-08T20:00:00+02:00,VO,,ca,Digital,,unknown,General 4€; reducida 3€; programación infantil 2€,https://www.filmoteca.cat/web/ca/film/lancre,https://euromus.cultura.gencat.cat/filmoteca/venda/index.jsp?lang=1&nom_cache=FILMOTECA&property=FILMOTECA&codiActiv=1018&codiCicle=3,2026-10-08T06:57:54.512297+00:00
Mulholland Drive,Mulholland Dr.,2001,David Lynch,Drama,"Tras un accidente, Rita pierde la memoria. Deambula por las calles sin saber cómo ha llegado allí y que ha pasado. La tía de Betty, una joven actriz que se va a vivir a Los Ángeles para conseguir trabajo, la ha acogido en su casa.",https://www.publicine.net/img/pel/full/14255f.webp,https://www.filmaffinity.com/es/evideos.php?movie_id=178603,7.1,7.9,83.0,87.0,Renoir Floridablanca,2026-10-08T20:00:00+02:00,VO,,es,,,unknown,"Taquilla: lun./mié. 5,50€; mar./jue. 8,50€; vie./sáb./dom. 9,80€",https://www.publicine.net/cartelera-cine/barcelona/renoir-floridablanca-cines,https://pillalas.com/pase/1089653/,2026-10-08T06:58:11.555621+00:00
DETECTIU CONAN: L'ÀNGEL CAIGUT DE LA CARRETERA,Meitantei Konan Haiwei no Datenshi,2026,Takahiro Hasui,"Animación, Thriller","En Conan, la Ran, la Sonoko i en Kogoro anaven al districte de Minato Mirai, a Yokohama —seu del Festival de Motociclisme de Kanagawa—, acompanyats per l’entusiasta de les motos Masumi Sera. De sobte, va aparèixer una misteriosa moto negra que conduïa de forma temerària i va saltar per sobre del cotxe en què viatjaven. La perseguia la Chihaya Hagiwara, de la Unitat Mòbil de Trànsit de la Policia de la Prefectura de Kanagawa: la mateixa dona que la Ran havia vist temps enrere i a qui havia anomenat la Deessa del Vent. Però, després d’una intensa persecució a gran velocitat, la moto de la Hagiwara va quedar destrossada i el misteriós motociclista va aconseguir escapar a l’últim moment. Més tard, quan en Conan i la resta arriben al recinte d’un festival a Yokohama, veuen la presentació de l’Àngel, una motocicleta policial equipada amb tecnologia d’avantguarda. Mentrestant, surt la notícia que ha aparegut a Tòquio una motocicleta negra que sembra el caos i ha aconseguit evitar la persecució del Departament de Policia Metropolitana. Tot i que es desconeix el seu objectiu, la moto guarda una semblança sorprenent amb «l’Àngel»; batejada com a «Black Angel» —o «Llucifer»—, es converteix en el blanc d’una persecució implacable. Quina és la veritable identitat del culpable i quin és el seu objectiu final?",https://espaitexas.cat/wp-content/uploads/2026/09/01.-poster-conan-29---cat-1-768x1093.jpg,https://www.youtube.com/watch?v=e60QJBuUWg8,6.0,6.2,,,Espai Texas — Cinemes Texas,2026-10-08T20:00:00+02:00,Doblada,ca,,,5.0,published,Lunes–viernes 6€; jueves del espectador 4€; fin de semana 8€,https://espaitexas.cat/pelicula/detectiu-conan-langel-caigut-de-la-carretera/,https://espaitexas.koobin.cat/ca/detectiu-conan-langel-caigut-de-la-carretera-dob.-cat-20261008-2000,2026-10-08T06:57:18.252945+00:00
El ser querido,El ser querido,2026,Rodrigo Sorogoyen,Drama,"Un director de cine en declive elige a su hija, una actriz sin éxito, como protagonista de su nueva película, lo que los obliga a enfrentar su difícil relación y un pasado lleno de tensiones. Durante el rodaje, emergen viejos resentimientos y heridas no resueltas.",https://es.web.img3.acsta.net/c_160_213/img/6a/19/6a198e1c5149b89b1c8e72f06b68f212.jpeg,https://www.youtube.com/watch?v=ApdPm1KWUcc,7.2,7.2,83.0,,Cinemes Verdi + Verdi Park,2026-10-08T20:00:00+02:00,,es,,Digital,,unknown,"Lunes 5,90€; martes–viernes 8,50€; sábados, domingos y festivos 10€",https://www.sensacine.com/cines/cine/E0608/,https://verdibcn.admit-one.eu/seats/220758,2026-10-08T06:57:00.396426+00:00
Verity. La sombra de un engaño,Verity,2026,Michael Showalter,"Thriller, Drama","Lowen Ashleigh es contratada como escritora fantasma por Jeremy Crawford para escribir las novelas de su esposa Verity, autora de bestsellers, impedida tras un accidente. Lowen descubre las inquietantes verdades de Verity mientras reside en casa de los Crawford para trabajar. (FILMAFFINITY)",https://pics.filmaffinity.com/verity-273395489-large.jpg,https://www.filmaffinity.com/es/evideos.php?movie_id=740344,5.3,6.0,33.0,71.0,Cine Yelmo Westfield La Maquinista,2026-10-08T20:00:00+02:00,VO,,es,,,unknown,Tarifa variable; consultar el pase de La Maquinista,https://www.publicine.net/cartelera-cine/barcelona/yelmo-westfield-la-maquinista,https://cine.entradas.com/cine/barcelona/cine-yelmo-westfield-la-maquinista/evento/46409/verity-la-sombra-de-un-engano?mode=widget&change=0&ref=744,2026-10-08T06:58:01.153187+00:00
Digger,Digger,2026,Alejandro González Iñárritu,"Acción, Comedia","El hombre más poderoso del mundo provoca un desastre que amenaza a la humanidad. Para redimirse, emprende una misión arriesgada con el objetivo de convertirse en su salvador.",https://es.web.img3.acsta.net/c_160_213/img/0f/c9/0fc9092d6e2afd046417684533c535c4.jpg,https://www.youtube.com/watch?v=xU2jWSsaWY0,6.4,,,,Renoir Floridablanca,2026-10-08T20:10:00+02:00,VO,,es,,,unknown,"Taquilla: lun./mié. 5,50€; mar./jue. 8,50€; vie./sáb./dom. 9,80€",https://www.publicine.net/cartelera-cine/barcelona/renoir-floridablanca-cines,https://pillalas.com/pase/1089871/,2026-10-08T06:58:11.555621+00:00
El ser querido,El ser querido,2026,Rodrigo Sorogoyen,Drama,"Un director de cine en declive elige a su hija, una actriz sin éxito, como protagonista de su nueva película, lo que los obliga a enfrentar su difícil relación y un pasado lleno de tensiones. Durante el rodaje, emergen viejos resentimientos y heridas no resueltas.",https://es.web.img3.acsta.net/c_160_213/img/6a/19/6a198e1c5149b89b1c8e72f06b68f212.jpeg,https://www.youtube.com/watch?v=ApdPm1KWUcc,7.2,7.2,83.0,,Renoir Floridablanca,2026-10-08T20:10:00+02:00,,,,Digital,,unknown,"Taquilla: lun./mié. 5,50€; mar./jue. 8,50€; vie./sáb./dom. 9,80€",https://www.publicine.net/cartelera-cine/barcelona/renoir-floridablanca-cines,https://pillalas.com/pase/1089933/,2026-10-08T06:58:11.555621+00:00
Resident Evil,Resident Evil,2026,Zach Cregger,"Ciencia ficción, Suspense, Terror","Bryan, un mensajero médico, se ve atrapado inesperadamente en una noche de caos en la que la ciudad empieza a colapsar por una amenaza desconocida. Obligado a sobrevivir, deberá enfrentarse a una peligrosa carrera llena de acción mientras intenta escapar del horror que se desata a su alrededor.",https://es.web.img3.acsta.net/c_160_213/img/40/92/4092e505c00d28878024f17b01002c9c.jpg,https://www.filmaffinity.com/es/evideos.php?movie_id=579353,7.0,7.6,96.0,91.0,Cine Yelmo Westfield La Maquinista,2026-10-08T20:10:00+02:00,,,,Digital,,unknown,Tarifa variable; consultar el pase de La Maquinista,https://www.publicine.net/cartelera-cine/barcelona/yelmo-westfield-la-maquinista,https://cine.entradas.com/cine/barcelona/cine-yelmo-westfield-la-maquinista/evento/46410/resident-evil?mode=widget&change=0&ref=744,2026-10-08T06:58:01.153187+00:00
Verity. La sombra de un engaño,Verity,2026,Michael Showalter,"Thriller, Drama","Lowen Ashleigh es contratada como escritora fantasma por Jeremy Crawford para escribir las novelas de su esposa Verity, autora de bestsellers, impedida tras un accidente. Lowen descubre las inquietantes verdades de Verity mientras reside en casa de los Crawford para trabajar. (FILMAFFINITY)",https://pics.filmaffinity.com/verity-273395489-large.jpg,https://www.filmaffinity.com/es/evideos.php?movie_id=740344,5.3,6.0,33.0,71.0,Cinesa Diagonal Mar,2026-10-08T20:15:00+02:00,Doblada,,,Digital,,unknown,"Tarifa variable; seleccionar cine, fecha y sesión",https://www.publicine.net/cartelera-cine/barcelona/cinesa-diagonal-mar,https://web.cinesa.es/compra/butacas/?showtimeId=032-58923,2026-10-08T06:57:49.911074+00:00
Verity. La sombra de un engaño,Verity,2026,Michael Showalter,"Thriller, Drama","Lowen Ashleigh es contratada como escritora fantasma por Jeremy Crawford para escribir las novelas de su esposa Verity, autora de bestsellers, impedida tras un accidente. Lowen descubre las inquietantes verdades de Verity mientras reside en casa de los Crawford para trabajar. (FILMAFFINITY)",https://pics.filmaffinity.com/verity-273395489-large.jpg,https://www.filmaffinity.com/es/evideos.php?movie_id=740344,5.3,6.0,33.0,71.0,Cinesa SOM Multiespai,2026-10-08T20:15:00+02:00,VO,,es,Digital,,unknown,"Tarifa variable; seleccionar cine, fecha y sesión",https://www.publicine.net/cartelera-cine/barcelona/cinesa-som-multiespai-heron-city,https://web.cinesa.es/compra/butacas/?showtimeId=017-60674,2026-10-08T06:57:56.221234+00:00
Bad Apples,Bad Apples,2025,Jonatan Etzler,"Comedia, Suspense","Bad Apples es una sátira de suspense protagonizada por Saoirse Ronan. María, una maestra de primaria, lucha por controlar a una clase desbordada por un estudiante problemático. Cuando su carrera empieza a peligrar, toma decisiones equivocadas que la llevan a encerrar al niño en su casa.",https://es.web.img3.acsta.net/c_160_213/img/c5/e8/c5e8159e5734a4afbd746323d65ea2ef.jpg,https://www.youtube.com/watch?v=J6Y075CoJbE,6.9,7.1,,,Renoir Floridablanca,2026-10-08T20:15:00+02:00,VO,,es,,,unknown,"Taquilla: lun./mié. 5,50€; mar./jue. 8,50€; vie./sáb./dom. 9,80€",https://www.publicine.net/cartelera-cine/barcelona/renoir-floridablanca-cines,https://pillalas.com/pase/1089823/,2026-10-08T06:58:11.555621+00:00
Resident Evil,Resident Evil,2026,Zach Cregger,"Ciencia ficción, Suspense, Terror","Bryan, un mensajero médico, se ve atrapado inesperadamente en una noche de caos en la que la ciudad empieza a colapsar por una amenaza desconocida. Obligado a sobrevivir, deberá enfrentarse a una peligrosa carrera llena de acción mientras intenta escapar del horror que se desata a su alrededor.",https://es.web.img3.acsta.net/c_160_213/img/40/92/4092e505c00d28878024f17b01002c9c.jpg,https://www.filmaffinity.com/es/evideos.php?movie_id=579353,7.0,7.6,96.0,91.0,Cinesa Diagonal,2026-10-08T20:20:00+02:00,,,,Digital,,unknown,"Tarifa variable; seleccionar cine, fecha y sesión",https://www.publicine.net/cartelera-cine/barcelona/cinesa-diagonal,https://web.cinesa.es/compra/butacas/?showtimeId=012-55275,2026-10-08T06:57:43.478267+00:00
Resident Evil,Resident Evil,2026,Zach Cregger,"Ciencia ficción, Suspense, Terror","Bryan, un mensajero médico, se ve atrapado inesperadamente en una noche de caos en la que la ciudad empieza a colapsar por una amenaza desconocida. Obligado a sobrevivir, deberá enfrentarse a una peligrosa carrera llena de acción mientras intenta escapar del horror que se desata a su alrededor.",https://es.web.img3.acsta.net/c_160_213/img/40/92/4092e505c00d28878024f17b01002c9c.jpg,https://www.filmaffinity.com/es/evideos.php?movie_id=579353,7.0,7.6,96.0,91.0,Cinesa SOM Multiespai,2026-10-08T20:20:00+02:00,VO,,es,Digital,,unknown,"Tarifa variable; seleccionar cine, fecha y sesión",https://www.publicine.net/cartelera-cine/barcelona/cinesa-som-multiespai-heron-city,https://web.cinesa.es/compra/butacas/?showtimeId=017-60675,2026-10-08T06:57:56.221234+00:00
LA BOLA NEGRA,La bola negra,2026,"Javier Ambrossi, Javier Calvo",Drama,"ESTRENO EL VIERNES 25 DE SEPTIEMBRE. Las vidas interconectadas de tres hombres en tres épocas distintas. Tres existencias íntimamente ligadas por la sexualidad y el deseo, el dolor y la herencia; y una de las últimas obras, inacabada, de Federico García Lorca. Proyección en Dolby Atmos y 4K",https://phenomena-experience.com/obj/LCinesD_dat/eventos/JPg000fb.jpg,https://www.youtube.com/watch?v=nXkdGP4VVWI,,8.0,92.0,,Cinemes Verdi + Verdi Park,2026-10-08T20:20:00+02:00,,es,,Digital,,unknown,"Lunes 5,90€; martes–viernes 8,50€; sábados, domingos y festivos 10€",https://www.sensacine.com/cines/cine/E0608/,https://verdibcn.admit-one.eu/seats/220657,2026-10-08T06:57:00.396426+00:00
Digger,Digger,2026,Alejandro González Iñárritu,"Acción, Comedia","El hombre más poderoso del mundo provoca un desastre que amenaza a la humanidad. Para redimirse, emprende una misión arriesgada con el objetivo de convertirse en su salvador.",https://es.web.img3.acsta.net/c_160_213/img/0f/c9/0fc9092d6e2afd046417684533c535c4.jpg,https://www.youtube.com/watch?v=xU2jWSsaWY0,6.4,,,,Cinemes Verdi + Verdi Park,2026-10-08T20:25:00+02:00,VO,,es,Digital,,unknown,"Lunes 5,90€; martes–viernes 8,50€; sábados, domingos y festivos 10€",https://www.sensacine.com/cines/cine/E0608/,https://verdibcn.admit-one.eu/seats/220754,2026-10-08T06:57:00.396426+00:00
LA BOLA NEGRA,La bola negra,2026,"Javier Ambrossi, Javier Calvo",Drama,"ESTRENO EL VIERNES 25 DE SEPTIEMBRE. Las vidas interconectadas de tres hombres en tres épocas distintas. Tres existencias íntimamente ligadas por la sexualidad y el deseo, el dolor y la herencia; y una de las últimas obras, inacabada, de Federico García Lorca. Proyección en Dolby Atmos y 4K",https://phenomena-experience.com/obj/LCinesD_dat/eventos/JPg000fb.jpg,https://www.youtube.com/watch?v=nXkdGP4VVWI,,8.0,92.0,,Cine Yelmo Westfield La Maquinista,2026-10-08T20:25:00+02:00,,,,Digital,,unknown,Tarifa variable; consultar el pase de La Maquinista,https://www.publicine.net/cartelera-cine/barcelona/yelmo-westfield-la-maquinista,https://cine.entradas.com/cine/barcelona/cine-yelmo-westfield-la-maquinista/evento/46411/la-bola-negra?mode=widget&change=0&ref=744,2026-10-08T06:58:01.153187+00:00
Digger,Digger,2026,Alejandro González Iñárritu,"Acción, Comedia","El hombre más poderoso del mundo provoca un desastre que amenaza a la humanidad. Para redimirse, emprende una misión arriesgada con el objetivo de convertirse en su salvador.",https://es.web.img3.acsta.net/c_160_213/img/0f/c9/0fc9092d6e2afd046417684533c535c4.jpg,https://www.youtube.com/watch?v=xU2jWSsaWY0,6.4,,,,Cinesa Diagonal Mar,2026-10-08T20:30:00+02:00,Doblada,,,Digital,,unknown,"Tarifa variable; seleccionar cine, fecha y sesión",https://www.publicine.net/cartelera-cine/barcelona/cinesa-diagonal-mar,https://web.cinesa.es/compra/butacas/?showtimeId=032-58949,2026-10-08T06:57:49.911074+00:00
FORASTERA,Forastera,2025,Lucía Aleñar Iglesias,Drama,"La Cata veurà com les seves vacances d’estiu queden trastocades per la mort absurda i sobtada de la seva àvia, que només ella presencia. El seu dol fa un gir quan, de manera casual, comença a fer-se passar per la seva àvia. El que comença com un simple joc de disfresses acabarà desdibuixant els límits entre la realitat i els rols familiars.",https://espaitexas.cat/wp-content/uploads/2026/09/forastera-redes-cat-768x1097.jpg,https://www.filmaffinity.com/es/evideos.php?movie_id=872269,6.0,6.7,,,Espai Texas — Cinemes Texas,2026-10-08T20:30:00+02:00,VO,"CATALÀ, CASTELLÀ I ANGLÈS",ca,,5.0,published,Lunes–viernes 6€; jueves del espectador 4€; fin de semana 8€,https://espaitexas.cat/pelicula/forastera/,https://espaitexas.koobin.cat/ca/forastera-vosc-20261008-2030,2026-10-08T06:57:20.620237+00:00
Verity. La sombra de un engaño,Verity,2026,Michael Showalter,"Thriller, Drama","Lowen Ashleigh es contratada como escritora fantasma por Jeremy Crawford para escribir las novelas de su esposa Verity, autora de bestsellers, impedida tras un accidente. Lowen descubre las inquietantes verdades de Verity mientras reside en casa de los Crawford para trabajar. (FILMAFFINITY)",https://pics.filmaffinity.com/verity-273395489-large.jpg,https://www.filmaffinity.com/es/evideos.php?movie_id=740344,5.3,6.0,33.0,71.0,Cinemes Verdi + Verdi Park,2026-10-08T20:30:00+02:00,VO,,es,Digital,,unknown,"Lunes 5,90€; martes–viernes 8,50€; sábados, domingos y festivos 10€",https://www.sensacine.com/cines/cine/E0608/,https://verdibcn.admit-one.eu/seats/220756,2026-10-08T06:57:00.396426+00:00
LA BOLA NEGRA,La bola negra,2026,"Javier Ambrossi, Javier Calvo",Drama,"ESTRENO EL VIERNES 25 DE SEPTIEMBRE. Las vidas interconectadas de tres hombres en tres épocas distintas. Tres existencias íntimamente ligadas por la sexualidad y el deseo, el dolor y la herencia; y una de las últimas obras, inacabada, de Federico García Lorca. Proyección en Dolby Atmos y 4K",https://phenomena-experience.com/obj/LCinesD_dat/eventos/JPg000fb.jpg,https://www.youtube.com/watch?v=nXkdGP4VVWI,,8.0,92.0,,Cinesa Diagonal,2026-10-08T20:35:00+02:00,,,,Digital,,unknown,"Tarifa variable; seleccionar cine, fecha y sesión",https://www.publicine.net/cartelera-cine/barcelona/cinesa-diagonal,https://web.cinesa.es/compra/butacas/?showtimeId=012-55278,2026-10-08T06:57:43.478267+00:00
Resident Evil,Resident Evil,2026,Zach Cregger,"Ciencia ficción, Suspense, Terror","Bryan, un mensajero médico, se ve atrapado inesperadamente en una noche de caos en la que la ciudad empieza a colapsar por una amenaza desconocida. Obligado a sobrevivir, deberá enfrentarse a una peligrosa carrera llena de acción mientras intenta escapar del horror que se desata a su alrededor.",https://es.web.img3.acsta.net/c_160_213/img/40/92/4092e505c00d28878024f17b01002c9c.jpg,https://www.filmaffinity.com/es/evideos.php?movie_id=579353,7.0,7.6,96.0,91.0,Cinemes Verdi + Verdi Park,2026-10-08T20:35:00+02:00,VO,,es,Digital,,unknown,"Lunes 5,90€; martes–viernes 8,50€; sábados, domingos y festivos 10€",https://www.sensacine.com/cines/cine/E0608/,https://verdibcn.admit-one.eu/seats/220746,2026-10-08T06:57:00.396426+00:00
Digger,Digger,2026,Alejandro González Iñárritu,"Acción, Comedia","El hombre más poderoso del mundo provoca un desastre que amenaza a la humanidad. Para redimirse, emprende una misión arriesgada con el objetivo de convertirse en su salvador.",https://es.web.img3.acsta.net/c_160_213/img/0f/c9/0fc9092d6e2afd046417684533c535c4.jpg,https://www.youtube.com/watch?v=xU2jWSsaWY0,6.4,,,,Cinesa SOM Multiespai,2026-10-08T20:45:00+02:00,Doblada,,,Digital,,unknown,"Tarifa variable; seleccionar cine, fecha y sesión",https://www.publicine.net/cartelera-cine/barcelona/cinesa-som-multiespai-heron-city,https://web.cinesa.es/compra/butacas/?showtimeId=017-60676,2026-10-08T06:57:56.221234+00:00
La Odisea,The Odyssey,2026,Christopher Nolan,"Acción, Fantasía","Tras la guerra de Troya, Odiseo se enfrenta un peligroso viaje de 10 años para regresar a Ítaca, superando dioses, monstruos y desafíos épicos. Mientras tanto, su esposa Penélope resiste a los pretendientes que amenazan su reino.",https://es.web.img3.acsta.net/c_160_213/img/1a/23/1a238e79ea26da69c2ff751c232c60e3.png,https://www.youtube.com/watch?v=NUIIc9gZOcQ,7.6,8.4,,,Cinesa Diagonal Mar,2026-10-08T20:50:00+02:00,VO,,es,Digital,,unknown,"Tarifa variable; seleccionar cine, fecha y sesión",https://www.publicine.net/cartelera-cine/barcelona/cinesa-diagonal-mar,https://web.cinesa.es/compra/butacas/?showtimeId=032-58935,2026-10-08T06:57:49.911074+00:00
Vengadores Endgame: Encore,,,"Joe Russo, Anthony Russo","Aventuras, Fantástico","El grave curso de los acontecimientos puesto en marcha por Thanos, el Titán loco, obliga a los Vengadores y a sus aliados a tomar una última posición para restaurar el orden en el universo al precio que sea.",https://www.publicine.net/img/pel/full/16350f_vengadores-endgame-encore.webp,https://www.youtube.com/watch?v=kJeJTYHUtW0,,,,,Cinesa Diagonal,2026-10-08T21:00:00+02:00,,,,Digital,,unknown,"Tarifa variable; seleccionar cine, fecha y sesión",https://www.publicine.net/cartelera-cine/barcelona/cinesa-diagonal,https://web.cinesa.es/compra/butacas/?showtimeId=012-55297,2026-10-08T06:57:43.478267+00:00
LA BOLA NEGRA,La bola negra,2026,"Javier Ambrossi, Javier Calvo",Drama,"ESTRENO EL VIERNES 25 DE SEPTIEMBRE. Las vidas interconectadas de tres hombres en tres épocas distintas. Tres existencias íntimamente ligadas por la sexualidad y el deseo, el dolor y la herencia; y una de las últimas obras, inacabada, de Federico García Lorca. Proyección en Dolby Atmos y 4K",https://phenomena-experience.com/obj/LCinesD_dat/eventos/JPg000fb.jpg,https://www.youtube.com/watch?v=nXkdGP4VVWI,,8.0,92.0,,Cinesa Diagonal Mar,2026-10-08T21:00:00+02:00,Doblada,,,Digital,,unknown,"Tarifa variable; seleccionar cine, fecha y sesión",https://www.publicine.net/cartelera-cine/barcelona/cinesa-diagonal-mar,https://web.cinesa.es/compra/butacas/?showtimeId=032-58937,2026-10-08T06:57:49.911074+00:00
La Odisea,The Odyssey,2026,Christopher Nolan,"Acción, Fantasía","Tras la guerra de Troya, Odiseo se enfrenta un peligroso viaje de 10 años para regresar a Ítaca, superando dioses, monstruos y desafíos épicos. Mientras tanto, su esposa Penélope resiste a los pretendientes que amenazan su reino.",https://es.web.img3.acsta.net/c_160_213/img/1a/23/1a238e79ea26da69c2ff751c232c60e3.png,https://www.youtube.com/watch?v=NUIIc9gZOcQ,7.6,8.4,,,Cinesa SOM Multiespai,2026-10-08T21:00:00+02:00,Doblada,,,Digital,,unknown,"Tarifa variable; seleccionar cine, fecha y sesión",https://www.publicine.net/cartelera-cine/barcelona/cinesa-som-multiespai-heron-city,https://web.cinesa.es/compra/butacas/?showtimeId=017-60711,2026-10-08T06:57:56.221234+00:00
Hard Eight (Sydney),Hard Eight (Sydney),1996,Paul Thomas Anderson,"Thriller, Drama","L’opera prima de Paul Thomas Anderson transcorre, sobre un guió del mateix cineasta, en els ambients del joc de Reno (Nevada), i concentra l’acció en pocs personatges.",https://pics.filmaffinity.com/hard_eight_sydney-406732646-large.jpg,https://www.youtube.com/embed/jXM5VTSL7Hg,6.6,,,,Filmoteca de Catalunya — Sales Chomón i Laya,2026-10-08T21:00:00+02:00,VO,,es,35 mm,,unknown,General 4€; reducida 3€; programación infantil 2€,https://www.filmoteca.cat/web/ca/film/hard-eight-sydney,https://euromus.cultura.gencat.cat/filmoteca/venda/index.jsp?lang=1&nom_cache=FILMOTECA&property=FILMOTECA&codiActiv=1017&codiCicle=3,2026-10-08T06:57:01.522533+00:00
Verity. La sombra de un engaño,Verity,2026,Michael Showalter,"Thriller, Drama","Lowen Ashleigh es contratada como escritora fantasma por Jeremy Crawford para escribir las novelas de su esposa Verity, autora de bestsellers, impedida tras un accidente. Lowen descubre las inquietantes verdades de Verity mientras reside en casa de los Crawford para trabajar. (FILMAFFINITY)",https://pics.filmaffinity.com/verity-273395489-large.jpg,https://www.filmaffinity.com/es/evideos.php?movie_id=740344,5.3,6.0,33.0,71.0,Mooby Glòries,2026-10-08T21:00:00+02:00,VO,,es,,,unknown,"L–J laborables 9€; mié./jue. 6,50€; vie./sáb./festivos 10€",https://www.filmaffinity.com/es/theater-showtimes.php?id=226,https://moobycinemas-glorias.admit-one.eu/?p=tickets&perfCode=120717&language=esp&theatre=25,2026-09-21T09:17:45.870590+02:00
Verity. La sombra de un engaño,Verity,2026,Michael Showalter,"Thriller, Drama","Lowen Ashleigh es contratada como escritora fantasma por Jeremy Crawford para escribir las novelas de su esposa Verity, autora de bestsellers, impedida tras un accidente. Lowen descubre las inquietantes verdades de Verity mientras reside en casa de los Crawford para trabajar. (FILMAFFINITY)",https://pics.filmaffinity.com/verity-273395489-large.jpg,https://www.filmaffinity.com/es/evideos.php?movie_id=740344,5.3,6.0,33.0,71.0,Mooby Gran Sarrià Club,2026-10-08T21:00:00+02:00,VO,,es,,,unknown,L–J laborables 11€; vie./sáb./festivos 13€,https://www.filmaffinity.com/es/theater-showtimes.php?id=227,https://moobycinemas-sarria.admit-one.eu/?p=tickets&perfCode=117152&language=esp&theatre=26,2026-09-21T09:17:45.870590+02:00
LA BOLA NEGRA,La bola negra,2026,"Javier Ambrossi, Javier Calvo",Drama,"ESTRENO EL VIERNES 25 DE SEPTIEMBRE. Las vidas interconectadas de tres hombres en tres épocas distintas. Tres existencias íntimamente ligadas por la sexualidad y el deseo, el dolor y la herencia; y una de las últimas obras, inacabada, de Federico García Lorca. Proyección en Dolby Atmos y 4K",https://phenomena-experience.com/obj/LCinesD_dat/eventos/JPg000fb.jpg,https://www.youtube.com/watch?v=nXkdGP4VVWI,,8.0,92.0,,Zumzeig Cinecooperativa,2026-10-08T21:00:00+02:00,VO,es,,,,unknown,"General 7,50€; miércoles no festivos 5,50€; reducida 6€; socias 4,50€",https://zumzeigcine.coop/cinema/films/la-bola-negra/,https://www.codetickets.com/portal/zumzeigcooperativa/online/37225/101700,2026-10-08T06:57:10.312018+00:00
LA BOLA NEGRA,La bola negra,2026,"Javier Ambrossi, Javier Calvo",Drama,"ESTRENO EL VIERNES 25 DE SEPTIEMBRE. Las vidas interconectadas de tres hombres en tres épocas distintas. Tres existencias íntimamente ligadas por la sexualidad y el deseo, el dolor y la herencia; y una de las últimas obras, inacabada, de Federico García Lorca. Proyección en Dolby Atmos y 4K",https://phenomena-experience.com/obj/LCinesD_dat/eventos/JPg000fb.jpg,https://www.youtube.com/watch?v=nXkdGP4VVWI,,8.0,92.0,,Zumzeig Cinecooperativa,2026-10-08T21:00:00+02:00,Doblada,,,Digital,,unknown,"General 7,50€; miércoles no festivos 5,50€; reducida 6€; socias 4,50€",https://www.sensacine.com/cines/cine/E0850/,https://zumzeigcine.coop/cinema/films/la-bola-negra/,2026-10-08T06:58:07.060161+00:00
LA BOLA NEGRA,La bola negra,2026,"Javier Ambrossi, Javier Calvo",Drama,"ESTRENO EL VIERNES 25 DE SEPTIEMBRE. Las vidas interconectadas de tres hombres en tres épocas distintas. Tres existencias íntimamente ligadas por la sexualidad y el deseo, el dolor y la herencia; y una de las últimas obras, inacabada, de Federico García Lorca. Proyección en Dolby Atmos y 4K",https://phenomena-experience.com/obj/LCinesD_dat/eventos/JPg000fb.jpg,https://www.youtube.com/watch?v=nXkdGP4VVWI,,8.0,92.0,,Cinemes Verdi + Verdi Park,2026-10-08T21:10:00+02:00,,es,,Digital,,unknown,"Lunes 5,90€; martes–viernes 8,50€; sábados, domingos y festivos 10€",https://www.sensacine.com/cines/cine/E0608/,https://verdibcn.admit-one.eu/seats/220659,2026-10-08T06:57:00.396426+00:00
LA BOLA NEGRA,La bola negra,2026,"Javier Ambrossi, Javier Calvo",Drama,"ESTRENO EL VIERNES 25 DE SEPTIEMBRE. Las vidas interconectadas de tres hombres en tres épocas distintas. Tres existencias íntimamente ligadas por la sexualidad y el deseo, el dolor y la herencia; y una de las últimas obras, inacabada, de Federico García Lorca. Proyección en Dolby Atmos y 4K",https://phenomena-experience.com/obj/LCinesD_dat/eventos/JPg000fb.jpg,https://www.youtube.com/watch?v=nXkdGP4VVWI,,8.0,92.0,,Cinesa Diagonal,2026-10-08T21:15:00+02:00,,,,Digital,,unknown,"Tarifa variable; seleccionar cine, fecha y sesión",https://www.publicine.net/cartelera-cine/barcelona/cinesa-diagonal,https://web.cinesa.es/compra/butacas/?showtimeId=012-55282,2026-10-08T06:57:43.478267+00:00
Vengadores: Endgame (Reestreno),Avengers Endgame: Encore,,"Joe Russo , Anthony Russo","Acción, Aventura, Ciencia ficción","Tras la devastación causada por Thanos, el universo queda sumido en el caos y los Vengadores enfrentan su derrota más amarga. Mientras Tony Stark permanece varado en el espacio, el resto del equipo idea un plan desesperado para revertir la catástrofe. Reunidos con nuevos aliados, se preparan para una confrontación final que podría cambiarlo ...",https://es.web.img3.acsta.net/c_160_213/img/18/9c/189cfab1f23eaa68a37fa286ae1e28b1.jpg,,,,,,Cinesa SOM Multiespai,2026-10-08T21:15:00+02:00,Doblada,,,Digital,,unknown,"Tarifa variable; seleccionar cine, fecha y sesión",https://www.sensacine.com/cines/cine/E0388/,https://www.cinesa.es/compra/butacas/?showtimeId=017-60678,2026-10-08T06:57:53.985131+00:00
Vengadores Endgame: Encore,,,"Joe Russo, Anthony Russo","Aventuras, Fantástico","El grave curso de los acontecimientos puesto en marcha por Thanos, el Titán loco, obliga a los Vengadores y a sus aliados a tomar una última posición para restaurar el orden en el universo al precio que sea.",https://www.publicine.net/img/pel/full/16350f_vengadores-endgame-encore.webp,https://www.youtube.com/watch?v=kJeJTYHUtW0,,,,,Cinesa SOM Multiespai,2026-10-08T21:15:00+02:00,,,,Digital,,unknown,"Tarifa variable; seleccionar cine, fecha y sesión",https://www.publicine.net/cartelera-cine/barcelona/cinesa-som-multiespai-heron-city,https://web.cinesa.es/compra/butacas/?showtimeId=017-60678,2026-10-08T06:57:56.221234+00:00
LA BOLA NEGRA,La bola negra,2026,"Javier Ambrossi, Javier Calvo",Drama,"ESTRENO EL VIERNES 25 DE SEPTIEMBRE. Las vidas interconectadas de tres hombres en tres épocas distintas. Tres existencias íntimamente ligadas por la sexualidad y el deseo, el dolor y la herencia; y una de las últimas obras, inacabada, de Federico García Lorca. Proyección en Dolby Atmos y 4K",https://phenomena-experience.com/obj/LCinesD_dat/eventos/JPg000fb.jpg,https://www.youtube.com/watch?v=nXkdGP4VVWI,,8.0,92.0,,Renoir Floridablanca,2026-10-08T21:15:00+02:00,,,,Digital,,unknown,"Taquilla: lun./mié. 5,50€; mar./jue. 8,50€; vie./sáb./dom. 9,80€",https://www.publicine.net/cartelera-cine/barcelona/renoir-floridablanca-cines,https://pillalas.com/pase/1089913/,2026-10-08T06:58:11.555621+00:00
En el corazón de la bestia,Heart Of The Beast,2026,David Ayer,"Acción, Aventura","Un ex soldado herido y su perro militar luchan por sobrevivir en la naturaleza salvaje de Alaska. Enfrentando frío, soledad y peligros constantes, su vínculo será clave para regresar a casa.",https://es.web.img3.acsta.net/c_160_213/img/06/8b/068b23e941178cfd676278b44064f0e9.jpg,https://www.youtube.com/watch?v=Rh24D89hFMg,6.4,7.3,85.0,94.0,Cine Yelmo Westfield La Maquinista,2026-10-08T21:15:00+02:00,,,,Digital,,unknown,Tarifa variable; consultar el pase de La Maquinista,https://www.publicine.net/cartelera-cine/barcelona/yelmo-westfield-la-maquinista,https://cine.entradas.com/cine/barcelona/cine-yelmo-westfield-la-maquinista/evento/46413/en-el-corazon-de-la-bestia?mode=widget&change=0&ref=744,2026-10-08T06:58:01.153187+00:00
Vengadores: Endgame (Reestreno),Avengers Endgame: Encore,,"Joe Russo , Anthony Russo","Acción, Aventura, Ciencia ficción","Tras la devastación causada por Thanos, el universo queda sumido en el caos y los Vengadores enfrentan su derrota más amarga. Mientras Tony Stark permanece varado en el espacio, el resto del equipo idea un plan desesperado para revertir la catástrofe. Reunidos con nuevos aliados, se preparan para una confrontación final que podría cambiarlo ...",https://es.web.img3.acsta.net/c_160_213/img/18/9c/189cfab1f23eaa68a37fa286ae1e28b1.jpg,,,,,,Cinesa Diagonal Mar,2026-10-08T21:20:00+02:00,Doblada,,,Digital,,unknown,"Tarifa variable; seleccionar cine, fecha y sesión",https://www.sensacine.com/cines/cine/E0382/,https://www.cinesa.es/compra/butacas/?showtimeId=032-58938,2026-10-08T06:57:47.544472+00:00
Vengadores Endgame: Encore,,,"Joe Russo, Anthony Russo","Aventuras, Fantástico","El grave curso de los acontecimientos puesto en marcha por Thanos, el Titán loco, obliga a los Vengadores y a sus aliados a tomar una última posición para restaurar el orden en el universo al precio que sea.",https://www.publicine.net/img/pel/full/16350f_vengadores-endgame-encore.webp,https://www.youtube.com/watch?v=kJeJTYHUtW0,,,,,Cinesa Diagonal Mar,2026-10-08T21:20:00+02:00,,,,Digital,,unknown,"Tarifa variable; seleccionar cine, fecha y sesión",https://www.publicine.net/cartelera-cine/barcelona/cinesa-diagonal-mar,https://web.cinesa.es/compra/butacas/?showtimeId=032-58938,2026-10-08T06:57:49.911074+00:00
Verity. La sombra de un engaño,Verity,2026,Michael Showalter,"Thriller, Drama","Lowen Ashleigh es contratada como escritora fantasma por Jeremy Crawford para escribir las novelas de su esposa Verity, autora de bestsellers, impedida tras un accidente. Lowen descubre las inquietantes verdades de Verity mientras reside en casa de los Crawford para trabajar. (FILMAFFINITY)",https://pics.filmaffinity.com/verity-273395489-large.jpg,https://www.filmaffinity.com/es/evideos.php?movie_id=740344,5.3,6.0,33.0,71.0,Mooby Arenas de Barcelona,2026-10-08T21:20:00+02:00,VO,,es,,,unknown,"L–J laborables 9€; mié./jue. 6,50€; vie./sáb./festivos 10€",https://www.filmaffinity.com/es/theater-showtimes.php?id=501,https://moobycinemas-arenas.admit-one.eu/?p=tickets&perfCode=191941&language=esp&theatre=24,2026-09-21T09:17:45.870590+02:00
LA BOLA NEGRA,La bola negra,2026,"Javier Ambrossi, Javier Calvo",Drama,"ESTRENO EL VIERNES 25 DE SEPTIEMBRE. Las vidas interconectadas de tres hombres en tres épocas distintas. Tres existencias íntimamente ligadas por la sexualidad y el deseo, el dolor y la herencia; y una de las últimas obras, inacabada, de Federico García Lorca. Proyección en Dolby Atmos y 4K",https://phenomena-experience.com/obj/LCinesD_dat/eventos/JPg000fb.jpg,https://www.youtube.com/watch?v=nXkdGP4VVWI,,8.0,92.0,,Phenomena Experience,2026-10-08T21:20:00+02:00,,,,"4K, Dolby Atmos, Digital",12.0,published,Precio según pase; consultar la ficha de la película,https://phenomena-experience.com/index?pag=cartelera,https://www.reservaentradas.com/entrada/barcelona/phenomenaexperience/la-bola-negra-proyeccion-en-dolby-atmos-y-4k/13579/,2026-10-08T06:57:05.017772+00:00
Vengadores Endgame: Encore,,,"Joe Russo, Anthony Russo","Aventuras, Fantástico","El grave curso de los acontecimientos puesto en marcha por Thanos, el Titán loco, obliga a los Vengadores y a sus aliados a tomar una última posición para restaurar el orden en el universo al precio que sea.",https://www.publicine.net/img/pel/full/16350f_vengadores-endgame-encore.webp,https://www.youtube.com/watch?v=kJeJTYHUtW0,,,,,Cine Yelmo Westfield La Maquinista,2026-10-08T21:25:00+02:00,,,,3D,,unknown,Tarifa variable; consultar el pase de La Maquinista,https://www.publicine.net/cartelera-cine/barcelona/yelmo-westfield-la-maquinista,https://cine.entradas.com/cine/barcelona/cine-yelmo-westfield-la-maquinista/evento/46414/vengadores-endgame-encore-infinity-vision?mode=widget&change=0&ref=744,2026-10-08T06:58:01.153187+00:00
Verity. La sombra de un engaño,Verity,2026,Michael Showalter,"Thriller, Drama","Lowen Ashleigh es contratada como escritora fantasma por Jeremy Crawford para escribir las novelas de su esposa Verity, autora de bestsellers, impedida tras un accidente. Lowen descubre las inquietantes verdades de Verity mientras reside en casa de los Crawford para trabajar. (FILMAFFINITY)",https://pics.filmaffinity.com/verity-273395489-large.jpg,https://www.filmaffinity.com/es/evideos.php?movie_id=740344,5.3,6.0,33.0,71.0,Cinesa Diagonal,2026-10-08T21:30:00+02:00,VO,,es,,,unknown,"Tarifa variable; seleccionar cine, fecha y sesión",https://www.publicine.net/cartelera-cine/barcelona/cinesa-diagonal,https://web.cinesa.es/compra/butacas/?showtimeId=012-55285,2026-10-08T06:57:43.478267+00:00
Verity. La sombra de un engaño,Verity,2026,Michael Showalter,"Thriller, Drama","Lowen Ashleigh es contratada como escritora fantasma por Jeremy Crawford para escribir las novelas de su esposa Verity, autora de bestsellers, impedida tras un accidente. Lowen descubre las inquietantes verdades de Verity mientras reside en casa de los Crawford para trabajar. (FILMAFFINITY)",https://pics.filmaffinity.com/verity-273395489-large.jpg,https://www.filmaffinity.com/es/evideos.php?movie_id=740344,5.3,6.0,33.0,71.0,Mooby Balmes,2026-10-08T21:30:00+02:00,VO,,es,,,unknown,"L–J laborables 9€; miércoles 6,50€; vie./sáb./festivos 10€",https://www.filmaffinity.com/es/theater-showtimes.php?id=542,https://moobycinemas-balmes.admit-one.eu/?p=tickets&perfCode=187529&language=esp&theatre=29,2026-09-21T09:17:45.870590+02:00
Verity. La sombra de un engaño,Verity,2026,Michael Showalter,"Thriller, Drama","Lowen Ashleigh es contratada como escritora fantasma por Jeremy Crawford para escribir las novelas de su esposa Verity, autora de bestsellers, impedida tras un accidente. Lowen descubre las inquietantes verdades de Verity mientras reside en casa de los Crawford para trabajar. (FILMAFFINITY)",https://pics.filmaffinity.com/verity-273395489-large.jpg,https://www.filmaffinity.com/es/evideos.php?movie_id=740344,5.3,6.0,33.0,71.0,Cinesa Diagonal Mar,2026-10-08T21:40:00+02:00,VO,,es,Digital,,unknown,"Tarifa variable; seleccionar cine, fecha y sesión",https://www.publicine.net/cartelera-cine/barcelona/cinesa-diagonal-mar,https://web.cinesa.es/compra/butacas/?showtimeId=032-58939,2026-10-08T06:57:49.911074+00:00
Verity. La sombra de un engaño,Verity,2026,Michael Showalter,"Thriller, Drama","Lowen Ashleigh es contratada como escritora fantasma por Jeremy Crawford para escribir las novelas de su esposa Verity, autora de bestsellers, impedida tras un accidente. Lowen descubre las inquietantes verdades de Verity mientras reside en casa de los Crawford para trabajar. (FILMAFFINITY)",https://pics.filmaffinity.com/verity-273395489-large.jpg,https://www.filmaffinity.com/es/evideos.php?movie_id=740344,5.3,6.0,33.0,71.0,Cinesa SOM Multiespai,2026-10-08T21:40:00+02:00,Doblada,,,Digital,,unknown,"Tarifa variable; seleccionar cine, fecha y sesión",https://www.publicine.net/cartelera-cine/barcelona/cinesa-som-multiespai-heron-city,https://web.cinesa.es/compra/butacas/?showtimeId=017-60679,2026-10-08T06:57:56.221234+00:00
LA BOLA NEGRA,La bola negra,2026,"Javier Ambrossi, Javier Calvo",Drama,"ESTRENO EL VIERNES 25 DE SEPTIEMBRE. Las vidas interconectadas de tres hombres en tres épocas distintas. Tres existencias íntimamente ligadas por la sexualidad y el deseo, el dolor y la herencia; y una de las últimas obras, inacabada, de Federico García Lorca. Proyección en Dolby Atmos y 4K",https://phenomena-experience.com/obj/LCinesD_dat/eventos/JPg000fb.jpg,https://www.youtube.com/watch?v=nXkdGP4VVWI,,8.0,92.0,,Cinesa Diagonal,2026-10-08T21:45:00+02:00,,,,Digital,,unknown,"Tarifa variable; seleccionar cine, fecha y sesión",https://www.publicine.net/cartelera-cine/barcelona/cinesa-diagonal,https://web.cinesa.es/compra/butacas/?showtimeId=012-55288,2026-10-08T06:57:43.478267+00:00
LA BOLA NEGRA,La bola negra,2026,"Javier Ambrossi, Javier Calvo",Drama,"ESTRENO EL VIERNES 25 DE SEPTIEMBRE. Las vidas interconectadas de tres hombres en tres épocas distintas. Tres existencias íntimamente ligadas por la sexualidad y el deseo, el dolor y la herencia; y una de las últimas obras, inacabada, de Federico García Lorca. Proyección en Dolby Atmos y 4K",https://phenomena-experience.com/obj/LCinesD_dat/eventos/JPg000fb.jpg,https://www.youtube.com/watch?v=nXkdGP4VVWI,,8.0,92.0,,Cine Yelmo Westfield La Maquinista,2026-10-08T21:45:00+02:00,,,,Digital,,unknown,Tarifa variable; consultar el pase de La Maquinista,https://www.publicine.net/cartelera-cine/barcelona/yelmo-westfield-la-maquinista,https://cine.entradas.com/cine/barcelona/cine-yelmo-westfield-la-maquinista/evento/46415/la-bola-negra?mode=widget&change=0&ref=744,2026-10-08T06:58:01.153187+00:00
LA BOLA NEGRA,La bola negra,2026,"Javier Ambrossi, Javier Calvo",Drama,"ESTRENO EL VIERNES 25 DE SEPTIEMBRE. Las vidas interconectadas de tres hombres en tres épocas distintas. Tres existencias íntimamente ligadas por la sexualidad y el deseo, el dolor y la herencia; y una de las últimas obras, inacabada, de Federico García Lorca. Proyección en Dolby Atmos y 4K",https://phenomena-experience.com/obj/LCinesD_dat/eventos/JPg000fb.jpg,https://www.youtube.com/watch?v=nXkdGP4VVWI,,8.0,92.0,,Cinesa Diagonal Mar,2026-10-08T21:50:00+02:00,Doblada,,,Digital,,unknown,"Tarifa variable; seleccionar cine, fecha y sesión",https://www.publicine.net/cartelera-cine/barcelona/cinesa-diagonal-mar,https://web.cinesa.es/compra/butacas/?showtimeId=032-58940,2026-10-08T06:57:49.911074+00:00
LA BOLA NEGRA,La bola negra,2026,"Javier Ambrossi, Javier Calvo",Drama,"ESTRENO EL VIERNES 25 DE SEPTIEMBRE. Las vidas interconectadas de tres hombres en tres épocas distintas. Tres existencias íntimamente ligadas por la sexualidad y el deseo, el dolor y la herencia; y una de las últimas obras, inacabada, de Federico García Lorca. Proyección en Dolby Atmos y 4K",https://phenomena-experience.com/obj/LCinesD_dat/eventos/JPg000fb.jpg,https://www.youtube.com/watch?v=nXkdGP4VVWI,,8.0,92.0,,Cinesa SOM Multiespai,2026-10-08T21:50:00+02:00,,,,Digital,,unknown,"Tarifa variable; seleccionar cine, fecha y sesión",https://www.publicine.net/cartelera-cine/barcelona/cinesa-som-multiespai-heron-city,https://web.cinesa.es/compra/butacas/?showtimeId=017-60680,2026-10-08T06:57:56.221234+00:00
En el corazón de la bestia,Heart Of The Beast,2026,David Ayer,"Acción, Aventura","Un ex soldado herido y su perro militar luchan por sobrevivir en la naturaleza salvaje de Alaska. Enfrentando frío, soledad y peligros constantes, su vínculo será clave para regresar a casa.",https://es.web.img3.acsta.net/c_160_213/img/06/8b/068b23e941178cfd676278b44064f0e9.jpg,https://www.youtube.com/watch?v=Rh24D89hFMg,6.4,7.3,85.0,94.0,Cinesa Diagonal,2026-10-08T22:00:00+02:00,VO,,es,,,unknown,"Tarifa variable; seleccionar cine, fecha y sesión",https://www.publicine.net/cartelera-cine/barcelona/cinesa-diagonal,https://web.cinesa.es/compra/butacas/?showtimeId=012-55290,2026-10-08T06:57:43.478267+00:00
En el corazón de la bestia,Heart Of The Beast,2026,David Ayer,"Acción, Aventura","Un ex soldado herido y su perro militar luchan por sobrevivir en la naturaleza salvaje de Alaska. Enfrentando frío, soledad y peligros constantes, su vínculo será clave para regresar a casa.",https://es.web.img3.acsta.net/c_160_213/img/06/8b/068b23e941178cfd676278b44064f0e9.jpg,https://www.youtube.com/watch?v=Rh24D89hFMg,6.4,7.3,85.0,94.0,Cinesa SOM Multiespai,2026-10-08T22:00:00+02:00,,,,Digital,,unknown,"Tarifa variable; seleccionar cine, fecha y sesión",https://www.publicine.net/cartelera-cine/barcelona/cinesa-som-multiespai-heron-city,https://web.cinesa.es/compra/butacas/?showtimeId=017-60681,2026-10-08T06:57:56.221234+00:00
LA BOLA NEGRA,La bola negra,2026,"Javier Ambrossi, Javier Calvo",Drama,"ESTRENO EL VIERNES 25 DE SEPTIEMBRE. Las vidas interconectadas de tres hombres en tres épocas distintas. Tres existencias íntimamente ligadas por la sexualidad y el deseo, el dolor y la herencia; y una de las últimas obras, inacabada, de Federico García Lorca. Proyección en Dolby Atmos y 4K",https://phenomena-experience.com/obj/LCinesD_dat/eventos/JPg000fb.jpg,https://www.youtube.com/watch?v=nXkdGP4VVWI,,8.0,92.0,,Renoir Floridablanca,2026-10-08T22:00:00+02:00,,,,Digital,,unknown,"Taquilla: lun./mié. 5,50€; mar./jue. 8,50€; vie./sáb./dom. 9,80€",https://www.publicine.net/cartelera-cine/barcelona/renoir-floridablanca-cines,https://pillalas.com/pase/1089824/,2026-10-08T06:58:11.555621+00:00
Cronos,Cronos,2026,Fernando González Molina,"Drama, Suspense","La película sigue la operación Cronos, activada tras el atentado en Las Ramblas, durante cuatro días de tensión y confusión. La misión culmina con la captura del último terrorista, dejando heridas abiertas y un país marcado por el miedo y la frustración.",https://es.web.img3.acsta.net/c_160_213/img/68/13/6813bcb516cf8f5787c00a1d9a5ea6b0.jpg,https://www.youtube.com/watch?v=XymFT_jUeXY,6.2,6.7,,,Cinesa SOM Multiespai,2026-10-08T22:10:00+02:00,,,,Digital,,unknown,"Tarifa variable; seleccionar cine, fecha y sesión",https://www.publicine.net/cartelera-cine/barcelona/cinesa-som-multiespai-heron-city,https://web.cinesa.es/compra/butacas/?showtimeId=017-60682,2026-10-08T06:57:56.221234+00:00
Digger,Digger,2026,Alejandro González Iñárritu,"Acción, Comedia","El hombre más poderoso del mundo provoca un desastre que amenaza a la humanidad. Para redimirse, emprende una misión arriesgada con el objetivo de convertirse en su salvador.",https://es.web.img3.acsta.net/c_160_213/img/0f/c9/0fc9092d6e2afd046417684533c535c4.jpg,https://www.youtube.com/watch?v=xU2jWSsaWY0,6.4,,,,Cinesa Diagonal,2026-10-08T22:15:00+02:00,VO,,es,,,unknown,"Tarifa variable; seleccionar cine, fecha y sesión",https://www.publicine.net/cartelera-cine/barcelona/cinesa-diagonal,https://web.cinesa.es/compra/butacas/?showtimeId=012-55293,2026-10-08T06:57:43.478267+00:00
Digger,Digger,2026,Alejandro González Iñárritu,"Acción, Comedia","El hombre más poderoso del mundo provoca un desastre que amenaza a la humanidad. Para redimirse, emprende una misión arriesgada con el objetivo de convertirse en su salvador.",https://es.web.img3.acsta.net/c_160_213/img/0f/c9/0fc9092d6e2afd046417684533c535c4.jpg,https://www.youtube.com/watch?v=xU2jWSsaWY0,6.4,,,,Cinesa Diagonal Mar,2026-10-08T22:15:00+02:00,VO,,es,IMAX,,unknown,"Tarifa variable; seleccionar cine, fecha y sesión",https://www.publicine.net/cartelera-cine/barcelona/cinesa-diagonal-mar,https://web.cinesa.es/compra/butacas/?showtimeId=032-58931,2026-10-08T06:57:49.911074+00:00
Digger,Digger,2026,Alejandro González Iñárritu,"Acción, Comedia","El hombre más poderoso del mundo provoca un desastre que amenaza a la humanidad. Para redimirse, emprende una misión arriesgada con el objetivo de convertirse en su salvador.",https://es.web.img3.acsta.net/c_160_213/img/0f/c9/0fc9092d6e2afd046417684533c535c4.jpg,https://www.youtube.com/watch?v=xU2jWSsaWY0,6.4,,,,Cinesa SOM Multiespai,2026-10-08T22:15:00+02:00,,,,Digital,,unknown,"Tarifa variable; seleccionar cine, fecha y sesión",https://www.publicine.net/cartelera-cine/barcelona/cinesa-som-multiespai-heron-city,https://web.cinesa.es/compra/butacas/?showtimeId=017-60683,2026-10-08T06:57:56.221234+00:00
El ser querido,El ser querido,2026,Rodrigo Sorogoyen,Drama,"Un director de cine en declive elige a su hija, una actriz sin éxito, como protagonista de su nueva película, lo que los obliga a enfrentar su difícil relación y un pasado lleno de tensiones. Durante el rodaje, emergen viejos resentimientos y heridas no resueltas.",https://es.web.img3.acsta.net/c_160_213/img/6a/19/6a198e1c5149b89b1c8e72f06b68f212.jpeg,https://www.youtube.com/watch?v=ApdPm1KWUcc,7.2,7.2,83.0,,Renoir Floridablanca,2026-10-08T22:15:00+02:00,,,,Digital,,unknown,"Taquilla: lun./mié. 5,50€; mar./jue. 8,50€; vie./sáb./dom. 9,80€",https://www.publicine.net/cartelera-cine/barcelona/renoir-floridablanca-cines,https://pillalas.com/pase/1089782/,2026-10-08T06:58:11.555621+00:00
Cronos,Cronos,2026,Fernando González Molina,"Drama, Suspense","La película sigue la operación Cronos, activada tras el atentado en Las Ramblas, durante cuatro días de tensión y confusión. La misión culmina con la captura del último terrorista, dejando heridas abiertas y un país marcado por el miedo y la frustración.",https://es.web.img3.acsta.net/c_160_213/img/68/13/6813bcb516cf8f5787c00a1d9a5ea6b0.jpg,https://www.youtube.com/watch?v=XymFT_jUeXY,6.2,6.7,,,Cine Yelmo Westfield La Maquinista,2026-10-08T22:15:00+02:00,,,,Digital,,unknown,Tarifa variable; consultar el pase de La Maquinista,https://www.publicine.net/cartelera-cine/barcelona/yelmo-westfield-la-maquinista,https://www.publicine.net/venda/18172/59/aHR0cHM6Ly9jaW5lLmVudHJhZGFzLmNvbS9jaW5lL2JhcmNlbG9uYS9jaW5lLXllbG1vLXdlc3RmaWVsZC1sYS1tYXF1aW5pc3RhL2V2ZW50by80NjQxNi9jcm9ub3M/bW9kZT13aWRnZXQmY2hhbmdlPTAmcmVmPTc0NA,2026-10-08T06:58:01.153187+00:00
Resident Evil,Resident Evil,2026,Zach Cregger,"Ciencia ficción, Suspense, Terror","Bryan, un mensajero médico, se ve atrapado inesperadamente en una noche de caos en la que la ciudad empieza a colapsar por una amenaza desconocida. Obligado a sobrevivir, deberá enfrentarse a una peligrosa carrera llena de acción mientras intenta escapar del horror que se desata a su alrededor.",https://es.web.img3.acsta.net/c_160_213/img/40/92/4092e505c00d28878024f17b01002c9c.jpg,https://www.filmaffinity.com/es/evideos.php?movie_id=579353,7.0,7.6,96.0,91.0,Cine Yelmo Westfield La Maquinista,2026-10-08T22:15:00+02:00,VO,,es,,,unknown,Tarifa variable; consultar el pase de La Maquinista,https://www.publicine.net/cartelera-cine/barcelona/yelmo-westfield-la-maquinista,https://cine.entradas.com/cine/barcelona/cine-yelmo-westfield-la-maquinista/evento/46417/resident-evil?mode=widget&change=0&ref=744,2026-10-08T06:58:01.153187+00:00
Digger,Digger,2026,Alejandro González Iñárritu,"Acción, Comedia","El hombre más poderoso del mundo provoca un desastre que amenaza a la humanidad. Para redimirse, emprende una misión arriesgada con el objetivo de convertirse en su salvador.",https://es.web.img3.acsta.net/c_160_213/img/0f/c9/0fc9092d6e2afd046417684533c535c4.jpg,https://www.youtube.com/watch?v=xU2jWSsaWY0,6.4,,,,Cine Yelmo Westfield La Maquinista,2026-10-08T22:20:00+02:00,,,,Digital,,unknown,Tarifa variable; consultar el pase de La Maquinista,https://www.publicine.net/cartelera-cine/barcelona/yelmo-westfield-la-maquinista,https://www.publicine.net/venda/16322/59/aHR0cHM6Ly9jaW5lLmVudHJhZGFzLmNvbS9jaW5lL2JhcmNlbG9uYS9jaW5lLXllbG1vLXdlc3RmaWVsZC1sYS1tYXF1aW5pc3RhL2V2ZW50by80NjQxOC9kaWdnZXI/bW9kZT13aWRnZXQmY2hhbmdlPTAmcmVmPTc0NA,2026-10-08T06:58:01.153187+00:00
En el corazón de la bestia,Heart Of The Beast,2026,David Ayer,"Acción, Aventura","Un ex soldado herido y su perro militar luchan por sobrevivir en la naturaleza salvaje de Alaska. Enfrentando frío, soledad y peligros constantes, su vínculo será clave para regresar a casa.",https://es.web.img3.acsta.net/c_160_213/img/06/8b/068b23e941178cfd676278b44064f0e9.jpg,https://www.youtube.com/watch?v=Rh24D89hFMg,6.4,7.3,85.0,94.0,Cinesa Diagonal Mar,2026-10-08T22:25:00+02:00,Doblada,,,Digital,,unknown,"Tarifa variable; seleccionar cine, fecha y sesión",https://www.publicine.net/cartelera-cine/barcelona/cinesa-diagonal-mar,https://web.cinesa.es/compra/butacas/?showtimeId=032-58942,2026-10-08T06:57:49.911074+00:00
Resident Evil,Resident Evil,2026,Zach Cregger,"Ciencia ficción, Suspense, Terror","Bryan, un mensajero médico, se ve atrapado inesperadamente en una noche de caos en la que la ciudad empieza a colapsar por una amenaza desconocida. Obligado a sobrevivir, deberá enfrentarse a una peligrosa carrera llena de acción mientras intenta escapar del horror que se desata a su alrededor.",https://es.web.img3.acsta.net/c_160_213/img/40/92/4092e505c00d28878024f17b01002c9c.jpg,https://www.filmaffinity.com/es/evideos.php?movie_id=579353,7.0,7.6,96.0,91.0,Cinesa Diagonal Mar,2026-10-08T22:25:00+02:00,VO,,es,Digital,,unknown,"Tarifa variable; seleccionar cine, fecha y sesión",https://www.publicine.net/cartelera-cine/barcelona/cinesa-diagonal-mar,https://web.cinesa.es/compra/butacas/?showtimeId=032-58934,2026-10-08T06:57:49.911074+00:00
Fall 2: Deadpoint,Fall 2: Deadpoint,2026,"Peter Spierig , Michael Spierig","Aventura, Suspense","Para honrar la memoria de su difunta hermana Shiloh, Jax emprende una peligrosa escalada en el monte Kwan de Tailandia junto a una vieja amiga, quedando atrapadas a 1.500 metros de altura tras un violento desprendimiento de rocas. Asfixiante 'thriller' de supervivencia repleto de tensión, secretos del pasado y giros crueles.",https://es.web.img3.acsta.net/c_160_213/img/7b/a2/7ba2de391489809e5dabacd3fcb25013.jpg,https://www.youtube.com/watch?v=v1_g9t-Ht0U,,5.5,,,Cinesa SOM Multiespai,2026-10-08T22:25:00+02:00,,,,Digital,,unknown,"Tarifa variable; seleccionar cine, fecha y sesión",https://www.publicine.net/cartelera-cine/barcelona/cinesa-som-multiespai-heron-city,https://web.cinesa.es/compra/butacas/?showtimeId=017-60707,2026-10-08T06:57:56.221234+00:00
Resident Evil,Resident Evil,2026,Zach Cregger,"Ciencia ficción, Suspense, Terror","Bryan, un mensajero médico, se ve atrapado inesperadamente en una noche de caos en la que la ciudad empieza a colapsar por una amenaza desconocida. Obligado a sobrevivir, deberá enfrentarse a una peligrosa carrera llena de acción mientras intenta escapar del horror que se desata a su alrededor.",https://es.web.img3.acsta.net/c_160_213/img/40/92/4092e505c00d28878024f17b01002c9c.jpg,https://www.filmaffinity.com/es/evideos.php?movie_id=579353,7.0,7.6,96.0,91.0,Cinesa Diagonal,2026-10-08T22:30:00+02:00,VO,,es,,,unknown,"Tarifa variable; seleccionar cine, fecha y sesión",https://www.publicine.net/cartelera-cine/barcelona/cinesa-diagonal,https://web.cinesa.es/compra/butacas/?showtimeId=012-55296,2026-10-08T06:57:43.478267+00:00
Verity. La sombra de un engaño,Verity,2026,Michael Showalter,"Thriller, Drama","Lowen Ashleigh es contratada como escritora fantasma por Jeremy Crawford para escribir las novelas de su esposa Verity, autora de bestsellers, impedida tras un accidente. Lowen descubre las inquietantes verdades de Verity mientras reside en casa de los Crawford para trabajar. (FILMAFFINITY)",https://pics.filmaffinity.com/verity-273395489-large.jpg,https://www.filmaffinity.com/es/evideos.php?movie_id=740344,5.3,6.0,33.0,71.0,Cine Yelmo Westfield La Maquinista,2026-10-08T22:30:00+02:00,,,,Digital,,unknown,Tarifa variable; consultar el pase de La Maquinista,https://www.publicine.net/cartelera-cine/barcelona/yelmo-westfield-la-maquinista,https://cine.entradas.com/cine/barcelona/cine-yelmo-westfield-la-maquinista/evento/46419/verity-la-sombra-de-un-engano?mode=widget&change=0&ref=744,2026-10-08T06:58:01.153187+00:00
Resident Evil,Resident Evil,2026,Zach Cregger,"Ciencia ficción, Suspense, Terror","Bryan, un mensajero médico, se ve atrapado inesperadamente en una noche de caos en la que la ciudad empieza a colapsar por una amenaza desconocida. Obligado a sobrevivir, deberá enfrentarse a una peligrosa carrera llena de acción mientras intenta escapar del horror que se desata a su alrededor.",https://es.web.img3.acsta.net/c_160_213/img/40/92/4092e505c00d28878024f17b01002c9c.jpg,https://www.filmaffinity.com/es/evideos.php?movie_id=579353,7.0,7.6,96.0,91.0,Cinesa SOM Multiespai,2026-10-08T22:35:00+02:00,,,,Digital,,unknown,"Tarifa variable; seleccionar cine, fecha y sesión",https://www.publicine.net/cartelera-cine/barcelona/cinesa-som-multiespai-heron-city,https://web.cinesa.es/compra/butacas/?showtimeId=017-60684,2026-10-08T06:57:56.221234+00:00
Digger,Digger,2026,Alejandro González Iñárritu,"Acción, Comedia","El hombre más poderoso del mundo provoca un desastre que amenaza a la humanidad. Para redimirse, emprende una misión arriesgada con el objetivo de convertirse en su salvador.",https://es.web.img3.acsta.net/c_160_213/img/0f/c9/0fc9092d6e2afd046417684533c535c4.jpg,https://www.youtube.com/watch?v=xU2jWSsaWY0,6.4,,,,Renoir Floridablanca,2026-10-08T22:35:00+02:00,VO,,es,,,unknown,"Taquilla: lun./mié. 5,50€; mar./jue. 8,50€; vie./sáb./dom. 9,80€",https://www.publicine.net/cartelera-cine/barcelona/renoir-floridablanca-cines,https://pillalas.com/pase/1089872/,2026-10-08T06:58:11.555621+00:00
Bad Apples,Bad Apples,2025,Jonatan Etzler,"Comedia, Suspense","Bad Apples es una sátira de suspense protagonizada por Saoirse Ronan. María, una maestra de primaria, lucha por controlar a una clase desbordada por un estudiante problemático. Cuando su carrera empieza a peligrar, toma decisiones equivocadas que la llevan a encerrar al niño en su casa.",https://es.web.img3.acsta.net/c_160_213/img/c5/e8/c5e8159e5734a4afbd746323d65ea2ef.jpg,https://www.youtube.com/watch?v=J6Y075CoJbE,6.9,7.1,,,Renoir Floridablanca,2026-10-08T22:45:00+02:00,VO,,es,,,unknown,"Taquilla: lun./mié. 5,50€; mar./jue. 8,50€; vie./sáb./dom. 9,80€",https://www.publicine.net/cartelera-cine/barcelona/renoir-floridablanca-cines,https://pillalas.com/pase/1089934/,2026-10-08T06:58:11.555621+00:00
Narciso,Narciso,2026,Marcelo Martinessi,Drama,"Ambientada en el Paraguay de 1959 bajo la dictadura de Stroessner, el filme sigue a Narciso Arévalos, un apasionado de la música que se convierte en una amenaza para el orden moral del régimen. A través de la radio y el rock and roll, retrata la búsqueda de libertad y el miedo de una generación oprimida.",https://es.web.img3.acsta.net/c_160_213/img/b9/02/b9025dd8a02181cc77a268dc412cb93a.jpg,https://www.youtube.com/watch?v=w2BB8SBzFiA,5.9,6.3,,,Renoir Floridablanca,2026-10-08T22:45:00+02:00,,,,Digital,,unknown,"Taquilla: lun./mié. 5,50€; mar./jue. 8,50€; vie./sáb./dom. 9,80€",https://www.publicine.net/cartelera-cine/barcelona/renoir-floridablanca-cines,https://pillalas.com/pase/1089936/,2026-10-08T06:58:11.555621+00:00
Insidious. Fuera Del Más Allá,Insidious: Out of the Further,2026,Jacob Chase,Terror,"Gemma, una joven madre, descubre que puede viajar a un oscuro plano espiritual y traer entidades de vuelta al mundo real. Cuando fuerzas malignas detectan su poder, convierten la realidad en su terreno para desatar el caos.",https://www.publicine.net/img/pel/full/16457f_insidious-fuera-del-mas-alla.webp,https://www.youtube.com/watch?v=qAv9sb9DmJQ,5.5,6.1,57.0,68.0,Cine Yelmo Westfield La Maquinista,2026-10-08T22:45:00+02:00,,,,Digital,,unknown,Tarifa variable; consultar el pase de La Maquinista,https://www.publicine.net/cartelera-cine/barcelona/yelmo-westfield-la-maquinista,https://cine.entradas.com/cine/barcelona/cine-yelmo-westfield-la-maquinista/evento/46420/insidious-fuera-del-mas-alla?mode=widget&change=0&ref=744,2026-10-08T06:58:01.153187+00:00
EL TALENTO DE MR. RIPLEY,The Talented Mr. Ripley,1999,Anthony Minghella,Drama,"Tom Ripley (Matt Damon) es contratado por el padre de Dickie (Jude Law) para que viaje a Italia y entable amistad con este y termine convenciéndolo para vuelva a casa con el fin de dirigir la empresa familiar y pasar los últimos momentos con su madre enferma. Cuando conoce a Dickie, que es un playboy, Tom se queda fascinado con el estilo de vida que llevan él y su novia Marge (Gwyneth Paltrow). Rápidamente se acostumbra a ese modo de vida y a la compañía de Dickie, por el que empieza a sentir algo más que amistad. Proyección en 35 mm y VOSE",https://phenomena-experience.com/obj/LCinesD_dat/eventos/JPg000g2.jpg,https://www.filmaffinity.com/es/evideos.php?movie_id=545550,6.8,7.4,85.0,80.0,Phenomena Experience,2026-10-09T15:00:00+02:00,VO,,es,35 mm,10.0,published,Precio según pase; consultar la ficha de la película,https://phenomena-experience.com/index?pag=cartelera,https://www.reservaentradas.com/entrada/barcelona/phenomenaexperience/el-talento-de-mr-ripley-proyeccion-em-35-mm-y-vose/13582/,2026-10-08T06:57:05.017772+00:00
Verity. La sombra de un engaño,Verity,2026,Michael Showalter,"Thriller, Drama","Lowen Ashleigh es contratada como escritora fantasma por Jeremy Crawford para escribir las novelas de su esposa Verity, autora de bestsellers, impedida tras un accidente. Lowen descubre las inquietantes verdades de Verity mientras reside en casa de los Crawford para trabajar. (FILMAFFINITY)",https://pics.filmaffinity.com/verity-273395489-large.jpg,https://www.filmaffinity.com/es/evideos.php?movie_id=740344,5.3,6.0,33.0,71.0,Cinesa Diagonal,2026-10-09T15:40:00+02:00,,,,Digital,,unknown,"Tarifa variable; seleccionar cine, fecha y sesión",https://www.publicine.net/cartelera-cine/barcelona/cinesa-diagonal,https://web.cinesa.es/compra/butacas/?showtimeId=012-55704,2026-10-08T06:57:43.478267+00:00
En el corazón de la bestia,Heart Of The Beast,2026,David Ayer,"Acción, Aventura","Un ex soldado herido y su perro militar luchan por sobrevivir en la naturaleza salvaje de Alaska. Enfrentando frío, soledad y peligros constantes, su vínculo será clave para regresar a casa.",https://es.web.img3.acsta.net/c_160_213/img/06/8b/068b23e941178cfd676278b44064f0e9.jpg,https://www.youtube.com/watch?v=Rh24D89hFMg,6.4,7.3,85.0,94.0,Cinesa Diagonal Mar,2026-10-09T15:45:00+02:00,,,,Digital,,unknown,"Tarifa variable; seleccionar cine, fecha y sesión",https://www.publicine.net/cartelera-cine/barcelona/cinesa-diagonal-mar,https://web.cinesa.es/compra/butacas/?showtimeId=032-59120,2026-10-08T06:57:49.911074+00:00
La Odisea,The Odyssey,2026,Christopher Nolan,"Acción, Fantasía","Tras la guerra de Troya, Odiseo se enfrenta un peligroso viaje de 10 años para regresar a Ítaca, superando dioses, monstruos y desafíos épicos. Mientras tanto, su esposa Penélope resiste a los pretendientes que amenazan su reino.",https://es.web.img3.acsta.net/c_160_213/img/1a/23/1a238e79ea26da69c2ff751c232c60e3.png,https://www.youtube.com/watch?v=NUIIc9gZOcQ,7.6,8.4,,,Cinesa Diagonal Mar,2026-10-09T15:45:00+02:00,,,,IMAX,,unknown,"Tarifa variable; seleccionar cine, fecha y sesión",https://www.publicine.net/cartelera-cine/barcelona/cinesa-diagonal-mar,https://web.cinesa.es/compra/butacas/?showtimeId=032-59100,2026-10-08T06:57:49.911074+00:00
LA BOLA NEGRA,La bola negra,2026,"Javier Ambrossi, Javier Calvo",Drama,"ESTRENO EL VIERNES 25 DE SEPTIEMBRE. Las vidas interconectadas de tres hombres en tres épocas distintas. Tres existencias íntimamente ligadas por la sexualidad y el deseo, el dolor y la herencia; y una de las últimas obras, inacabada, de Federico García Lorca. Proyección en Dolby Atmos y 4K",https://phenomena-experience.com/obj/LCinesD_dat/eventos/JPg000fb.jpg,https://www.youtube.com/watch?v=nXkdGP4VVWI,,8.0,92.0,,Cinesa Diagonal,2026-10-09T15:50:00+02:00,,,,Digital,,unknown,"Tarifa variable; seleccionar cine, fecha y sesión",https://www.publicine.net/cartelera-cine/barcelona/cinesa-diagonal,https://web.cinesa.es/compra/butacas/?showtimeId=012-55450,2026-10-08T06:57:43.478267+00:00
Tadeo Jones Y La Lámpara Maravillosa,Tadeo Jones y la lámpara maravillosa,2026,Enrique Gato,"Animación, Aventuras","Tadeo y Sara deben impedir que Momia, celoso de haber perdido protagonismo, altere la historia tras viajar al pasado. Su aventura los lleva desde Londres hasta Paititi, Grecia y la cueva de Alí Babá, para devolver al grupo a su época.",https://www.publicine.net/img/pel/full/16440f_tadeo-jones-y-la-lampara-maravillosa.webp,https://www.youtube.com/watch?v=a7IDTIIFNSo,6.1,6.5,,,Cinesa Diagonal,2026-10-09T16:00:00+02:00,,,,Digital,,unknown,"Tarifa variable; seleccionar cine, fecha y sesión",https://www.publicine.net/cartelera-cine/barcelona/cinesa-diagonal,https://web.cinesa.es/compra/butacas/?showtimeId=012-55467,2026-10-08T06:57:43.478267+00:00
Verity. La sombra de un engaño,Verity,2026,Michael Showalter,"Thriller, Drama","Lowen Ashleigh es contratada como escritora fantasma por Jeremy Crawford para escribir las novelas de su esposa Verity, autora de bestsellers, impedida tras un accidente. Lowen descubre las inquietantes verdades de Verity mientras reside en casa de los Crawford para trabajar. (FILMAFFINITY)",https://pics.filmaffinity.com/verity-273395489-large.jpg,https://www.filmaffinity.com/es/evideos.php?movie_id=740344,5.3,6.0,33.0,71.0,Cinesa Diagonal Mar,2026-10-09T16:00:00+02:00,,,,Digital,,unknown,"Tarifa variable; seleccionar cine, fecha y sesión",https://www.publicine.net/cartelera-cine/barcelona/cinesa-diagonal-mar,https://web.cinesa.es/compra/butacas/?showtimeId=032-59124,2026-10-08T06:57:49.911074+00:00
La isla olvidada,Forgotten Island,2026,"Joel Crawford , Januel P. Mercado","Animación, Aventura, Comedia",Un grupo de personajes se encuentra en una isla mágica de la mitología filipina que había permanecido olvidada durante mucho tiempo.,https://es.web.img2.acsta.net/c_160_213/img/ee/16/ee161d327f52a9e974075b7c17d32d10.jpg,https://www.youtube.com/watch?v=2NNDuXJ7C7E,,7.8,95.0,95.0,Cinesa SOM Multiespai,2026-10-09T16:00:00+02:00,,,,Digital,,unknown,"Tarifa variable; seleccionar cine, fecha y sesión",https://www.publicine.net/cartelera-cine/barcelona/cinesa-som-multiespai-heron-city,https://web.cinesa.es/compra/butacas/?showtimeId=017-60881,2026-10-08T06:57:56.221234+00:00
TANIT,Tanit,2026,Pep Garrido,Familia,"En els boscos del Montseny, la petita Tanit campa a pler perquè no li queda més remei: un embaràs de risc obliga la seva mare a guardar repòs. Un dia, mentre cerca al seu gos Xuc pel bosc, es topa amb l’àvia Perona, una vella rondinaire que viu aïllada i a qui tothom pren per bruixa. La Tanit es convertirà en la seva aprenent mentre un fet inesperat sacseja el seu món i l’obliga a fer-se gran abans d’hora.",https://espaitexas.cat/wp-content/uploads/2026/07/tal-tanit-poster.jpg,https://www.filmaffinity.com/es/evideos.php?movie_id=419872,5.4,6.5,,,Espai Texas — Cinemes Texas,2026-10-09T16:00:00+02:00,VO,ca,,,,unknown,Lunes–viernes 6€; jueves del espectador 4€; fin de semana 8€,https://espaitexas.cat/pelicula/tanit/,https://espaitexas.koobin.cat/ca/tanit-vo-20261009-1600,2026-10-08T06:57:14.450438+00:00
Resident Evil,Resident Evil,2026,Zach Cregger,"Ciencia ficción, Suspense, Terror","Bryan, un mensajero médico, se ve atrapado inesperadamente en una noche de caos en la que la ciudad empieza a colapsar por una amenaza desconocida. Obligado a sobrevivir, deberá enfrentarse a una peligrosa carrera llena de acción mientras intenta escapar del horror que se desata a su alrededor.",https://es.web.img3.acsta.net/c_160_213/img/40/92/4092e505c00d28878024f17b01002c9c.jpg,https://www.filmaffinity.com/es/evideos.php?movie_id=579353,7.0,7.6,96.0,91.0,Cine Yelmo Westfield La Maquinista,2026-10-09T16:05:00+02:00,,,,Digital,,unknown,Tarifa variable; consultar el pase de La Maquinista,https://www.publicine.net/cartelera-cine/barcelona/yelmo-westfield-la-maquinista,https://cine.entradas.com/cine/barcelona/cine-yelmo-westfield-la-maquinista/evento/46636/resident-evil?mode=widget&change=0&ref=744,2026-10-08T06:58:01.153187+00:00
La isla olvidada,Forgotten Island,2026,"Joel Crawford , Januel P. Mercado","Animación, Aventura, Comedia",Un grupo de personajes se encuentra en una isla mágica de la mitología filipina que había permanecido olvidada durante mucho tiempo.,https://es.web.img2.acsta.net/c_160_213/img/ee/16/ee161d327f52a9e974075b7c17d32d10.jpg,https://www.youtube.com/watch?v=2NNDuXJ7C7E,,7.8,95.0,95.0,Cine Yelmo Westfield La Maquinista,2026-10-09T16:10:00+02:00,,,,Digital,,unknown,Tarifa variable; consultar el pase de La Maquinista,https://www.publicine.net/cartelera-cine/barcelona/yelmo-westfield-la-maquinista,https://cine.entradas.com/cine/barcelona/cine-yelmo-westfield-la-maquinista/evento/46514/la-isla-olvidada?mode=widget&change=0&ref=744,2026-10-08T06:58:01.153187+00:00
LA BOLA NEGRA,La bola negra,2026,"Javier Ambrossi, Javier Calvo",Drama,"ESTRENO EL VIERNES 25 DE SEPTIEMBRE. Las vidas interconectadas de tres hombres en tres épocas distintas. Tres existencias íntimamente ligadas por la sexualidad y el deseo, el dolor y la herencia; y una de las últimas obras, inacabada, de Federico García Lorca. Proyección en Dolby Atmos y 4K",https://phenomena-experience.com/obj/LCinesD_dat/eventos/JPg000fb.jpg,https://www.youtube.com/watch?v=nXkdGP4VVWI,,8.0,92.0,,Cinesa Diagonal Mar,2026-10-09T16:15:00+02:00,,,,Digital,,unknown,"Tarifa variable; seleccionar cine, fecha y sesión",https://www.publicine.net/cartelera-cine/barcelona/cinesa-diagonal-mar,https://web.cinesa.es/compra/butacas/?showtimeId=032-59106,2026-10-08T06:57:49.911074+00:00
LA BOLA NEGRA,La bola negra,2026,"Javier Ambrossi, Javier Calvo",Drama,"ESTRENO EL VIERNES 25 DE SEPTIEMBRE. Las vidas interconectadas de tres hombres en tres épocas distintas. Tres existencias íntimamente ligadas por la sexualidad y el deseo, el dolor y la herencia; y una de las últimas obras, inacabada, de Federico García Lorca. Proyección en Dolby Atmos y 4K",https://phenomena-experience.com/obj/LCinesD_dat/eventos/JPg000fb.jpg,https://www.youtube.com/watch?v=nXkdGP4VVWI,,8.0,92.0,,Cinesa SOM Multiespai,2026-10-09T16:15:00+02:00,,,,Digital,,unknown,"Tarifa variable; seleccionar cine, fecha y sesión",https://www.publicine.net/cartelera-cine/barcelona/cinesa-som-multiespai-heron-city,https://web.cinesa.es/compra/butacas/?showtimeId=017-60854,2026-10-08T06:57:56.221234+00:00
LA BOLA NEGRA,La bola negra,2026,"Javier Ambrossi, Javier Calvo",Drama,"ESTRENO EL VIERNES 25 DE SEPTIEMBRE. Las vidas interconectadas de tres hombres en tres épocas distintas. Tres existencias íntimamente ligadas por la sexualidad y el deseo, el dolor y la herencia; y una de las últimas obras, inacabada, de Federico García Lorca. Proyección en Dolby Atmos y 4K",https://phenomena-experience.com/obj/LCinesD_dat/eventos/JPg000fb.jpg,https://www.youtube.com/watch?v=nXkdGP4VVWI,,8.0,92.0,,Cine Yelmo Westfield La Maquinista,2026-10-09T16:25:00+02:00,,,,Digital,,unknown,Tarifa variable; consultar el pase de La Maquinista,https://www.publicine.net/cartelera-cine/barcelona/yelmo-westfield-la-maquinista,https://cine.entradas.com/cine/barcelona/cine-yelmo-westfield-la-maquinista/evento/46533/la-bola-negra?mode=widget&change=0&ref=744,2026-10-08T06:58:01.153187+00:00
ESCAPE ROOM 2,Escape Room 2,2026,Hèctor Claramunt,"Comedia, Thriller, Intriga","Cinc anys després, l’Edu, la Marina, la Viky i en Rai tornen a coincidir misteriosament en un nou local de moda situat a la part alta de la muntanya de Montjuïc, on antigament es trobava el parc d’atraccions. No trigaran a adonar-se que aquell establiment no és el que sembla. Aviat aniran a parar a una antiga atracció, un túnel del terror que havia quedat soterrat, on apareix un comptador acompanyat d’un missatge amenaçador que els resulta inquietantment familiar: tenen 60 minuts per a sortir o moriran.",https://espaitexas.cat/wp-content/uploads/2026/10/6a9fc286373b2.jpg,https://www.filmaffinity.com/es/evideos.php?movie_id=903140,,,,,Espai Texas — Cinemes Texas,2026-10-09T16:30:00+02:00,VO,ca,,,,unknown,Lunes–viernes 6€; jueves del espectador 4€; fin de semana 8€,https://espaitexas.cat/pelicula/escape-room-2/,https://espaitexas.koobin.cat/ca/escape-room-2-vo-20261009-1630,2026-10-08T06:57:24.326842+00:00
En el corazón de la bestia,Heart Of The Beast,2026,David Ayer,"Acción, Aventura","Un ex soldado herido y su perro militar luchan por sobrevivir en la naturaleza salvaje de Alaska. Enfrentando frío, soledad y peligros constantes, su vínculo será clave para regresar a casa.",https://es.web.img3.acsta.net/c_160_213/img/06/8b/068b23e941178cfd676278b44064f0e9.jpg,https://www.youtube.com/watch?v=Rh24D89hFMg,6.4,7.3,85.0,94.0,Cine Yelmo Westfield La Maquinista,2026-10-09T16:30:00+02:00,,,,Digital,,unknown,Tarifa variable; consultar el pase de La Maquinista,https://www.publicine.net/cartelera-cine/barcelona/yelmo-westfield-la-maquinista,https://cine.entradas.com/cine/barcelona/cine-yelmo-westfield-la-maquinista/evento/46526/en-el-corazon-de-la-bestia?mode=widget&change=0&ref=744,2026-10-08T06:58:01.153187+00:00
En el corazón de la bestia,Heart Of The Beast,2026,David Ayer,"Acción, Aventura","Un ex soldado herido y su perro militar luchan por sobrevivir en la naturaleza salvaje de Alaska. Enfrentando frío, soledad y peligros constantes, su vínculo será clave para regresar a casa.",https://es.web.img3.acsta.net/c_160_213/img/06/8b/068b23e941178cfd676278b44064f0e9.jpg,https://www.youtube.com/watch?v=Rh24D89hFMg,6.4,7.3,85.0,94.0,Cinesa Diagonal,2026-10-09T16:45:00+02:00,,,,Digital,,unknown,"Tarifa variable; seleccionar cine, fecha y sesión",https://www.publicine.net/cartelera-cine/barcelona/cinesa-diagonal,https://web.cinesa.es/compra/butacas/?showtimeId=012-55452,2026-10-08T06:57:43.478267+00:00
Verity. La sombra de un engaño,Verity,2026,Michael Showalter,"Thriller, Drama","Lowen Ashleigh es contratada como escritora fantasma por Jeremy Crawford para escribir las novelas de su esposa Verity, autora de bestsellers, impedida tras un accidente. Lowen descubre las inquietantes verdades de Verity mientras reside en casa de los Crawford para trabajar. (FILMAFFINITY)",https://pics.filmaffinity.com/verity-273395489-large.jpg,https://www.filmaffinity.com/es/evideos.php?movie_id=740344,5.3,6.0,33.0,71.0,Cinesa SOM Multiespai,2026-10-09T16:45:00+02:00,,,,Digital,,unknown,"Tarifa variable; seleccionar cine, fecha y sesión",https://www.publicine.net/cartelera-cine/barcelona/cinesa-som-multiespai-heron-city,https://web.cinesa.es/compra/butacas/?showtimeId=017-60882,2026-10-08T06:57:56.221234+00:00
Tadeo Jones Y La Lámpara Maravillosa,Tadeo Jones y la lámpara maravillosa,2026,Enrique Gato,"Animación, Aventuras","Tadeo y Sara deben impedir que Momia, celoso de haber perdido protagonismo, altere la historia tras viajar al pasado. Su aventura los lleva desde Londres hasta Paititi, Grecia y la cueva de Alí Babá, para devolver al grupo a su época.",https://www.publicine.net/img/pel/full/16440f_tadeo-jones-y-la-lampara-maravillosa.webp,https://www.youtube.com/watch?v=a7IDTIIFNSo,6.1,6.5,,,Cine Yelmo Westfield La Maquinista,2026-10-09T16:45:00+02:00,,,,Digital,,unknown,Tarifa variable; consultar el pase de La Maquinista,https://www.publicine.net/cartelera-cine/barcelona/yelmo-westfield-la-maquinista,https://www.publicine.net/venda/16440/59/aHR0cHM6Ly9jaW5lLmVudHJhZGFzLmNvbS9jaW5lL2JhcmNlbG9uYS9jaW5lLXllbG1vLXdlc3RmaWVsZC1sYS1tYXF1aW5pc3RhL2V2ZW50by80NjUzMC90YWRlby1qb25lcy15LWxhLWxhbXBhcmEtbWFyYXZpbGxvc2E/bW9kZT13aWRnZXQmY2hhbmdlPTAmcmVmPTc0NA,2026-10-08T06:58:01.153187+00:00
En el corazón de la bestia,Heart Of The Beast,2026,David Ayer,"Acción, Aventura","Un ex soldado herido y su perro militar luchan por sobrevivir en la naturaleza salvaje de Alaska. Enfrentando frío, soledad y peligros constantes, su vínculo será clave para regresar a casa.",https://es.web.img3.acsta.net/c_160_213/img/06/8b/068b23e941178cfd676278b44064f0e9.jpg,https://www.youtube.com/watch?v=Rh24D89hFMg,6.4,7.3,85.0,94.0,Cinesa SOM Multiespai,2026-10-09T16:50:00+02:00,,,,Digital,,unknown,"Tarifa variable; seleccionar cine, fecha y sesión",https://www.publicine.net/cartelera-cine/barcelona/cinesa-som-multiespai-heron-city,https://web.cinesa.es/compra/butacas/?showtimeId=017-60859,2026-10-08T06:57:56.221234+00:00
"What's Up, Doc?","What's Up, Doc?",1972,Peter Bogdanovich,"Romance, Comedia","Un homenatge magnífic a l’slapstick i a l’screwball comedy i, especialment, al film de Howard Hawks 'Bringing Up Baby'.",https://pics.filmaffinity.com/what_s_up_doc-787279043-large.jpg,https://www.filmaffinity.com/es/evideos.php?movie_id=461444,7.1,7.6,88.0,88.0,Filmoteca de Catalunya — Sales Chomón i Laya,2026-10-09T17:00:00+02:00,VO,,ca,35 mm,4.0,published,General 4€; reducida 3€; programación infantil 2€,https://www.filmoteca.cat/web/ca/film/whats-doc,https://euromus.cultura.gencat.cat/filmoteca/venda/index.jsp?lang=1&nom_cache=FILMOTECA&property=FILMOTECA&codiActiv=1000&codiCicle=75,2026-10-08T06:57:37.698322+00:00
Resident Evil,Resident Evil,2026,Zach Cregger,"Ciencia ficción, Suspense, Terror","Bryan, un mensajero médico, se ve atrapado inesperadamente en una noche de caos en la que la ciudad empieza a colapsar por una amenaza desconocida. Obligado a sobrevivir, deberá enfrentarse a una peligrosa carrera llena de acción mientras intenta escapar del horror que se desata a su alrededor.",https://es.web.img3.acsta.net/c_160_213/img/40/92/4092e505c00d28878024f17b01002c9c.jpg,https://www.filmaffinity.com/es/evideos.php?movie_id=579353,7.0,7.6,96.0,91.0,Cinesa SOM Multiespai,2026-10-09T17:10:00+02:00,,,,Digital,,unknown,"Tarifa variable; seleccionar cine, fecha y sesión",https://www.publicine.net/cartelera-cine/barcelona/cinesa-som-multiespai-heron-city,https://web.cinesa.es/compra/butacas/?showtimeId=017-60862,2026-10-08T06:57:56.221234+00:00
LA BOLA NEGRA,La bola negra,2026,"Javier Ambrossi, Javier Calvo",Drama,"ESTRENO EL VIERNES 25 DE SEPTIEMBRE. Las vidas interconectadas de tres hombres en tres épocas distintas. Tres existencias íntimamente ligadas por la sexualidad y el deseo, el dolor y la herencia; y una de las últimas obras, inacabada, de Federico García Lorca. Proyección en Dolby Atmos y 4K",https://phenomena-experience.com/obj/LCinesD_dat/eventos/JPg000fb.jpg,https://www.youtube.com/watch?v=nXkdGP4VVWI,,8.0,92.0,,Cinesa Diagonal,2026-10-09T17:15:00+02:00,,,,Digital,,unknown,"Tarifa variable; seleccionar cine, fecha y sesión",https://www.publicine.net/cartelera-cine/barcelona/cinesa-diagonal,https://web.cinesa.es/compra/butacas/?showtimeId=012-55460,2026-10-08T06:57:43.478267+00:00
LA BOLA NEGRA,La bola negra,2026,"Javier Ambrossi, Javier Calvo",Drama,"ESTRENO EL VIERNES 25 DE SEPTIEMBRE. Las vidas interconectadas de tres hombres en tres épocas distintas. Tres existencias íntimamente ligadas por la sexualidad y el deseo, el dolor y la herencia; y una de las últimas obras, inacabada, de Federico García Lorca. Proyección en Dolby Atmos y 4K",https://phenomena-experience.com/obj/LCinesD_dat/eventos/JPg000fb.jpg,https://www.youtube.com/watch?v=nXkdGP4VVWI,,8.0,92.0,,Cinesa Diagonal Mar,2026-10-09T17:15:00+02:00,,,,Digital,,unknown,"Tarifa variable; seleccionar cine, fecha y sesión",https://www.publicine.net/cartelera-cine/barcelona/cinesa-diagonal-mar,https://web.cinesa.es/compra/butacas/?showtimeId=032-59104,2026-10-08T06:57:49.911074+00:00
LA BOLA NEGRA,La bola negra,2026,"Javier Ambrossi, Javier Calvo",Drama,"ESTRENO EL VIERNES 25 DE SEPTIEMBRE. Las vidas interconectadas de tres hombres en tres épocas distintas. Tres existencias íntimamente ligadas por la sexualidad y el deseo, el dolor y la herencia; y una de las últimas obras, inacabada, de Federico García Lorca. Proyección en Dolby Atmos y 4K",https://phenomena-experience.com/obj/LCinesD_dat/eventos/JPg000fb.jpg,https://www.youtube.com/watch?v=nXkdGP4VVWI,,8.0,92.0,,Cinesa SOM Multiespai,2026-10-09T17:15:00+02:00,,,,Digital,,unknown,"Tarifa variable; seleccionar cine, fecha y sesión",https://www.publicine.net/cartelera-cine/barcelona/cinesa-som-multiespai-heron-city,https://web.cinesa.es/compra/butacas/?showtimeId=017-60853,2026-10-08T06:57:56.221234+00:00
LA BOLA NEGRA,La bola negra,2026,"Javier Ambrossi, Javier Calvo",Drama,"ESTRENO EL VIERNES 25 DE SEPTIEMBRE. Las vidas interconectadas de tres hombres en tres épocas distintas. Tres existencias íntimamente ligadas por la sexualidad y el deseo, el dolor y la herencia; y una de las últimas obras, inacabada, de Federico García Lorca. Proyección en Dolby Atmos y 4K",https://phenomena-experience.com/obj/LCinesD_dat/eventos/JPg000fb.jpg,https://www.youtube.com/watch?v=nXkdGP4VVWI,,8.0,92.0,,Cine Yelmo Westfield La Maquinista,2026-10-09T17:15:00+02:00,,,,Digital,,unknown,Tarifa variable; consultar el pase de La Maquinista,https://www.publicine.net/cartelera-cine/barcelona/yelmo-westfield-la-maquinista,https://cine.entradas.com/cine/barcelona/cine-yelmo-westfield-la-maquinista/evento/46438/la-bola-negra?mode=widget&change=0&ref=744,2026-10-08T06:58:01.153187+00:00
Siemprevivas,Siemprevivas,2026,Mar López Zapata,Documental,"La Laura, una dona trans de 65 anys, va deixar els cabarets i l’alterne quan estava en el seu moment de glòria per cuidar de la seva mare. Vint anys després, vol tornar a treballar i les seves amigues del carrer Robadors l’animen a vèncer pors i inseguretats.",https://www.bizcochito.es/img/tt40748379-es-pos.webp,,,,,,Zumzeig Cinecooperativa,2026-10-09T17:15:00+02:00,VO,,es,,,unknown,"General 7,50€; miércoles no festivos 5,50€; reducida 6€; socias 4,50€",https://zumzeigcine.coop/cinema/films/siemprevivas-zumzeig/,https://www.codetickets.com/portal/zumzeigcooperativa/online/36697/102037,2026-10-08T06:57:13.017091+00:00
The Master,The Master,2012,Paul Thomas Anderson,Drama,"Una radiografia brillant de l’Amèrica de la postguerra a partir del retrat de la creació individual d’una organització religiosa, inspirada directament en l’Església de la Cienciologia",https://pics.filmaffinity.com/the_master-521616486-large.jpg,https://www.youtube.com/embed/jXM5VTSL7Hg,6.3,7.1,85.0,62.0,Filmoteca de Catalunya — Sales Chomón i Laya,2026-10-09T17:30:00+02:00,VO,,ca,Digital,,unknown,General 4€; reducida 3€; programación infantil 2€,https://www.filmoteca.cat/web/ca/film/master,https://euromus.cultura.gencat.cat/filmoteca/venda/index.jsp?lang=1&nom_cache=FILMOTECA&property=FILMOTECA&codiActiv=1017&codiCicle=16,2026-10-08T06:57:56.852073+00:00
Verity. La sombra de un engaño,Verity,2026,Michael Showalter,"Thriller, Drama","Lowen Ashleigh es contratada como escritora fantasma por Jeremy Crawford para escribir las novelas de su esposa Verity, autora de bestsellers, impedida tras un accidente. Lowen descubre las inquietantes verdades de Verity mientras reside en casa de los Crawford para trabajar. (FILMAFFINITY)",https://pics.filmaffinity.com/verity-273395489-large.jpg,https://www.filmaffinity.com/es/evideos.php?movie_id=740344,5.3,6.0,33.0,71.0,Cine Yelmo Westfield La Maquinista,2026-10-09T17:30:00+02:00,,,,Digital,,unknown,Tarifa variable; consultar el pase de La Maquinista,https://www.publicine.net/cartelera-cine/barcelona/yelmo-westfield-la-maquinista,https://cine.entradas.com/cine/barcelona/cine-yelmo-westfield-la-maquinista/evento/46522/verity-la-sombra-de-un-engano?mode=widget&change=0&ref=744,2026-10-08T06:58:01.153187+00:00
Resident Evil,Resident Evil,2026,Zach Cregger,"Ciencia ficción, Suspense, Terror","Bryan, un mensajero médico, se ve atrapado inesperadamente en una noche de caos en la que la ciudad empieza a colapsar por una amenaza desconocida. Obligado a sobrevivir, deberá enfrentarse a una peligrosa carrera llena de acción mientras intenta escapar del horror que se desata a su alrededor.",https://es.web.img3.acsta.net/c_160_213/img/40/92/4092e505c00d28878024f17b01002c9c.jpg,https://www.filmaffinity.com/es/evideos.php?movie_id=579353,7.0,7.6,96.0,91.0,Cinesa Diagonal Mar,2026-10-09T17:45:00+02:00,,,,Digital,,unknown,"Tarifa variable; seleccionar cine, fecha y sesión",https://www.publicine.net/cartelera-cine/barcelona/cinesa-diagonal-mar,https://web.cinesa.es/compra/butacas/?showtimeId=032-59113,2026-10-08T06:57:49.911074+00:00
Coyote vs. ACME,Coyote vs. Acme,2026,Dave Green,"Animación, Aventura, Comedia","Cansado de que los productos defectuosos de Acme arruinen sus planes, el Coyote contrata a un abogado para demandar a la corporación, ahora dirigida por un despiadado exjefe de su defensor. Juntos forjarán una inesperada amistad mientras luchan en los tribunales.",https://es.web.img3.acsta.net/c_160_213/img/18/4e/184e275eb73de363b01c7c3637407fcd.jpg,https://www.filmaffinity.com/es/evideos.php?movie_id=523116,6.7,7.4,96.0,94.0,Cine Yelmo Westfield La Maquinista,2026-10-09T17:45:00+02:00,,,,Digital,,unknown,Tarifa variable; consultar el pase de La Maquinista,https://www.publicine.net/cartelera-cine/barcelona/yelmo-westfield-la-maquinista,https://cine.entradas.com/cine/barcelona/cine-yelmo-westfield-la-maquinista/evento/46515/coyote-vs-acme?mode=widget&change=0&ref=744,2026-10-08T06:58:01.153187+00:00
Digger,Digger,2026,Alejandro González Iñárritu,"Acción, Comedia","El hombre más poderoso del mundo provoca un desastre que amenaza a la humanidad. Para redimirse, emprende una misión arriesgada con el objetivo de convertirse en su salvador.",https://es.web.img3.acsta.net/c_160_213/img/0f/c9/0fc9092d6e2afd046417684533c535c4.jpg,https://www.youtube.com/watch?v=xU2jWSsaWY0,6.4,,,,Phenomena Experience,2026-10-09T17:50:00+02:00,VO,,es,Dolby Atmos,12.0,published,Precio según pase; consultar la ficha de la película,https://phenomena-experience.com/index?pag=cartelera,https://www.reservaentradas.com/entrada/barcelona/phenomenaexperience/digger-proyeccion-en-dolby-atmos-y-vose/13589/,2026-10-08T06:57:05.017772+00:00
LA BOLA NEGRA,La bola negra,2026,"Javier Ambrossi, Javier Calvo",Drama,"ESTRENO EL VIERNES 25 DE SEPTIEMBRE. Las vidas interconectadas de tres hombres en tres épocas distintas. Tres existencias íntimamente ligadas por la sexualidad y el deseo, el dolor y la herencia; y una de las últimas obras, inacabada, de Federico García Lorca. Proyección en Dolby Atmos y 4K",https://phenomena-experience.com/obj/LCinesD_dat/eventos/JPg000fb.jpg,https://www.youtube.com/watch?v=nXkdGP4VVWI,,8.0,92.0,,Cinesa Diagonal,2026-10-09T18:15:00+02:00,,,,Digital,,unknown,"Tarifa variable; seleccionar cine, fecha y sesión",https://www.publicine.net/cartelera-cine/barcelona/cinesa-diagonal,https://web.cinesa.es/compra/butacas/?showtimeId=012-55336,2026-10-08T06:57:43.478267+00:00
LA BOLA NEGRA,La bola negra,2026,"Javier Ambrossi, Javier Calvo",Drama,"ESTRENO EL VIERNES 25 DE SEPTIEMBRE. Las vidas interconectadas de tres hombres en tres épocas distintas. Tres existencias íntimamente ligadas por la sexualidad y el deseo, el dolor y la herencia; y una de las últimas obras, inacabada, de Federico García Lorca. Proyección en Dolby Atmos y 4K",https://phenomena-experience.com/obj/LCinesD_dat/eventos/JPg000fb.jpg,https://www.youtube.com/watch?v=nXkdGP4VVWI,,8.0,92.0,,Cinesa Diagonal Mar,2026-10-09T18:15:00+02:00,,,,Digital,,unknown,"Tarifa variable; seleccionar cine, fecha y sesión",https://www.publicine.net/cartelera-cine/barcelona/cinesa-diagonal-mar,https://web.cinesa.es/compra/butacas/?showtimeId=032-58964,2026-10-08T06:57:49.911074+00:00
LA BOLA NEGRA,La bola negra,2026,"Javier Ambrossi, Javier Calvo",Drama,"ESTRENO EL VIERNES 25 DE SEPTIEMBRE. Las vidas interconectadas de tres hombres en tres épocas distintas. Tres existencias íntimamente ligadas por la sexualidad y el deseo, el dolor y la herencia; y una de las últimas obras, inacabada, de Federico García Lorca. Proyección en Dolby Atmos y 4K",https://phenomena-experience.com/obj/LCinesD_dat/eventos/JPg000fb.jpg,https://www.youtube.com/watch?v=nXkdGP4VVWI,,8.0,92.0,,Cinesa SOM Multiespai,2026-10-09T18:15:00+02:00,,,,Digital,,unknown,"Tarifa variable; seleccionar cine, fecha y sesión",https://www.publicine.net/cartelera-cine/barcelona/cinesa-som-multiespai-heron-city,https://web.cinesa.es/compra/butacas/?showtimeId=017-60728,2026-10-08T06:57:56.221234+00:00
ESCAPE ROOM 2,Escape Room 2,2026,Hèctor Claramunt,"Comedia, Thriller, Intriga","Cinc anys després, l’Edu, la Marina, la Viky i en Rai tornen a coincidir misteriosament en un nou local de moda situat a la part alta de la muntanya de Montjuïc, on antigament es trobava el parc d’atraccions. No trigaran a adonar-se que aquell establiment no és el que sembla. Aviat aniran a parar a una antiga atracció, un túnel del terror que havia quedat soterrat, on apareix un comptador acompanyat d’un missatge amenaçador que els resulta inquietantment familiar: tenen 60 minuts per a sortir o moriran.",https://espaitexas.cat/wp-content/uploads/2026/10/6a9fc286373b2.jpg,https://www.filmaffinity.com/es/evideos.php?movie_id=903140,,,,,Espai Texas — Cinemes Texas,2026-10-09T18:15:00+02:00,VO,ca,,,,unknown,Lunes–viernes 6€; jueves del espectador 4€; fin de semana 8€,https://espaitexas.cat/pelicula/escape-room-2/,https://espaitexas.koobin.cat/ca/escape-room-2-vo-20261009-1815,2026-10-08T06:57:24.326842+00:00
LA INVASIÓ DELS BÀRBARS,La invasió dels bàrbars,2025,Vicent Monsonís,Drama,"València, 1939. Esperanza és conservadora d’art i responsable de les obres del Museu de Prado traslladades a València durant la guerra per a protegir-les dels bombardejos feixistes. Acabada la guerra, Esperanza és detinguda i interrogada per un tinent franquista sobre un quadre de la col·lecció del Prat que no apareix. El seu títol: La invasió dels bàrbars.  80 anys després, l’Aurora s’enfronta a l’alcalde d’un poble pròxim a València per l’exhumació d’una fossa del franquisme descoberta en el seu terme municipal.",https://espaitexas.cat/wp-content/uploads/2026/09/mv5bodeymmnlndmtoge1ny00zty0ltg5ntityzm3ognjzdkwmwjkxkeyxkfqcgcx.-v1-.jpg,https://www.filmaffinity.com/es/evideos.php?movie_id=492711,7.2,7.5,,,Espai Texas — Cinemes Texas,2026-10-09T18:15:00+02:00,VO,ca,,,,unknown,Lunes–viernes 6€; jueves del espectador 4€; fin de semana 8€,https://espaitexas.cat/pelicula/la-invasio-dels-barbars/,https://espaitexas.koobin.cat/ca/la-invasio-dels-barbars-vo-20261009-0000,2026-10-08T06:57:26.397369+00:00
Resident Evil,Resident Evil,2026,Zach Cregger,"Ciencia ficción, Suspense, Terror","Bryan, un mensajero médico, se ve atrapado inesperadamente en una noche de caos en la que la ciudad empieza a colapsar por una amenaza desconocida. Obligado a sobrevivir, deberá enfrentarse a una peligrosa carrera llena de acción mientras intenta escapar del horror que se desata a su alrededor.",https://es.web.img3.acsta.net/c_160_213/img/40/92/4092e505c00d28878024f17b01002c9c.jpg,https://www.filmaffinity.com/es/evideos.php?movie_id=579353,7.0,7.6,96.0,91.0,Cine Yelmo Westfield La Maquinista,2026-10-09T18:15:00+02:00,,,,Digital,,unknown,Tarifa variable; consultar el pase de La Maquinista,https://www.publicine.net/cartelera-cine/barcelona/yelmo-westfield-la-maquinista,https://cine.entradas.com/cine/barcelona/cine-yelmo-westfield-la-maquinista/evento/46637/resident-evil?mode=widget&change=0&ref=744,2026-10-08T06:58:01.153187+00:00
LA BOLA NEGRA,La bola negra,2026,"Javier Ambrossi, Javier Calvo",Drama,"ESTRENO EL VIERNES 25 DE SEPTIEMBRE. Las vidas interconectadas de tres hombres en tres épocas distintas. Tres existencias íntimamente ligadas por la sexualidad y el deseo, el dolor y la herencia; y una de las últimas obras, inacabada, de Federico García Lorca. Proyección en Dolby Atmos y 4K",https://phenomena-experience.com/obj/LCinesD_dat/eventos/JPg000fb.jpg,https://www.youtube.com/watch?v=nXkdGP4VVWI,,8.0,92.0,,Cine Yelmo Westfield La Maquinista,2026-10-09T18:30:00+02:00,,,,Digital,,unknown,Tarifa variable; consultar el pase de La Maquinista,https://www.publicine.net/cartelera-cine/barcelona/yelmo-westfield-la-maquinista,https://cine.entradas.com/cine/barcelona/cine-yelmo-westfield-la-maquinista/evento/46538/la-bola-negra?mode=widget&change=0&ref=744,2026-10-08T06:58:01.153187+00:00
Verity. La sombra de un engaño,Verity,2026,Michael Showalter,"Thriller, Drama","Lowen Ashleigh es contratada como escritora fantasma por Jeremy Crawford para escribir las novelas de su esposa Verity, autora de bestsellers, impedida tras un accidente. Lowen descubre las inquietantes verdades de Verity mientras reside en casa de los Crawford para trabajar. (FILMAFFINITY)",https://pics.filmaffinity.com/verity-273395489-large.jpg,https://www.filmaffinity.com/es/evideos.php?movie_id=740344,5.3,6.0,33.0,71.0,Cinesa Diagonal Mar,2026-10-09T18:40:00+02:00,,,,Digital,,unknown,"Tarifa variable; seleccionar cine, fecha y sesión",https://www.publicine.net/cartelera-cine/barcelona/cinesa-diagonal-mar,https://web.cinesa.es/compra/butacas/?showtimeId=032-59122,2026-10-08T06:57:49.911074+00:00
Verity. La sombra de un engaño,Verity,2026,Michael Showalter,"Thriller, Drama","Lowen Ashleigh es contratada como escritora fantasma por Jeremy Crawford para escribir las novelas de su esposa Verity, autora de bestsellers, impedida tras un accidente. Lowen descubre las inquietantes verdades de Verity mientras reside en casa de los Crawford para trabajar. (FILMAFFINITY)",https://pics.filmaffinity.com/verity-273395489-large.jpg,https://www.filmaffinity.com/es/evideos.php?movie_id=740344,5.3,6.0,33.0,71.0,Cinesa Diagonal,2026-10-09T18:45:00+02:00,,,,Digital,,unknown,"Tarifa variable; seleccionar cine, fecha y sesión",https://www.publicine.net/cartelera-cine/barcelona/cinesa-diagonal,https://web.cinesa.es/compra/butacas/?showtimeId=012-55453,2026-10-08T06:57:43.478267+00:00
En el corazón de la bestia,Heart Of The Beast,2026,David Ayer,"Acción, Aventura","Un ex soldado herido y su perro militar luchan por sobrevivir en la naturaleza salvaje de Alaska. Enfrentando frío, soledad y peligros constantes, su vínculo será clave para regresar a casa.",https://es.web.img3.acsta.net/c_160_213/img/06/8b/068b23e941178cfd676278b44064f0e9.jpg,https://www.youtube.com/watch?v=Rh24D89hFMg,6.4,7.3,85.0,94.0,Cine Yelmo Westfield La Maquinista,2026-10-09T18:45:00+02:00,,,,Digital,,unknown,Tarifa variable; consultar el pase de La Maquinista,https://www.publicine.net/cartelera-cine/barcelona/yelmo-westfield-la-maquinista,https://cine.entradas.com/cine/barcelona/cine-yelmo-westfield-la-maquinista/evento/46527/en-el-corazon-de-la-bestia?mode=widget&change=0&ref=744,2026-10-08T06:58:01.153187+00:00
LA BOLA NEGRA,La bola negra,2026,"Javier Ambrossi, Javier Calvo",Drama,"ESTRENO EL VIERNES 25 DE SEPTIEMBRE. Las vidas interconectadas de tres hombres en tres épocas distintas. Tres existencias íntimamente ligadas por la sexualidad y el deseo, el dolor y la herencia; y una de las últimas obras, inacabada, de Federico García Lorca. Proyección en Dolby Atmos y 4K",https://phenomena-experience.com/obj/LCinesD_dat/eventos/JPg000fb.jpg,https://www.youtube.com/watch?v=nXkdGP4VVWI,,8.0,92.0,,Cinesa SOM Multiespai,2026-10-09T19:00:00+02:00,,,,Digital,,unknown,"Tarifa variable; seleccionar cine, fecha y sesión",https://www.publicine.net/cartelera-cine/barcelona/cinesa-som-multiespai-heron-city,https://web.cinesa.es/compra/butacas/?showtimeId=017-60856,2026-10-08T06:57:56.221234+00:00
Punto y Raya: Arquitectura i Animació,,,,,"Un programa que reuneix 15 curtmetratges d'11 països, tots ells presentats en diverses edicions del Punto y Raya Festival i celebra Barcelona com a Capital Europea de l'Arquitectura 2026. Una exploració sobre com el cinema abstracte construeix espais, arquitectures i perspectives imaginades o directament impossibles.",,,,,,,Zumzeig Cinecooperativa,2026-10-09T19:00:00+02:00,,,,,,unknown,"General 7,50€; miércoles no festivos 5,50€; reducida 6€; socias 4,50€",https://zumzeigcine.coop/cinema/films/punto-y-raya-arquitectura-i-animacio/,https://www.codetickets.com/portal/zumzeigcooperativa/online/37486/101705,2026-10-08T06:57:15.400993+00:00
En el corazón de la bestia,Heart Of The Beast,2026,David Ayer,"Acción, Aventura","Un ex soldado herido y su perro militar luchan por sobrevivir en la naturaleza salvaje de Alaska. Enfrentando frío, soledad y peligros constantes, su vínculo será clave para regresar a casa.",https://es.web.img3.acsta.net/c_160_213/img/06/8b/068b23e941178cfd676278b44064f0e9.jpg,https://www.youtube.com/watch?v=Rh24D89hFMg,6.4,7.3,85.0,94.0,Cinesa Diagonal,2026-10-09T19:10:00+02:00,,,,Digital,,unknown,"Tarifa variable; seleccionar cine, fecha y sesión",https://www.publicine.net/cartelera-cine/barcelona/cinesa-diagonal,https://web.cinesa.es/compra/butacas/?showtimeId=012-55455,2026-10-08T06:57:43.478267+00:00
Digger,Digger,2026,Alejandro González Iñárritu,"Acción, Comedia","El hombre más poderoso del mundo provoca un desastre que amenaza a la humanidad. Para redimirse, emprende una misión arriesgada con el objetivo de convertirse en su salvador.",https://es.web.img3.acsta.net/c_160_213/img/0f/c9/0fc9092d6e2afd046417684533c535c4.jpg,https://www.youtube.com/watch?v=xU2jWSsaWY0,6.4,,,,Cinesa Diagonal Mar,2026-10-09T19:10:00+02:00,,,,IMAX,,unknown,"Tarifa variable; seleccionar cine, fecha y sesión",https://www.publicine.net/cartelera-cine/barcelona/cinesa-diagonal-mar,https://web.cinesa.es/compra/butacas/?showtimeId=032-59101,2026-10-08T06:57:49.911074+00:00
LA BOLA NEGRA,La bola negra,2026,"Javier Ambrossi, Javier Calvo",Drama,"ESTRENO EL VIERNES 25 DE SEPTIEMBRE. Las vidas interconectadas de tres hombres en tres épocas distintas. Tres existencias íntimamente ligadas por la sexualidad y el deseo, el dolor y la herencia; y una de las últimas obras, inacabada, de Federico García Lorca. Proyección en Dolby Atmos y 4K",https://phenomena-experience.com/obj/LCinesD_dat/eventos/JPg000fb.jpg,https://www.youtube.com/watch?v=nXkdGP4VVWI,,8.0,92.0,,Cinesa Diagonal,2026-10-09T19:15:00+02:00,,,,Digital,,unknown,"Tarifa variable; seleccionar cine, fecha y sesión",https://www.publicine.net/cartelera-cine/barcelona/cinesa-diagonal,https://web.cinesa.es/compra/butacas/?showtimeId=012-55454,2026-10-08T06:57:43.478267+00:00
LA BOLA NEGRA,La bola negra,2026,"Javier Ambrossi, Javier Calvo",Drama,"ESTRENO EL VIERNES 25 DE SEPTIEMBRE. Las vidas interconectadas de tres hombres en tres épocas distintas. Tres existencias íntimamente ligadas por la sexualidad y el deseo, el dolor y la herencia; y una de las últimas obras, inacabada, de Federico García Lorca. Proyección en Dolby Atmos y 4K",https://phenomena-experience.com/obj/LCinesD_dat/eventos/JPg000fb.jpg,https://www.youtube.com/watch?v=nXkdGP4VVWI,,8.0,92.0,,Cinesa Diagonal Mar,2026-10-09T19:15:00+02:00,,,,Digital,,unknown,"Tarifa variable; seleccionar cine, fecha y sesión",https://www.publicine.net/cartelera-cine/barcelona/cinesa-diagonal-mar,https://web.cinesa.es/compra/butacas/?showtimeId=032-59121,2026-10-08T06:57:49.911074+00:00
En el corazón de la bestia,Heart Of The Beast,2026,David Ayer,"Acción, Aventura","Un ex soldado herido y su perro militar luchan por sobrevivir en la naturaleza salvaje de Alaska. Enfrentando frío, soledad y peligros constantes, su vínculo será clave para regresar a casa.",https://es.web.img3.acsta.net/c_160_213/img/06/8b/068b23e941178cfd676278b44064f0e9.jpg,https://www.youtube.com/watch?v=Rh24D89hFMg,6.4,7.3,85.0,94.0,Cinesa SOM Multiespai,2026-10-09T19:15:00+02:00,,,,Digital,,unknown,"Tarifa variable; seleccionar cine, fecha y sesión",https://www.publicine.net/cartelera-cine/barcelona/cinesa-som-multiespai-heron-city,https://web.cinesa.es/compra/butacas/?showtimeId=017-60857,2026-10-08T06:57:56.221234+00:00
Verity. La sombra de un engaño,Verity,2026,Michael Showalter,"Thriller, Drama","Lowen Ashleigh es contratada como escritora fantasma por Jeremy Crawford para escribir las novelas de su esposa Verity, autora de bestsellers, impedida tras un accidente. Lowen descubre las inquietantes verdades de Verity mientras reside en casa de los Crawford para trabajar. (FILMAFFINITY)",https://pics.filmaffinity.com/verity-273395489-large.jpg,https://www.filmaffinity.com/es/evideos.php?movie_id=740344,5.3,6.0,33.0,71.0,Cinesa SOM Multiespai,2026-10-09T19:20:00+02:00,,,,Digital,,unknown,"Tarifa variable; seleccionar cine, fecha y sesión",https://www.publicine.net/cartelera-cine/barcelona/cinesa-som-multiespai-heron-city,https://web.cinesa.es/compra/butacas/?showtimeId=017-60876,2026-10-08T06:57:56.221234+00:00
Digger,Digger,2026,Alejandro González Iñárritu,"Acción, Comedia","El hombre más poderoso del mundo provoca un desastre que amenaza a la humanidad. Para redimirse, emprende una misión arriesgada con el objetivo de convertirse en su salvador.",https://es.web.img3.acsta.net/c_160_213/img/0f/c9/0fc9092d6e2afd046417684533c535c4.jpg,https://www.youtube.com/watch?v=xU2jWSsaWY0,6.4,,,,Cinesa Diagonal,2026-10-09T19:30:00+02:00,,,,Digital,,unknown,"Tarifa variable; seleccionar cine, fecha y sesión",https://www.publicine.net/cartelera-cine/barcelona/cinesa-diagonal,https://web.cinesa.es/compra/butacas/?showtimeId=012-55466,2026-10-08T06:57:43.478267+00:00
En el corazón de la bestia,Heart Of The Beast,2026,David Ayer,"Acción, Aventura","Un ex soldado herido y su perro militar luchan por sobrevivir en la naturaleza salvaje de Alaska. Enfrentando frío, soledad y peligros constantes, su vínculo será clave para regresar a casa.",https://es.web.img3.acsta.net/c_160_213/img/06/8b/068b23e941178cfd676278b44064f0e9.jpg,https://www.youtube.com/watch?v=Rh24D89hFMg,6.4,7.3,85.0,94.0,Cinesa Diagonal Mar,2026-10-09T19:30:00+02:00,,,,Digital,,unknown,"Tarifa variable; seleccionar cine, fecha y sesión",https://www.publicine.net/cartelera-cine/barcelona/cinesa-diagonal-mar,https://web.cinesa.es/compra/butacas/?showtimeId=032-59110,2026-10-08T06:57:49.911074+00:00
Resident Evil,Resident Evil,2026,Zach Cregger,"Ciencia ficción, Suspense, Terror","Bryan, un mensajero médico, se ve atrapado inesperadamente en una noche de caos en la que la ciudad empieza a colapsar por una amenaza desconocida. Obligado a sobrevivir, deberá enfrentarse a una peligrosa carrera llena de acción mientras intenta escapar del horror que se desata a su alrededor.",https://es.web.img3.acsta.net/c_160_213/img/40/92/4092e505c00d28878024f17b01002c9c.jpg,https://www.filmaffinity.com/es/evideos.php?movie_id=579353,7.0,7.6,96.0,91.0,Cinesa SOM Multiespai,2026-10-09T19:30:00+02:00,,,,Digital,,unknown,"Tarifa variable; seleccionar cine, fecha y sesión",https://www.publicine.net/cartelera-cine/barcelona/cinesa-som-multiespai-heron-city,https://web.cinesa.es/compra/butacas/?showtimeId=017-60860,2026-10-08T06:57:56.221234+00:00
LA BOLA NEGRA,La bola negra,2026,"Javier Ambrossi, Javier Calvo",Drama,"ESTRENO EL VIERNES 25 DE SEPTIEMBRE. Las vidas interconectadas de tres hombres en tres épocas distintas. Tres existencias íntimamente ligadas por la sexualidad y el deseo, el dolor y la herencia; y una de las últimas obras, inacabada, de Federico García Lorca. Proyección en Dolby Atmos y 4K",https://phenomena-experience.com/obj/LCinesD_dat/eventos/JPg000fb.jpg,https://www.youtube.com/watch?v=nXkdGP4VVWI,,8.0,92.0,,Cine Yelmo Westfield La Maquinista,2026-10-09T19:40:00+02:00,,,,Digital,,unknown,Tarifa variable; consultar el pase de La Maquinista,https://www.publicine.net/cartelera-cine/barcelona/yelmo-westfield-la-maquinista,https://cine.entradas.com/cine/barcelona/cine-yelmo-westfield-la-maquinista/evento/46532/la-bola-negra?mode=widget&change=0&ref=744,2026-10-08T06:58:01.153187+00:00
LA BOLA NEGRA,La bola negra,2026,"Javier Ambrossi, Javier Calvo",Drama,"ESTRENO EL VIERNES 25 DE SEPTIEMBRE. Las vidas interconectadas de tres hombres en tres épocas distintas. Tres existencias íntimamente ligadas por la sexualidad y el deseo, el dolor y la herencia; y una de las últimas obras, inacabada, de Federico García Lorca. Proyección en Dolby Atmos y 4K",https://phenomena-experience.com/obj/LCinesD_dat/eventos/JPg000fb.jpg,https://www.youtube.com/watch?v=nXkdGP4VVWI,,8.0,92.0,,Cinesa Diagonal Mar,2026-10-09T19:45:00+02:00,,,,Digital,,unknown,"Tarifa variable; seleccionar cine, fecha y sesión",https://www.publicine.net/cartelera-cine/barcelona/cinesa-diagonal-mar,https://web.cinesa.es/compra/butacas/?showtimeId=032-59105,2026-10-08T06:57:49.911074+00:00
LA BOLA NEGRA,La bola negra,2026,"Javier Ambrossi, Javier Calvo",Drama,"ESTRENO EL VIERNES 25 DE SEPTIEMBRE. Las vidas interconectadas de tres hombres en tres épocas distintas. Tres existencias íntimamente ligadas por la sexualidad y el deseo, el dolor y la herencia; y una de las últimas obras, inacabada, de Federico García Lorca. Proyección en Dolby Atmos y 4K",https://phenomena-experience.com/obj/LCinesD_dat/eventos/JPg000fb.jpg,https://www.youtube.com/watch?v=nXkdGP4VVWI,,8.0,92.0,,Cinesa SOM Multiespai,2026-10-09T19:45:00+02:00,,,,Digital,,unknown,"Tarifa variable; seleccionar cine, fecha y sesión",https://www.publicine.net/cartelera-cine/barcelona/cinesa-som-multiespai-heron-city,https://web.cinesa.es/compra/butacas/?showtimeId=017-60855,2026-10-08T06:57:56.221234+00:00
Vengadores Endgame: Encore,,,"Joe Russo, Anthony Russo","Aventuras, Fantástico","El grave curso de los acontecimientos puesto en marcha por Thanos, el Titán loco, obliga a los Vengadores y a sus aliados a tomar una última posición para restaurar el orden en el universo al precio que sea.",https://www.publicine.net/img/pel/full/16350f_vengadores-endgame-encore.webp,https://www.youtube.com/watch?v=kJeJTYHUtW0,,,,,Cine Yelmo Westfield La Maquinista,2026-10-09T19:45:00+02:00,,,,Digital,,unknown,Tarifa variable; consultar el pase de La Maquinista,https://www.publicine.net/cartelera-cine/barcelona/yelmo-westfield-la-maquinista,https://cine.entradas.com/cine/barcelona/cine-yelmo-westfield-la-maquinista/evento/46513/vengadores-endgame-encore?mode=widget&change=0&ref=744,2026-10-08T06:58:01.153187+00:00
Verity. La sombra de un engaño,Verity,2026,Michael Showalter,"Thriller, Drama","Lowen Ashleigh es contratada como escritora fantasma por Jeremy Crawford para escribir las novelas de su esposa Verity, autora de bestsellers, impedida tras un accidente. Lowen descubre las inquietantes verdades de Verity mientras reside en casa de los Crawford para trabajar. (FILMAFFINITY)",https://pics.filmaffinity.com/verity-273395489-large.jpg,https://www.filmaffinity.com/es/evideos.php?movie_id=740344,5.3,6.0,33.0,71.0,Cine Yelmo Westfield La Maquinista,2026-10-09T19:55:00+02:00,,,,Digital,,unknown,Tarifa variable; consultar el pase de La Maquinista,https://www.publicine.net/cartelera-cine/barcelona/yelmo-westfield-la-maquinista,https://cine.entradas.com/cine/barcelona/cine-yelmo-westfield-la-maquinista/evento/46523/verity-la-sombra-de-un-engano?mode=widget&change=0&ref=744,2026-10-08T06:58:01.153187+00:00
Resident Evil,Resident Evil,2026,Zach Cregger,"Ciencia ficción, Suspense, Terror","Bryan, un mensajero médico, se ve atrapado inesperadamente en una noche de caos en la que la ciudad empieza a colapsar por una amenaza desconocida. Obligado a sobrevivir, deberá enfrentarse a una peligrosa carrera llena de acción mientras intenta escapar del horror que se desata a su alrededor.",https://es.web.img3.acsta.net/c_160_213/img/40/92/4092e505c00d28878024f17b01002c9c.jpg,https://www.filmaffinity.com/es/evideos.php?movie_id=579353,7.0,7.6,96.0,91.0,Cinesa Diagonal Mar,2026-10-09T20:00:00+02:00,VO,,es,,,unknown,"Tarifa variable; seleccionar cine, fecha y sesión",https://www.publicine.net/cartelera-cine/barcelona/cinesa-diagonal-mar,https://web.cinesa.es/compra/butacas/?showtimeId=032-59111,2026-10-08T06:57:49.911074+00:00
Digger,Digger,2026,Alejandro González Iñárritu,"Acción, Comedia","El hombre más poderoso del mundo provoca un desastre que amenaza a la humanidad. Para redimirse, emprende una misión arriesgada con el objetivo de convertirse en su salvador.",https://es.web.img3.acsta.net/c_160_213/img/0f/c9/0fc9092d6e2afd046417684533c535c4.jpg,https://www.youtube.com/watch?v=xU2jWSsaWY0,6.4,,,,Cinesa SOM Multiespai,2026-10-09T20:00:00+02:00,,,,Digital,,unknown,"Tarifa variable; seleccionar cine, fecha y sesión",https://www.publicine.net/cartelera-cine/barcelona/cinesa-som-multiespai-heron-city,https://web.cinesa.es/compra/butacas/?showtimeId=017-60879,2026-10-08T06:57:56.221234+00:00
The Miracle Worker,The Miracle Worker,1962,Arthur Penn,Drama,"Premi José María Nunes a la millor pel·lícula catalana de l’any Eva Libertad, directora de Sorda , Premi José María Nunes a la millor pel·lícula catalana de l'any , ha escollit aquest film com un dels principals referents durant la realització de la seva pel·lícula.",https://pics.filmaffinity.com/the_miracle_worker-804783178-large.jpg,https://www.filmaffinity.com/es/evideos.php?movie_id=462819,7.6,8.1,96.0,88.0,Filmoteca de Catalunya — Sales Chomón i Laya,2026-10-09T20:00:00+02:00,VO,,ca,DCP,,unknown,General 4€; reducida 3€; programación infantil 2€,https://www.filmoteca.cat/web/ca/film/miracle-worker,https://euromus.cultura.gencat.cat/filmoteca/venda/index.jsp?lang=1&nom_cache=FILMOTECA&property=FILMOTECA&codiActiv=1018&codiCicle=4,2026-10-08T06:57:58.924405+00:00
Cronos,Cronos,2026,Fernando González Molina,"Drama, Suspense","La película sigue la operación Cronos, activada tras el atentado en Las Ramblas, durante cuatro días de tensión y confusión. La misión culmina con la captura del último terrorista, dejando heridas abiertas y un país marcado por el miedo y la frustración.",https://es.web.img3.acsta.net/c_160_213/img/68/13/6813bcb516cf8f5787c00a1d9a5ea6b0.jpg,https://www.youtube.com/watch?v=XymFT_jUeXY,6.2,6.7,,,Cine Yelmo Westfield La Maquinista,2026-10-09T20:00:00+02:00,,,,Digital,,unknown,Tarifa variable; consultar el pase de La Maquinista,https://www.publicine.net/cartelera-cine/barcelona/yelmo-westfield-la-maquinista,https://www.publicine.net/venda/18172/59/aHR0cHM6Ly9jaW5lLmVudHJhZGFzLmNvbS9jaW5lL2JhcmNlbG9uYS9jaW5lLXllbG1vLXdlc3RmaWVsZC1sYS1tYXF1aW5pc3RhL2V2ZW50by80NjUxNi9jcm9ub3M/bW9kZT13aWRnZXQmY2hhbmdlPTAmcmVmPTc0NA,2026-10-08T06:58:01.153187+00:00
ESCAPE ROOM 2,Escape Room 2,2026,Hèctor Claramunt,"Comedia, Thriller, Intriga","Cinc anys després, l’Edu, la Marina, la Viky i en Rai tornen a coincidir misteriosament en un nou local de moda situat a la part alta de la muntanya de Montjuïc, on antigament es trobava el parc d’atraccions. No trigaran a adonar-se que aquell establiment no és el que sembla. Aviat aniran a parar a una antiga atracció, un túnel del terror que havia quedat soterrat, on apareix un comptador acompanyat d’un missatge amenaçador que els resulta inquietantment familiar: tenen 60 minuts per a sortir o moriran.",https://espaitexas.cat/wp-content/uploads/2026/10/6a9fc286373b2.jpg,https://www.filmaffinity.com/es/evideos.php?movie_id=903140,,,,,Espai Texas — Cinemes Texas,2026-10-09T20:15:00+02:00,VO,ca,,,,unknown,Lunes–viernes 6€; jueves del espectador 4€; fin de semana 8€,https://espaitexas.cat/pelicula/escape-room-2/,https://espaitexas.koobin.cat/ca/escape-room-2-vo-20261009-2015,2026-10-08T06:57:24.326842+00:00
LA BOLA NEGRA,La bola negra,2026,"Javier Ambrossi, Javier Calvo",Drama,"ESTRENO EL VIERNES 25 DE SEPTIEMBRE. Las vidas interconectadas de tres hombres en tres épocas distintas. Tres existencias íntimamente ligadas por la sexualidad y el deseo, el dolor y la herencia; y una de las últimas obras, inacabada, de Federico García Lorca. Proyección en Dolby Atmos y 4K",https://phenomena-experience.com/obj/LCinesD_dat/eventos/JPg000fb.jpg,https://www.youtube.com/watch?v=nXkdGP4VVWI,,8.0,92.0,,Cine Yelmo Westfield La Maquinista,2026-10-09T20:25:00+02:00,,,,Digital,,unknown,Tarifa variable; consultar el pase de La Maquinista,https://www.publicine.net/cartelera-cine/barcelona/yelmo-westfield-la-maquinista,https://cine.entradas.com/cine/barcelona/cine-yelmo-westfield-la-maquinista/evento/46439/la-bola-negra?mode=widget&change=0&ref=744,2026-10-08T06:58:01.153187+00:00
Resident Evil,Resident Evil,2026,Zach Cregger,"Ciencia ficción, Suspense, Terror","Bryan, un mensajero médico, se ve atrapado inesperadamente en una noche de caos en la que la ciudad empieza a colapsar por una amenaza desconocida. Obligado a sobrevivir, deberá enfrentarse a una peligrosa carrera llena de acción mientras intenta escapar del horror que se desata a su alrededor.",https://es.web.img3.acsta.net/c_160_213/img/40/92/4092e505c00d28878024f17b01002c9c.jpg,https://www.filmaffinity.com/es/evideos.php?movie_id=579353,7.0,7.6,96.0,91.0,Cinesa Diagonal,2026-10-09T20:30:00+02:00,,,,Digital,,unknown,"Tarifa variable; seleccionar cine, fecha y sesión",https://www.publicine.net/cartelera-cine/barcelona/cinesa-diagonal,https://web.cinesa.es/compra/butacas/?showtimeId=012-55456,2026-10-08T06:57:43.478267+00:00
OMBRA NÒMADA,,2026,Eimi Imanishi,,"La Mariam, una jove sahrauí amb un carisma especial, és deportada d’Espanya i forçada a tornar a la llar familiar al Sàhara Occidental. Desesperada per tornar a Barcelona, la Mariam no aconsegueix adaptar-se al seu lloc de naixement. Els seus intents fallits per millorar la seva situació l’enfrontaran de ple amb la seva identitat: ni el seu arrelament al Sàhara ni el seu vincle amb Espanya resulten suficients per a trobar el seu lloc.",https://espaitexas.cat/wp-content/uploads/2026/09/tal-nomad-shadow-poster-2-72.jpg,,,,,,Espai Texas — Cinemes Texas,2026-10-09T20:30:00+02:00,VO,CASTELLÀ I ÀRAB,ca,,,unknown,Lunes–viernes 6€; jueves del espectador 4€; fin de semana 8€,https://espaitexas.cat/pelicula/ombra-nomada/,https://espaitexas.koobin.cat/ca/ombra-nomada-vosc-20261009-2030,2026-10-08T06:57:10.458064+00:00
Digger,Digger,2026,Alejandro González Iñárritu,"Acción, Comedia","El hombre más poderoso del mundo provoca un desastre que amenaza a la humanidad. Para redimirse, emprende una misión arriesgada con el objetivo de convertirse en su salvador.",https://es.web.img3.acsta.net/c_160_213/img/0f/c9/0fc9092d6e2afd046417684533c535c4.jpg,https://www.youtube.com/watch?v=xU2jWSsaWY0,6.4,,,,Phenomena Experience,2026-10-09T20:40:00+02:00,VO,,es,Dolby Atmos,12.0,published,Precio según pase; consultar la ficha de la película,https://phenomena-experience.com/index?pag=cartelera,https://www.reservaentradas.com/entrada/barcelona/phenomenaexperience/digger-proyeccion-en-dolby-atmos-y-vose/13590/,2026-10-08T06:57:05.017772+00:00
Resident Evil,Resident Evil,2026,Zach Cregger,"Ciencia ficción, Suspense, Terror","Bryan, un mensajero médico, se ve atrapado inesperadamente en una noche de caos en la que la ciudad empieza a colapsar por una amenaza desconocida. Obligado a sobrevivir, deberá enfrentarse a una peligrosa carrera llena de acción mientras intenta escapar del horror que se desata a su alrededor.",https://es.web.img3.acsta.net/c_160_213/img/40/92/4092e505c00d28878024f17b01002c9c.jpg,https://www.filmaffinity.com/es/evideos.php?movie_id=579353,7.0,7.6,96.0,91.0,Cine Yelmo Westfield La Maquinista,2026-10-09T20:40:00+02:00,,,,Digital,,unknown,Tarifa variable; consultar el pase de La Maquinista,https://www.publicine.net/cartelera-cine/barcelona/yelmo-westfield-la-maquinista,https://cine.entradas.com/cine/barcelona/cine-yelmo-westfield-la-maquinista/evento/46638/resident-evil?mode=widget&change=0&ref=744,2026-10-08T06:58:01.153187+00:00
LA BOLA NEGRA,La bola negra,2026,"Javier Ambrossi, Javier Calvo",Drama,"ESTRENO EL VIERNES 25 DE SEPTIEMBRE. Las vidas interconectadas de tres hombres en tres épocas distintas. Tres existencias íntimamente ligadas por la sexualidad y el deseo, el dolor y la herencia; y una de las últimas obras, inacabada, de Federico García Lorca. Proyección en Dolby Atmos y 4K",https://phenomena-experience.com/obj/LCinesD_dat/eventos/JPg000fb.jpg,https://www.youtube.com/watch?v=nXkdGP4VVWI,,8.0,92.0,,Cinesa Diagonal,2026-10-09T20:45:00+02:00,,,,Digital,,unknown,"Tarifa variable; seleccionar cine, fecha y sesión",https://www.publicine.net/cartelera-cine/barcelona/cinesa-diagonal,https://web.cinesa.es/compra/butacas/?showtimeId=012-55461,2026-10-08T06:57:43.478267+00:00
LA BOLA NEGRA,La bola negra,2026,"Javier Ambrossi, Javier Calvo",Drama,"ESTRENO EL VIERNES 25 DE SEPTIEMBRE. Las vidas interconectadas de tres hombres en tres épocas distintas. Tres existencias íntimamente ligadas por la sexualidad y el deseo, el dolor y la herencia; y una de las últimas obras, inacabada, de Federico García Lorca. Proyección en Dolby Atmos y 4K",https://phenomena-experience.com/obj/LCinesD_dat/eventos/JPg000fb.jpg,https://www.youtube.com/watch?v=nXkdGP4VVWI,,8.0,92.0,,Cinesa Diagonal Mar,2026-10-09T20:45:00+02:00,,,,Digital,,unknown,"Tarifa variable; seleccionar cine, fecha y sesión",https://www.publicine.net/cartelera-cine/barcelona/cinesa-diagonal-mar,https://web.cinesa.es/compra/butacas/?showtimeId=032-59103,2026-10-08T06:57:49.911074+00:00
LA BOLA NEGRA,La bola negra,2026,"Javier Ambrossi, Javier Calvo",Drama,"ESTRENO EL VIERNES 25 DE SEPTIEMBRE. Las vidas interconectadas de tres hombres en tres épocas distintas. Tres existencias íntimamente ligadas por la sexualidad y el deseo, el dolor y la herencia; y una de las últimas obras, inacabada, de Federico García Lorca. Proyección en Dolby Atmos y 4K",https://phenomena-experience.com/obj/LCinesD_dat/eventos/JPg000fb.jpg,https://www.youtube.com/watch?v=nXkdGP4VVWI,,8.0,92.0,,Cinesa SOM Multiespai,2026-10-09T20:45:00+02:00,,,,Digital,,unknown,"Tarifa variable; seleccionar cine, fecha y sesión",https://www.publicine.net/cartelera-cine/barcelona/cinesa-som-multiespai-heron-city,https://web.cinesa.es/compra/butacas/?showtimeId=017-60852,2026-10-08T06:57:56.221234+00:00
Yo,Yo,2007,Rafa Cortés,,"Àlex Brendemühl, a qui rondava pel cap la idea “d’un film en què el protagonista es desdoblés en un altre, perquè viu en una illa mental”, va coescriure el guió, juntament amb el director, d’aquesta òpera prima singular ambientada en la localitat balear d’Estellencs i que inclou en el repartiment alguns dels seus habitants.",,,,6.4,,,Filmoteca de Catalunya — Sales Chomón i Laya,2026-10-09T21:00:00+02:00,VO,,es,,,unknown,General 4€; reducida 3€; programación infantil 2€,https://www.filmoteca.cat/web/ca/film/yo,https://euromus.cultura.gencat.cat/filmoteca/venda/index.jsp?lang=1&nom_cache=FILMOTECA&property=FILMOTECA&codiActiv=966&codiCicle=26,2026-10-08T06:57:47.121644+00:00
Trainspotting,Trainspotting,1996,Danny Boyle,Drama,"Mark Renton, un joven escocés de Edimburgo, y sus amigos son adictos a la heroína, lo que significa que viven fuera de la realidad, en un mundo aparte. Dentro del grupo hay un psicópata alcohólico y violento, un joven desesperado, un mujeriego con un conocimiento enciclopédico sobre Sean Connery y un entusiasta de las caminatas y de Iggy Pop. (FILMAFFINITY)",https://pics.filmaffinity.com/trainspotting-196178076-large.jpg,https://www.filmaffinity.com/es/evideos.php?movie_id=959573,8.1,8.1,93.0,93.0,Mooby Aribau / Aribau Cinema,2026-10-09T21:00:00+02:00,VO,,es,,,unknown,"L–J laborables 9€; miércoles 6,50€; vie./sáb./festivos 10€",https://www.filmaffinity.com/es/theater-showtimes.php?id=223,https://moobycinemas-aribau.admit-one.eu/?p=tickets&perfCode=67581&language=esp&theatre=28,2026-09-29T07:43:08.954816+00:00
En el corazón de la bestia,Heart Of The Beast,2026,David Ayer,"Acción, Aventura","Un ex soldado herido y su perro militar luchan por sobrevivir en la naturaleza salvaje de Alaska. Enfrentando frío, soledad y peligros constantes, su vínculo será clave para regresar a casa.",https://es.web.img3.acsta.net/c_160_213/img/06/8b/068b23e941178cfd676278b44064f0e9.jpg,https://www.youtube.com/watch?v=Rh24D89hFMg,6.4,7.3,85.0,94.0,Cine Yelmo Westfield La Maquinista,2026-10-09T21:00:00+02:00,,,,Digital,,unknown,Tarifa variable; consultar el pase de La Maquinista,https://www.publicine.net/cartelera-cine/barcelona/yelmo-westfield-la-maquinista,https://cine.entradas.com/cine/barcelona/cine-yelmo-westfield-la-maquinista/evento/46542/en-el-corazon-de-la-bestia?mode=widget&change=0&ref=744,2026-10-08T06:58:01.153187+00:00
Digger,Digger,2026,Alejandro González Iñárritu,"Acción, Comedia","El hombre más poderoso del mundo provoca un desastre que amenaza a la humanidad. Para redimirse, emprende una misión arriesgada con el objetivo de convertirse en su salvador.",https://es.web.img3.acsta.net/c_160_213/img/0f/c9/0fc9092d6e2afd046417684533c535c4.jpg,https://www.youtube.com/watch?v=xU2jWSsaWY0,6.4,,,,Cinesa Diagonal Mar,2026-10-09T21:10:00+02:00,,,,Digital,,unknown,"Tarifa variable; seleccionar cine, fecha y sesión",https://www.publicine.net/cartelera-cine/barcelona/cinesa-diagonal-mar,https://web.cinesa.es/compra/butacas/?showtimeId=032-59125,2026-10-08T06:57:49.911074+00:00
Vengadores Endgame: Encore,,,"Joe Russo, Anthony Russo","Aventuras, Fantástico","El grave curso de los acontecimientos puesto en marcha por Thanos, el Titán loco, obliga a los Vengadores y a sus aliados a tomar una última posición para restaurar el orden en el universo al precio que sea.",https://www.publicine.net/img/pel/full/16350f_vengadores-endgame-encore.webp,https://www.youtube.com/watch?v=kJeJTYHUtW0,,,,,Cine Yelmo Westfield La Maquinista,2026-10-09T21:15:00+02:00,,,,3D,,unknown,Tarifa variable; consultar el pase de La Maquinista,https://www.publicine.net/cartelera-cine/barcelona/yelmo-westfield-la-maquinista,https://cine.entradas.com/cine/barcelona/cine-yelmo-westfield-la-maquinista/evento/46521/vengadores-endgame-encore-infinity-vision?mode=widget&change=0&ref=744,2026-10-08T06:58:01.153187+00:00
Naza,"Naza (נז""א)",2026,"Yuval Abraham, Rachel Szor",Documental,"Dos dels autors de la guanyadora de l'Óscar ""No Other Land"" documenten els mecanismes i sistemes automatitzats (incloent intel·ligència artificial) utilitzats per les Forces de Defensa d'Israel (FDI) per a la selecció d'objectius i el bombardeig massiu de civils en la Franja de Gaza. Premi Especial de Jurat al festival de Venècia.",https://pics.filmaffinity.com/naza-969777841-large.jpg,https://www.filmaffinity.com/es/evideos.php?movie_id=105520,7.6,7.9,100.0,,Zumzeig Cinecooperativa,2026-10-09T21:15:00+02:00,VO,,es,,,unknown,"General 7,50€; miércoles no festivos 5,50€; reducida 6€; socias 4,50€",https://zumzeigcine.coop/cinema/films/naza/,https://www.codetickets.com/portal/zumzeigcooperativa/online/37717/102041,2026-10-08T06:57:17.882975+00:00
Verity. La sombra de un engaño,Verity,2026,Michael Showalter,"Thriller, Drama","Lowen Ashleigh es contratada como escritora fantasma por Jeremy Crawford para escribir las novelas de su esposa Verity, autora de bestsellers, impedida tras un accidente. Lowen descubre las inquietantes verdades de Verity mientras reside en casa de los Crawford para trabajar. (FILMAFFINITY)",https://pics.filmaffinity.com/verity-273395489-large.jpg,https://www.filmaffinity.com/es/evideos.php?movie_id=740344,5.3,6.0,33.0,71.0,Cinesa Diagonal,2026-10-09T21:30:00+02:00,VO,,es,,,unknown,"Tarifa variable; seleccionar cine, fecha y sesión",https://www.publicine.net/cartelera-cine/barcelona/cinesa-diagonal,https://web.cinesa.es/compra/butacas/?showtimeId=012-55457,2026-10-08T06:57:43.478267+00:00
Verity. La sombra de un engaño,Verity,2026,Michael Showalter,"Thriller, Drama","Lowen Ashleigh es contratada como escritora fantasma por Jeremy Crawford para escribir las novelas de su esposa Verity, autora de bestsellers, impedida tras un accidente. Lowen descubre las inquietantes verdades de Verity mientras reside en casa de los Crawford para trabajar. (FILMAFFINITY)",https://pics.filmaffinity.com/verity-273395489-large.jpg,https://www.filmaffinity.com/es/evideos.php?movie_id=740344,5.3,6.0,33.0,71.0,Cinesa Diagonal Mar,2026-10-09T21:30:00+02:00,,,,Digital,,unknown,"Tarifa variable; seleccionar cine, fecha y sesión",https://www.publicine.net/cartelera-cine/barcelona/cinesa-diagonal-mar,https://web.cinesa.es/compra/butacas/?showtimeId=032-59123,2026-10-08T06:57:49.911074+00:00
En el corazón de la bestia,Heart Of The Beast,2026,David Ayer,"Acción, Aventura","Un ex soldado herido y su perro militar luchan por sobrevivir en la naturaleza salvaje de Alaska. Enfrentando frío, soledad y peligros constantes, su vínculo será clave para regresar a casa.",https://es.web.img3.acsta.net/c_160_213/img/06/8b/068b23e941178cfd676278b44064f0e9.jpg,https://www.youtube.com/watch?v=Rh24D89hFMg,6.4,7.3,85.0,94.0,Cinesa SOM Multiespai,2026-10-09T21:40:00+02:00,,,,Digital,,unknown,"Tarifa variable; seleccionar cine, fecha y sesión",https://www.publicine.net/cartelera-cine/barcelona/cinesa-som-multiespai-heron-city,https://web.cinesa.es/compra/butacas/?showtimeId=017-60858,2026-10-08T06:57:56.221234+00:00
LA BOLA NEGRA,La bola negra,2026,"Javier Ambrossi, Javier Calvo",Drama,"ESTRENO EL VIERNES 25 DE SEPTIEMBRE. Las vidas interconectadas de tres hombres en tres épocas distintas. Tres existencias íntimamente ligadas por la sexualidad y el deseo, el dolor y la herencia; y una de las últimas obras, inacabada, de Federico García Lorca. Proyección en Dolby Atmos y 4K",https://phenomena-experience.com/obj/LCinesD_dat/eventos/JPg000fb.jpg,https://www.youtube.com/watch?v=nXkdGP4VVWI,,8.0,92.0,,Cine Yelmo Westfield La Maquinista,2026-10-09T21:40:00+02:00,,,,Digital,,unknown,Tarifa variable; consultar el pase de La Maquinista,https://www.publicine.net/cartelera-cine/barcelona/yelmo-westfield-la-maquinista,https://cine.entradas.com/cine/barcelona/cine-yelmo-westfield-la-maquinista/evento/46539/la-bola-negra?mode=widget&change=0&ref=744,2026-10-08T06:58:01.153187+00:00
LA BOLA NEGRA,La bola negra,2026,"Javier Ambrossi, Javier Calvo",Drama,"ESTRENO EL VIERNES 25 DE SEPTIEMBRE. Las vidas interconectadas de tres hombres en tres épocas distintas. Tres existencias íntimamente ligadas por la sexualidad y el deseo, el dolor y la herencia; y una de las últimas obras, inacabada, de Federico García Lorca. Proyección en Dolby Atmos y 4K",https://phenomena-experience.com/obj/LCinesD_dat/eventos/JPg000fb.jpg,https://www.youtube.com/watch?v=nXkdGP4VVWI,,8.0,92.0,,Cinesa Diagonal,2026-10-09T21:45:00+02:00,,,,Digital,,unknown,"Tarifa variable; seleccionar cine, fecha y sesión",https://www.publicine.net/cartelera-cine/barcelona/cinesa-diagonal,https://web.cinesa.es/compra/butacas/?showtimeId=012-55335,2026-10-08T06:57:43.478267+00:00
LA BOLA NEGRA,La bola negra,2026,"Javier Ambrossi, Javier Calvo",Drama,"ESTRENO EL VIERNES 25 DE SEPTIEMBRE. Las vidas interconectadas de tres hombres en tres épocas distintas. Tres existencias íntimamente ligadas por la sexualidad y el deseo, el dolor y la herencia; y una de las últimas obras, inacabada, de Federico García Lorca. Proyección en Dolby Atmos y 4K",https://phenomena-experience.com/obj/LCinesD_dat/eventos/JPg000fb.jpg,https://www.youtube.com/watch?v=nXkdGP4VVWI,,8.0,92.0,,Cinesa Diagonal Mar,2026-10-09T21:45:00+02:00,,,,Digital,,unknown,"Tarifa variable; seleccionar cine, fecha y sesión",https://www.publicine.net/cartelera-cine/barcelona/cinesa-diagonal-mar,https://web.cinesa.es/compra/butacas/?showtimeId=032-58963,2026-10-08T06:57:49.911074+00:00
LA BOLA NEGRA,La bola negra,2026,"Javier Ambrossi, Javier Calvo",Drama,"ESTRENO EL VIERNES 25 DE SEPTIEMBRE. Las vidas interconectadas de tres hombres en tres épocas distintas. Tres existencias íntimamente ligadas por la sexualidad y el deseo, el dolor y la herencia; y una de las últimas obras, inacabada, de Federico García Lorca. Proyección en Dolby Atmos y 4K",https://phenomena-experience.com/obj/LCinesD_dat/eventos/JPg000fb.jpg,https://www.youtube.com/watch?v=nXkdGP4VVWI,,8.0,92.0,,Cinesa SOM Multiespai,2026-10-09T21:45:00+02:00,,,,Digital,,unknown,"Tarifa variable; seleccionar cine, fecha y sesión",https://www.publicine.net/cartelera-cine/barcelona/cinesa-som-multiespai-heron-city,https://web.cinesa.es/compra/butacas/?showtimeId=017-60727,2026-10-08T06:57:56.221234+00:00
La Odisea,The Odyssey,2026,Christopher Nolan,"Acción, Fantasía","Tras la guerra de Troya, Odiseo se enfrenta un peligroso viaje de 10 años para regresar a Ítaca, superando dioses, monstruos y desafíos épicos. Mientras tanto, su esposa Penélope resiste a los pretendientes que amenazan su reino.",https://es.web.img3.acsta.net/c_160_213/img/1a/23/1a238e79ea26da69c2ff751c232c60e3.png,https://www.youtube.com/watch?v=NUIIc9gZOcQ,7.6,8.4,,,Cinesa Diagonal Mar,2026-10-09T21:50:00+02:00,,,,IMAX,,unknown,"Tarifa variable; seleccionar cine, fecha y sesión",https://www.publicine.net/cartelera-cine/barcelona/cinesa-diagonal-mar,https://web.cinesa.es/compra/butacas/?showtimeId=032-59102,2026-10-08T06:57:49.911074+00:00
Verity. La sombra de un engaño,Verity,2026,Michael Showalter,"Thriller, Drama","Lowen Ashleigh es contratada como escritora fantasma por Jeremy Crawford para escribir las novelas de su esposa Verity, autora de bestsellers, impedida tras un accidente. Lowen descubre las inquietantes verdades de Verity mientras reside en casa de los Crawford para trabajar. (FILMAFFINITY)",https://pics.filmaffinity.com/verity-273395489-large.jpg,https://www.filmaffinity.com/es/evideos.php?movie_id=740344,5.3,6.0,33.0,71.0,Cinesa SOM Multiespai,2026-10-09T21:50:00+02:00,,,,Digital,,unknown,"Tarifa variable; seleccionar cine, fecha y sesión",https://www.publicine.net/cartelera-cine/barcelona/cinesa-som-multiespai-heron-city,https://web.cinesa.es/compra/butacas/?showtimeId=017-60877,2026-10-08T06:57:56.221234+00:00
En el corazón de la bestia,Heart Of The Beast,2026,David Ayer,"Acción, Aventura","Un ex soldado herido y su perro militar luchan por sobrevivir en la naturaleza salvaje de Alaska. Enfrentando frío, soledad y peligros constantes, su vínculo será clave para regresar a casa.",https://es.web.img3.acsta.net/c_160_213/img/06/8b/068b23e941178cfd676278b44064f0e9.jpg,https://www.youtube.com/watch?v=Rh24D89hFMg,6.4,7.3,85.0,94.0,Cinesa Diagonal,2026-10-09T22:00:00+02:00,VO,,es,,,unknown,"Tarifa variable; seleccionar cine, fecha y sesión",https://www.publicine.net/cartelera-cine/barcelona/cinesa-diagonal,https://web.cinesa.es/compra/butacas/?showtimeId=012-55458,2026-10-08T06:57:43.478267+00:00
En el corazón de la bestia,Heart Of The Beast,2026,David Ayer,"Acción, Aventura","Un ex soldado herido y su perro militar luchan por sobrevivir en la naturaleza salvaje de Alaska. Enfrentando frío, soledad y peligros constantes, su vínculo será clave para regresar a casa.",https://es.web.img3.acsta.net/c_160_213/img/06/8b/068b23e941178cfd676278b44064f0e9.jpg,https://www.youtube.com/watch?v=Rh24D89hFMg,6.4,7.3,85.0,94.0,Cinesa Diagonal Mar,2026-10-09T22:00:00+02:00,,,,Digital,,unknown,"Tarifa variable; seleccionar cine, fecha y sesión",https://www.publicine.net/cartelera-cine/barcelona/cinesa-diagonal-mar,https://web.cinesa.es/compra/butacas/?showtimeId=032-59119,2026-10-08T06:57:49.911074+00:00
Digger,Digger,2026,Alejandro González Iñárritu,"Acción, Comedia","El hombre más poderoso del mundo provoca un desastre que amenaza a la humanidad. Para redimirse, emprende una misión arriesgada con el objetivo de convertirse en su salvador.",https://es.web.img3.acsta.net/c_160_213/img/0f/c9/0fc9092d6e2afd046417684533c535c4.jpg,https://www.youtube.com/watch?v=xU2jWSsaWY0,6.4,,,,Cinesa SOM Multiespai,2026-10-09T22:00:00+02:00,,,,Digital,,unknown,"Tarifa variable; seleccionar cine, fecha y sesión",https://www.publicine.net/cartelera-cine/barcelona/cinesa-som-multiespai-heron-city,https://web.cinesa.es/compra/butacas/?showtimeId=017-60880,2026-10-08T06:57:56.221234+00:00
Resident Evil,Resident Evil,2026,Zach Cregger,"Ciencia ficción, Suspense, Terror","Bryan, un mensajero médico, se ve atrapado inesperadamente en una noche de caos en la que la ciudad empieza a colapsar por una amenaza desconocida. Obligado a sobrevivir, deberá enfrentarse a una peligrosa carrera llena de acción mientras intenta escapar del horror que se desata a su alrededor.",https://es.web.img3.acsta.net/c_160_213/img/40/92/4092e505c00d28878024f17b01002c9c.jpg,https://www.filmaffinity.com/es/evideos.php?movie_id=579353,7.0,7.6,96.0,91.0,Cinesa Diagonal Mar,2026-10-09T22:20:00+02:00,,,,Digital,,unknown,"Tarifa variable; seleccionar cine, fecha y sesión",https://www.publicine.net/cartelera-cine/barcelona/cinesa-diagonal-mar,https://web.cinesa.es/compra/butacas/?showtimeId=032-59112,2026-10-08T06:57:49.911074+00:00
Verity. La sombra de un engaño,Verity,2026,Michael Showalter,"Thriller, Drama","Lowen Ashleigh es contratada como escritora fantasma por Jeremy Crawford para escribir las novelas de su esposa Verity, autora de bestsellers, impedida tras un accidente. Lowen descubre las inquietantes verdades de Verity mientras reside en casa de los Crawford para trabajar. (FILMAFFINITY)",https://pics.filmaffinity.com/verity-273395489-large.jpg,https://www.filmaffinity.com/es/evideos.php?movie_id=740344,5.3,6.0,33.0,71.0,Cine Yelmo Westfield La Maquinista,2026-10-09T22:20:00+02:00,,,,Digital,,unknown,Tarifa variable; consultar el pase de La Maquinista,https://www.publicine.net/cartelera-cine/barcelona/yelmo-westfield-la-maquinista,https://cine.entradas.com/cine/barcelona/cine-yelmo-westfield-la-maquinista/evento/46524/verity-la-sombra-de-un-engano?mode=widget&change=0&ref=744,2026-10-08T06:58:01.153187+00:00
Digger,Digger,2026,Alejandro González Iñárritu,"Acción, Comedia","El hombre más poderoso del mundo provoca un desastre que amenaza a la humanidad. Para redimirse, emprende una misión arriesgada con el objetivo de convertirse en su salvador.",https://es.web.img3.acsta.net/c_160_213/img/0f/c9/0fc9092d6e2afd046417684533c535c4.jpg,https://www.youtube.com/watch?v=xU2jWSsaWY0,6.4,,,,Cinesa Diagonal,2026-10-09T22:25:00+02:00,VO,,es,,,unknown,"Tarifa variable; seleccionar cine, fecha y sesión",https://www.publicine.net/cartelera-cine/barcelona/cinesa-diagonal,https://web.cinesa.es/compra/butacas/?showtimeId=012-55465,2026-10-08T06:57:43.478267+00:00
Resident Evil,Resident Evil,2026,Zach Cregger,"Ciencia ficción, Suspense, Terror","Bryan, un mensajero médico, se ve atrapado inesperadamente en una noche de caos en la que la ciudad empieza a colapsar por una amenaza desconocida. Obligado a sobrevivir, deberá enfrentarse a una peligrosa carrera llena de acción mientras intenta escapar del horror que se desata a su alrededor.",https://es.web.img3.acsta.net/c_160_213/img/40/92/4092e505c00d28878024f17b01002c9c.jpg,https://www.filmaffinity.com/es/evideos.php?movie_id=579353,7.0,7.6,96.0,91.0,Cinesa SOM Multiespai,2026-10-09T22:25:00+02:00,,,,Digital,,unknown,"Tarifa variable; seleccionar cine, fecha y sesión",https://www.publicine.net/cartelera-cine/barcelona/cinesa-som-multiespai-heron-city,https://web.cinesa.es/compra/butacas/?showtimeId=017-60861,2026-10-08T06:57:56.221234+00:00
Digger,Digger,2026,Alejandro González Iñárritu,"Acción, Comedia","El hombre más poderoso del mundo provoca un desastre que amenaza a la humanidad. Para redimirse, emprende una misión arriesgada con el objetivo de convertirse en su salvador.",https://es.web.img3.acsta.net/c_160_213/img/0f/c9/0fc9092d6e2afd046417684533c535c4.jpg,https://www.youtube.com/watch?v=xU2jWSsaWY0,6.4,,,,Cine Yelmo Westfield La Maquinista,2026-10-09T22:30:00+02:00,,,,Digital,,unknown,Tarifa variable; consultar el pase de La Maquinista,https://www.publicine.net/cartelera-cine/barcelona/yelmo-westfield-la-maquinista,https://www.publicine.net/venda/16322/59/aHR0cHM6Ly9jaW5lLmVudHJhZGFzLmNvbS9jaW5lL2JhcmNlbG9uYS9jaW5lLXllbG1vLXdlc3RmaWVsZC1sYS1tYXF1aW5pc3RhL2V2ZW50by80NjUxNy9kaWdnZXI/bW9kZT13aWRnZXQmY2hhbmdlPTAmcmVmPTc0NA,2026-10-08T06:58:01.153187+00:00
Resident Evil,Resident Evil,2026,Zach Cregger,"Ciencia ficción, Suspense, Terror","Bryan, un mensajero médico, se ve atrapado inesperadamente en una noche de caos en la que la ciudad empieza a colapsar por una amenaza desconocida. Obligado a sobrevivir, deberá enfrentarse a una peligrosa carrera llena de acción mientras intenta escapar del horror que se desata a su alrededor.",https://es.web.img3.acsta.net/c_160_213/img/40/92/4092e505c00d28878024f17b01002c9c.jpg,https://www.filmaffinity.com/es/evideos.php?movie_id=579353,7.0,7.6,96.0,91.0,Cinesa Diagonal,2026-10-09T22:40:00+02:00,VO,,es,,,unknown,"Tarifa variable; seleccionar cine, fecha y sesión",https://www.publicine.net/cartelera-cine/barcelona/cinesa-diagonal,https://web.cinesa.es/compra/butacas/?showtimeId=012-55459,2026-10-08T06:57:43.478267+00:00
Resident Evil,Resident Evil,2026,Zach Cregger,"Ciencia ficción, Suspense, Terror","Bryan, un mensajero médico, se ve atrapado inesperadamente en una noche de caos en la que la ciudad empieza a colapsar por una amenaza desconocida. Obligado a sobrevivir, deberá enfrentarse a una peligrosa carrera llena de acción mientras intenta escapar del horror que se desata a su alrededor.",https://es.web.img3.acsta.net/c_160_213/img/40/92/4092e505c00d28878024f17b01002c9c.jpg,https://www.filmaffinity.com/es/evideos.php?movie_id=579353,7.0,7.6,96.0,91.0,Cine Yelmo Westfield La Maquinista,2026-10-09T22:40:00+02:00,,,,Digital,,unknown,Tarifa variable; consultar el pase de La Maquinista,https://www.publicine.net/cartelera-cine/barcelona/yelmo-westfield-la-maquinista,https://cine.entradas.com/cine/barcelona/cine-yelmo-westfield-la-maquinista/evento/46639/resident-evil?mode=widget&change=0&ref=744,2026-10-08T06:58:01.153187+00:00
Insidious. Fuera Del Más Allá,Insidious: Out of the Further,2026,Jacob Chase,Terror,"Gemma, una joven madre, descubre que puede viajar a un oscuro plano espiritual y traer entidades de vuelta al mundo real. Cuando fuerzas malignas detectan su poder, convierten la realidad en su terreno para desatar el caos.",https://www.publicine.net/img/pel/full/16457f_insidious-fuera-del-mas-alla.webp,https://www.youtube.com/watch?v=qAv9sb9DmJQ,5.5,6.1,57.0,68.0,Cine Yelmo Westfield La Maquinista,2026-10-09T23:00:00+02:00,,,,Digital,,unknown,Tarifa variable; consultar el pase de La Maquinista,https://www.publicine.net/cartelera-cine/barcelona/yelmo-westfield-la-maquinista,https://cine.entradas.com/cine/barcelona/cine-yelmo-westfield-la-maquinista/evento/46531/insidious-fuera-del-mas-alla?mode=widget&change=0&ref=744,2026-10-08T06:58:01.153187+00:00
En el corazón de la bestia,Heart Of The Beast,2026,David Ayer,"Acción, Aventura","Un ex soldado herido y su perro militar luchan por sobrevivir en la naturaleza salvaje de Alaska. Enfrentando frío, soledad y peligros constantes, su vínculo será clave para regresar a casa.",https://es.web.img3.acsta.net/c_160_213/img/06/8b/068b23e941178cfd676278b44064f0e9.jpg,https://www.youtube.com/watch?v=Rh24D89hFMg,6.4,7.3,85.0,94.0,Cine Yelmo Westfield La Maquinista,2026-10-09T23:15:00+02:00,,,,Digital,,unknown,Tarifa variable; consultar el pase de La Maquinista,https://www.publicine.net/cartelera-cine/barcelona/yelmo-westfield-la-maquinista,https://cine.entradas.com/cine/barcelona/cine-yelmo-westfield-la-maquinista/evento/46528/en-el-corazon-de-la-bestia?mode=widget&change=0&ref=744,2026-10-08T06:58:01.153187+00:00
Resident Evil,Resident Evil,2026,Zach Cregger,"Ciencia ficción, Suspense, Terror","Bryan, un mensajero médico, se ve atrapado inesperadamente en una noche de caos en la que la ciudad empieza a colapsar por una amenaza desconocida. Obligado a sobrevivir, deberá enfrentarse a una peligrosa carrera llena de acción mientras intenta escapar del horror que se desata a su alrededor.",https://es.web.img3.acsta.net/c_160_213/img/40/92/4092e505c00d28878024f17b01002c9c.jpg,https://www.filmaffinity.com/es/evideos.php?movie_id=579353,7.0,7.6,96.0,91.0,Cine Yelmo Westfield La Maquinista,2026-10-09T23:20:00+02:00,,,,Digital,,unknown,Tarifa variable; consultar el pase de La Maquinista,https://www.publicine.net/cartelera-cine/barcelona/yelmo-westfield-la-maquinista,https://cine.entradas.com/cine/barcelona/cine-yelmo-westfield-la-maquinista/evento/46512/resident-evil?mode=widget&change=0&ref=744,2026-10-08T06:58:01.153187+00:00
AKIRA,Akira,1988,Katsuhiro Otomo,Animación,"Año 2019. Neo-Tokyo es una ciudad construida sobre las ruinas de la antigua capital japonesa destruida tras la Tercera Guerra Mundial. Japón es un país al borde del colapso que sufre continuas crisis políticas. En secreto, un equipo de científicos ha reanudado por orden del ejército un experimento para encontrar a individuos que puedan controlar el arma definitiva: una fuerza denominada ""la energía absoluta"". Pero los habitantes de Neo-Tokyo tienen otras cosas de las que preocuparse. Uno de ellos es Kaneda, un joven pandillero líder de una banda de motoristas. Durante una pelea, su mejor amigo, Tetsuo, sufre un extraño accidente y termina ingresado en unas instalaciones militares. Allí los científicos descubrirán que es el poseedor de la energía absoluta. Pero Tetsuo, que no se resigna a convertirse en un conejillo de indias, muy pronto se convertirá en la amenaza más grande que el mundo ha conocido. Proyección en 4K y VOSE.",https://phenomena-experience.com/obj/LCinesD_dat/eventos/JPg000a0.jpg,https://www.filmaffinity.com/es/evideos.php?movie_id=144113,7.6,8.0,,,Phenomena Experience,2026-10-09T23:25:00+02:00,VO,,es,4K,12.0,published,Precio según pase; consultar la ficha de la película,https://phenomena-experience.com/index?pag=cartelera,https://www.reservaentradas.com/entrada/barcelona/phenomenaexperience/akira-proyeccion-en-4k-y-vose/13583/,2026-10-08T06:57:05.017772+00:00
La Odisea,The Odyssey,2026,Christopher Nolan,"Acción, Fantasía","Tras la guerra de Troya, Odiseo se enfrenta un peligroso viaje de 10 años para regresar a Ítaca, superando dioses, monstruos y desafíos épicos. Mientras tanto, su esposa Penélope resiste a los pretendientes que amenazan su reino.",https://es.web.img3.acsta.net/c_160_213/img/1a/23/1a238e79ea26da69c2ff751c232c60e3.png,https://www.youtube.com/watch?v=NUIIc9gZOcQ,7.6,8.4,,,Cinesa Diagonal Mar,2026-10-10T11:40:00+02:00,,,,IMAX,,unknown,"Tarifa variable; seleccionar cine, fecha y sesión",https://www.publicine.net/cartelera-cine/barcelona/cinesa-diagonal-mar,https://web.cinesa.es/compra/butacas/?showtimeId=032-59155,2026-10-08T06:57:49.911074+00:00
LA BOLA NEGRA,La bola negra,2026,"Javier Ambrossi, Javier Calvo",Drama,"ESTRENO EL VIERNES 25 DE SEPTIEMBRE. Las vidas interconectadas de tres hombres en tres épocas distintas. Tres existencias íntimamente ligadas por la sexualidad y el deseo, el dolor y la herencia; y una de las últimas obras, inacabada, de Federico García Lorca. Proyección en Dolby Atmos y 4K",https://phenomena-experience.com/obj/LCinesD_dat/eventos/JPg000fb.jpg,https://www.youtube.com/watch?v=nXkdGP4VVWI,,8.0,92.0,,Cinesa Diagonal,2026-10-10T11:50:00+02:00,,,,Digital,,unknown,"Tarifa variable; seleccionar cine, fecha y sesión",https://www.publicine.net/cartelera-cine/barcelona/cinesa-diagonal,https://web.cinesa.es/compra/butacas/?showtimeId=012-55521,2026-10-08T06:57:43.478267+00:00
Tadeo Jones Y La Lámpara Maravillosa,Tadeo Jones y la lámpara maravillosa,2026,Enrique Gato,"Animación, Aventuras","Tadeo y Sara deben impedir que Momia, celoso de haber perdido protagonismo, altere la historia tras viajar al pasado. Su aventura los lleva desde Londres hasta Paititi, Grecia y la cueva de Alí Babá, para devolver al grupo a su época.",https://www.publicine.net/img/pel/full/16440f_tadeo-jones-y-la-lampara-maravillosa.webp,https://www.youtube.com/watch?v=a7IDTIIFNSo,6.1,6.5,,,Cine Yelmo Westfield La Maquinista,2026-10-10T11:55:00+02:00,,,,Digital,,unknown,Tarifa variable; consultar el pase de La Maquinista,https://www.publicine.net/cartelera-cine/barcelona/yelmo-westfield-la-maquinista,https://www.publicine.net/venda/16440/59/aHR0cHM6Ly9jaW5lLmVudHJhZGFzLmNvbS9jaW5lL2JhcmNlbG9uYS9jaW5lLXllbG1vLXdlc3RmaWVsZC1sYS1tYXF1aW5pc3RhL2V2ZW50by80NjY2Mi90YWRlby1qb25lcy15LWxhLWxhbXBhcmEtbWFyYXZpbGxvc2E/bW9kZT13aWRnZXQmY2hhbmdlPTAmcmVmPTc0NA,2026-10-08T06:58:01.153187+00:00
En el corazón de la bestia,Heart Of The Beast,2026,David Ayer,"Acción, Aventura","Un ex soldado herido y su perro militar luchan por sobrevivir en la naturaleza salvaje de Alaska. Enfrentando frío, soledad y peligros constantes, su vínculo será clave para regresar a casa.",https://es.web.img3.acsta.net/c_160_213/img/06/8b/068b23e941178cfd676278b44064f0e9.jpg,https://www.youtube.com/watch?v=Rh24D89hFMg,6.4,7.3,85.0,94.0,Cinesa Diagonal,2026-10-10T12:00:00+02:00,VO,,es,,,unknown,"Tarifa variable; seleccionar cine, fecha y sesión",https://www.publicine.net/cartelera-cine/barcelona/cinesa-diagonal,https://web.cinesa.es/compra/butacas/?showtimeId=012-55525,2026-10-08T06:57:43.478267+00:00
LA BOLA NEGRA,La bola negra,2026,"Javier Ambrossi, Javier Calvo",Drama,"ESTRENO EL VIERNES 25 DE SEPTIEMBRE. Las vidas interconectadas de tres hombres en tres épocas distintas. Tres existencias íntimamente ligadas por la sexualidad y el deseo, el dolor y la herencia; y una de las últimas obras, inacabada, de Federico García Lorca. Proyección en Dolby Atmos y 4K",https://phenomena-experience.com/obj/LCinesD_dat/eventos/JPg000fb.jpg,https://www.youtube.com/watch?v=nXkdGP4VVWI,,8.0,92.0,,Cinesa Diagonal Mar,2026-10-10T12:00:00+02:00,,,,Digital,,unknown,"Tarifa variable; seleccionar cine, fecha y sesión",https://www.publicine.net/cartelera-cine/barcelona/cinesa-diagonal-mar,https://web.cinesa.es/compra/butacas/?showtimeId=032-59156,2026-10-08T06:57:49.911074+00:00
En el corazón de la bestia,Heart Of The Beast,2026,David Ayer,"Acción, Aventura","Un ex soldado herido y su perro militar luchan por sobrevivir en la naturaleza salvaje de Alaska. Enfrentando frío, soledad y peligros constantes, su vínculo será clave para regresar a casa.",https://es.web.img3.acsta.net/c_160_213/img/06/8b/068b23e941178cfd676278b44064f0e9.jpg,https://www.youtube.com/watch?v=Rh24D89hFMg,6.4,7.3,85.0,94.0,Cinesa Diagonal Mar,2026-10-10T12:05:00+02:00,VO,,es,,,unknown,"Tarifa variable; seleccionar cine, fecha y sesión",https://www.publicine.net/cartelera-cine/barcelona/cinesa-diagonal-mar,https://web.cinesa.es/compra/butacas/?showtimeId=032-59163,2026-10-08T06:57:49.911074+00:00
LA BOLA NEGRA,La bola negra,2026,"Javier Ambrossi, Javier Calvo",Drama,"ESTRENO EL VIERNES 25 DE SEPTIEMBRE. Las vidas interconectadas de tres hombres en tres épocas distintas. Tres existencias íntimamente ligadas por la sexualidad y el deseo, el dolor y la herencia; y una de las últimas obras, inacabada, de Federico García Lorca. Proyección en Dolby Atmos y 4K",https://phenomena-experience.com/obj/LCinesD_dat/eventos/JPg000fb.jpg,https://www.youtube.com/watch?v=nXkdGP4VVWI,,8.0,92.0,,Cine Yelmo Westfield La Maquinista,2026-10-10T12:05:00+02:00,,,,Digital,,unknown,Tarifa variable; consultar el pase de La Maquinista,https://www.publicine.net/cartelera-cine/barcelona/yelmo-westfield-la-maquinista,https://cine.entradas.com/cine/barcelona/cine-yelmo-westfield-la-maquinista/evento/46655/la-bola-negra?mode=widget&change=0&ref=744,2026-10-08T06:58:01.153187+00:00
Verity. La sombra de un engaño,Verity,2026,Michael Showalter,"Thriller, Drama","Lowen Ashleigh es contratada como escritora fantasma por Jeremy Crawford para escribir las novelas de su esposa Verity, autora de bestsellers, impedida tras un accidente. Lowen descubre las inquietantes verdades de Verity mientras reside en casa de los Crawford para trabajar. (FILMAFFINITY)",https://pics.filmaffinity.com/verity-273395489-large.jpg,https://www.filmaffinity.com/es/evideos.php?movie_id=740344,5.3,6.0,33.0,71.0,Cinesa Diagonal Mar,2026-10-10T12:10:00+02:00,,,,Digital,,unknown,"Tarifa variable; seleccionar cine, fecha y sesión",https://www.publicine.net/cartelera-cine/barcelona/cinesa-diagonal-mar,https://web.cinesa.es/compra/butacas/?showtimeId=032-59160,2026-10-08T06:57:49.911074+00:00
Coyote vs. ACME,Coyote vs. Acme,2026,Dave Green,"Animación, Aventura, Comedia","Cansado de que los productos defectuosos de Acme arruinen sus planes, el Coyote contrata a un abogado para demandar a la corporación, ahora dirigida por un despiadado exjefe de su defensor. Juntos forjarán una inesperada amistad mientras luchan en los tribunales.",https://es.web.img3.acsta.net/c_160_213/img/18/4e/184e275eb73de363b01c7c3637407fcd.jpg,https://www.filmaffinity.com/es/evideos.php?movie_id=523116,6.7,7.4,96.0,94.0,Cinesa Diagonal Mar,2026-10-10T12:15:00+02:00,,,,Digital,,unknown,"Tarifa variable; seleccionar cine, fecha y sesión",https://www.publicine.net/cartelera-cine/barcelona/cinesa-diagonal-mar,https://web.cinesa.es/compra/butacas/?showtimeId=032-59165,2026-10-08T06:57:49.911074+00:00
La Llegenda De La Balena Cantaire,,2026,"Reza Memari, Pavel Hrubos, Steven Majaury","Animación, Infantil","En Vincent és una balena geperuda adolescent que ha quedat òrfena. Fill de l’últim Cantor de Balenes, que protegia els oceans amb el seu cant màgic, viu angoixat per la pèrdua dels pares i dubta de les seves pròpies habilitats. Quan el monstruós Leviatan escapa d’un iceberg fosc i comença a amenaçar tota la vida marina amb la seva tinta verinosa, en Vincent ha de trobar el seu propi cant per aturar-lo. Però, aclaparat per la inseguretat, s’embarca en un perillós viatge cap a les profunditats del mar per a rescatar els seus pares del mític Estany Estel·lar, amb l’esperança que sigui el pare qui derroti el Leviatan. Acompanyat d’en Walter, un peix rèmora molt primmirat que li fa de mainadera, i de la Darya, una valenta orca sorda, en Vincent haurà d’afrontar les seves pors i descobrir el seu propi cant per a salvar els oceans.",https://www.publicine.net/img/pel/full/16312f_la-llegenda-de-la-balena-cantaire-cat.webp,https://www.youtube.com/watch?v=kDFRJy0uDA4,,,,,Cinesa Diagonal,2026-10-10T12:20:00+02:00,,ca,,,,unknown,"Tarifa variable; seleccionar cine, fecha y sesión",https://www.publicine.net/cartelera-cine/barcelona/cinesa-diagonal,https://web.cinesa.es/compra/butacas/?showtimeId=012-55485,2026-10-08T06:57:43.478267+00:00
La isla olvidada,Forgotten Island,2026,"Joel Crawford , Januel P. Mercado","Animación, Aventura, Comedia",Un grupo de personajes se encuentra en una isla mágica de la mitología filipina que había permanecido olvidada durante mucho tiempo.,https://es.web.img2.acsta.net/c_160_213/img/ee/16/ee161d327f52a9e974075b7c17d32d10.jpg,https://www.youtube.com/watch?v=2NNDuXJ7C7E,,7.8,95.0,95.0,Cine Yelmo Westfield La Maquinista,2026-10-10T12:30:00+02:00,,,,Digital,,unknown,Tarifa variable; consultar el pase de La Maquinista,https://www.publicine.net/cartelera-cine/barcelona/yelmo-westfield-la-maquinista,https://cine.entradas.com/cine/barcelona/cine-yelmo-westfield-la-maquinista/evento/46573/la-isla-olvidada?mode=widget&change=0&ref=744,2026-10-08T06:58:01.153187+00:00
Resident Evil,Resident Evil,2026,Zach Cregger,"Ciencia ficción, Suspense, Terror","Bryan, un mensajero médico, se ve atrapado inesperadamente en una noche de caos en la que la ciudad empieza a colapsar por una amenaza desconocida. Obligado a sobrevivir, deberá enfrentarse a una peligrosa carrera llena de acción mientras intenta escapar del horror que se desata a su alrededor.",https://es.web.img3.acsta.net/c_160_213/img/40/92/4092e505c00d28878024f17b01002c9c.jpg,https://www.filmaffinity.com/es/evideos.php?movie_id=579353,7.0,7.6,96.0,91.0,Cinesa Diagonal Mar,2026-10-10T12:35:00+02:00,,,,Digital,,unknown,"Tarifa variable; seleccionar cine, fecha y sesión",https://www.publicine.net/cartelera-cine/barcelona/cinesa-diagonal-mar,https://web.cinesa.es/compra/butacas/?showtimeId=032-59164,2026-10-08T06:57:49.911074+00:00
Tadeo Jones Y La Lámpara Maravillosa,Tadeo Jones y la lámpara maravillosa,2026,Enrique Gato,"Animación, Aventuras","Tadeo y Sara deben impedir que Momia, celoso de haber perdido protagonismo, altere la historia tras viajar al pasado. Su aventura los lleva desde Londres hasta Paititi, Grecia y la cueva de Alí Babá, para devolver al grupo a su época.",https://www.publicine.net/img/pel/full/16440f_tadeo-jones-y-la-lampara-maravillosa.webp,https://www.youtube.com/watch?v=a7IDTIIFNSo,6.1,6.5,,,Cine Yelmo Westfield La Maquinista,2026-10-10T12:35:00+02:00,,,,Digital,,unknown,Tarifa variable; consultar el pase de La Maquinista,https://www.publicine.net/cartelera-cine/barcelona/yelmo-westfield-la-maquinista,https://www.publicine.net/venda/16440/59/aHR0cHM6Ly9jaW5lLmVudHJhZGFzLmNvbS9jaW5lL2JhcmNlbG9uYS9jaW5lLXllbG1vLXdlc3RmaWVsZC1sYS1tYXF1aW5pc3RhL2V2ZW50by80NjY1My90YWRlby1qb25lcy15LWxhLWxhbXBhcmEtbWFyYXZpbGxvc2E/bW9kZT13aWRnZXQmY2hhbmdlPTAmcmVmPTc0NA,2026-10-08T06:58:01.153187+00:00
Spider-Man. Brand New Day,Spider-Man: Brand New Day,2026,Destin Daniel Cretton,"Acción, Aventuras, Fantástico","Tras cuatro años en el anonimato, Peter Parker vive aislado y dedicado por completo a proteger una Nueva York que ya no recuerda quién es Spider-Man. La creciente presión desata una peligrosa transformación en él mientras surge una nueva y poderosa amenaza criminal.",https://www.publicine.net/img/pel/full/16532f_spider-man-brand-new-day.webp,https://www.filmaffinity.com/es/evideos.php?movie_id=437038,,8.0,90.0,97.0,Cine Yelmo Westfield La Maquinista,2026-10-10T13:00:00+02:00,,,,Digital,,unknown,Tarifa variable; consultar el pase de La Maquinista,https://www.publicine.net/cartelera-cine/barcelona/yelmo-westfield-la-maquinista,https://www.publicine.net/venda/16532/59/aHR0cHM6Ly9jaW5lLmVudHJhZGFzLmNvbS9jaW5lL2JhcmNlbG9uYS9jaW5lLXllbG1vLXdlc3RmaWVsZC1sYS1tYXF1aW5pc3RhL2V2ZW50by80NjU3NC9zcGlkZXItbWFuLWJyYW5kLW5ldy1kYXk/bW9kZT13aWRnZXQmY2hhbmdlPTAmcmVmPTc0NA,2026-10-08T06:58:01.153187+00:00
LA BOLA NEGRA,La bola negra,2026,"Javier Ambrossi, Javier Calvo",Drama,"ESTRENO EL VIERNES 25 DE SEPTIEMBRE. Las vidas interconectadas de tres hombres en tres épocas distintas. Tres existencias íntimamente ligadas por la sexualidad y el deseo, el dolor y la herencia; y una de las últimas obras, inacabada, de Federico García Lorca. Proyección en Dolby Atmos y 4K",https://phenomena-experience.com/obj/LCinesD_dat/eventos/JPg000fb.jpg,https://www.youtube.com/watch?v=nXkdGP4VVWI,,8.0,92.0,,Cine Yelmo Westfield La Maquinista,2026-10-10T13:05:00+02:00,,,,Digital,,unknown,Tarifa variable; consultar el pase de La Maquinista,https://www.publicine.net/cartelera-cine/barcelona/yelmo-westfield-la-maquinista,https://cine.entradas.com/cine/barcelona/cine-yelmo-westfield-la-maquinista/evento/46660/la-bola-negra?mode=widget&change=0&ref=744,2026-10-08T06:58:01.153187+00:00
En el corazón de la bestia,Heart Of The Beast,2026,David Ayer,"Acción, Aventura","Un ex soldado herido y su perro militar luchan por sobrevivir en la naturaleza salvaje de Alaska. Enfrentando frío, soledad y peligros constantes, su vínculo será clave para regresar a casa.",https://es.web.img3.acsta.net/c_160_213/img/06/8b/068b23e941178cfd676278b44064f0e9.jpg,https://www.youtube.com/watch?v=Rh24D89hFMg,6.4,7.3,85.0,94.0,Cine Yelmo Westfield La Maquinista,2026-10-10T13:10:00+02:00,,,,Digital,,unknown,Tarifa variable; consultar el pase de La Maquinista,https://www.publicine.net/cartelera-cine/barcelona/yelmo-westfield-la-maquinista,https://cine.entradas.com/cine/barcelona/cine-yelmo-westfield-la-maquinista/evento/46652/en-el-corazon-de-la-bestia?mode=widget&change=0&ref=744,2026-10-08T06:58:01.153187+00:00
Vengadores Endgame: Encore,,,"Joe Russo, Anthony Russo","Aventuras, Fantástico","El grave curso de los acontecimientos puesto en marcha por Thanos, el Titán loco, obliga a los Vengadores y a sus aliados a tomar una última posición para restaurar el orden en el universo al precio que sea.",https://www.publicine.net/img/pel/full/16350f_vengadores-endgame-encore.webp,https://www.youtube.com/watch?v=kJeJTYHUtW0,,,,,Cine Yelmo Westfield La Maquinista,2026-10-10T13:15:00+02:00,,,,3D,,unknown,Tarifa variable; consultar el pase de La Maquinista,https://www.publicine.net/cartelera-cine/barcelona/yelmo-westfield-la-maquinista,https://cine.entradas.com/cine/barcelona/cine-yelmo-westfield-la-maquinista/evento/46645/vengadores-endgame-encore-infinity-vision?mode=widget&change=0&ref=744,2026-10-08T06:58:01.153187+00:00
Resident Evil,Resident Evil,2026,Zach Cregger,"Ciencia ficción, Suspense, Terror","Bryan, un mensajero médico, se ve atrapado inesperadamente en una noche de caos en la que la ciudad empieza a colapsar por una amenaza desconocida. Obligado a sobrevivir, deberá enfrentarse a una peligrosa carrera llena de acción mientras intenta escapar del horror que se desata a su alrededor.",https://es.web.img3.acsta.net/c_160_213/img/40/92/4092e505c00d28878024f17b01002c9c.jpg,https://www.filmaffinity.com/es/evideos.php?movie_id=579353,7.0,7.6,96.0,91.0,Cine Yelmo Westfield La Maquinista,2026-10-10T13:20:00+02:00,,,,Digital,,unknown,Tarifa variable; consultar el pase de La Maquinista,https://www.publicine.net/cartelera-cine/barcelona/yelmo-westfield-la-maquinista,https://cine.entradas.com/cine/barcelona/cine-yelmo-westfield-la-maquinista/evento/46663/resident-evil?mode=widget&change=0&ref=744,2026-10-08T06:58:01.153187+00:00
Coyote vs. ACME,Coyote vs. Acme,2026,Dave Green,"Animación, Aventura, Comedia","Cansado de que los productos defectuosos de Acme arruinen sus planes, el Coyote contrata a un abogado para demandar a la corporación, ahora dirigida por un despiadado exjefe de su defensor. Juntos forjarán una inesperada amistad mientras luchan en los tribunales.",https://es.web.img3.acsta.net/c_160_213/img/18/4e/184e275eb73de363b01c7c3637407fcd.jpg,https://www.filmaffinity.com/es/evideos.php?movie_id=523116,6.7,7.4,96.0,94.0,Cine Yelmo Westfield La Maquinista,2026-10-10T13:45:00+02:00,,,,Digital,,unknown,Tarifa variable; consultar el pase de La Maquinista,https://www.publicine.net/cartelera-cine/barcelona/yelmo-westfield-la-maquinista,https://cine.entradas.com/cine/barcelona/cine-yelmo-westfield-la-maquinista/evento/46551/coyote-vs-acme?mode=widget&change=0&ref=744,2026-10-08T06:58:01.153187+00:00
LA BOLA NEGRA,La bola negra,2026,"Javier Ambrossi, Javier Calvo",Drama,"ESTRENO EL VIERNES 25 DE SEPTIEMBRE. Las vidas interconectadas de tres hombres en tres épocas distintas. Tres existencias íntimamente ligadas por la sexualidad y el deseo, el dolor y la herencia; y una de las últimas obras, inacabada, de Federico García Lorca. Proyección en Dolby Atmos y 4K",https://phenomena-experience.com/obj/LCinesD_dat/eventos/JPg000fb.jpg,https://www.youtube.com/watch?v=nXkdGP4VVWI,,8.0,92.0,,Cine Yelmo Westfield La Maquinista,2026-10-10T14:05:00+02:00,,,,Digital,,unknown,Tarifa variable; consultar el pase de La Maquinista,https://www.publicine.net/cartelera-cine/barcelona/yelmo-westfield-la-maquinista,https://cine.entradas.com/cine/barcelona/cine-yelmo-westfield-la-maquinista/evento/46661/la-bola-negra?mode=widget&change=0&ref=744,2026-10-08T06:58:01.153187+00:00
Verity. La sombra de un engaño,Verity,2026,Michael Showalter,"Thriller, Drama","Lowen Ashleigh es contratada como escritora fantasma por Jeremy Crawford para escribir las novelas de su esposa Verity, autora de bestsellers, impedida tras un accidente. Lowen descubre las inquietantes verdades de Verity mientras reside en casa de los Crawford para trabajar. (FILMAFFINITY)",https://pics.filmaffinity.com/verity-273395489-large.jpg,https://www.filmaffinity.com/es/evideos.php?movie_id=740344,5.3,6.0,33.0,71.0,Cine Yelmo Westfield La Maquinista,2026-10-10T14:30:00+02:00,,,,Digital,,unknown,Tarifa variable; consultar el pase de La Maquinista,https://www.publicine.net/cartelera-cine/barcelona/yelmo-westfield-la-maquinista,https://cine.entradas.com/cine/barcelona/cine-yelmo-westfield-la-maquinista/evento/46651/verity-la-sombra-de-un-engano?mode=widget&change=0&ref=744,2026-10-08T06:58:01.153187+00:00
LA BOLA NEGRA,La bola negra,2026,"Javier Ambrossi, Javier Calvo",Drama,"ESTRENO EL VIERNES 25 DE SEPTIEMBRE. Las vidas interconectadas de tres hombres en tres épocas distintas. Tres existencias íntimamente ligadas por la sexualidad y el deseo, el dolor y la herencia; y una de las últimas obras, inacabada, de Federico García Lorca. Proyección en Dolby Atmos y 4K",https://phenomena-experience.com/obj/LCinesD_dat/eventos/JPg000fb.jpg,https://www.youtube.com/watch?v=nXkdGP4VVWI,,8.0,92.0,,Phenomena Experience,2026-10-10T14:45:00+02:00,,,,"4K, Dolby Atmos, Digital",12.0,published,Precio según pase; consultar la ficha de la película,https://phenomena-experience.com/index?pag=cartelera,https://www.reservaentradas.com/entrada/barcelona/phenomenaexperience/la-bola-negra-proyeccion-en-dolby-atmos-y-4k/13604/,2026-10-08T06:57:05.017772+00:00
Coyote vs. ACME,Coyote vs. Acme,2026,Dave Green,"Animación, Aventura, Comedia","Cansado de que los productos defectuosos de Acme arruinen sus planes, el Coyote contrata a un abogado para demandar a la corporación, ahora dirigida por un despiadado exjefe de su defensor. Juntos forjarán una inesperada amistad mientras luchan en los tribunales.",https://es.web.img3.acsta.net/c_160_213/img/18/4e/184e275eb73de363b01c7c3637407fcd.jpg,https://www.filmaffinity.com/es/evideos.php?movie_id=523116,6.7,7.4,96.0,94.0,Cine Yelmo Westfield La Maquinista,2026-10-10T15:20:00+02:00,,,,Digital,,unknown,Tarifa variable; consultar el pase de La Maquinista,https://www.publicine.net/cartelera-cine/barcelona/yelmo-westfield-la-maquinista,https://cine.entradas.com/cine/barcelona/cine-yelmo-westfield-la-maquinista/evento/46642/coyote-vs-acme?mode=widget&change=0&ref=744,2026-10-08T06:58:01.153187+00:00
Coyote vs. ACME,Coyote vs. Acme,2026,Dave Green,"Animación, Aventura, Comedia","Cansado de que los productos defectuosos de Acme arruinen sus planes, el Coyote contrata a un abogado para demandar a la corporación, ahora dirigida por un despiadado exjefe de su defensor. Juntos forjarán una inesperada amistad mientras luchan en los tribunales.",https://es.web.img3.acsta.net/c_160_213/img/18/4e/184e275eb73de363b01c7c3637407fcd.jpg,https://www.filmaffinity.com/es/evideos.php?movie_id=523116,6.7,7.4,96.0,94.0,Cinesa Diagonal,2026-10-10T15:40:00+02:00,,,,Digital,,unknown,"Tarifa variable; seleccionar cine, fecha y sesión",https://www.publicine.net/cartelera-cine/barcelona/cinesa-diagonal,https://web.cinesa.es/compra/butacas/?showtimeId=012-55486,2026-10-08T06:57:43.478267+00:00
La Odisea,The Odyssey,2026,Christopher Nolan,"Acción, Fantasía","Tras la guerra de Troya, Odiseo se enfrenta un peligroso viaje de 10 años para regresar a Ítaca, superando dioses, monstruos y desafíos épicos. Mientras tanto, su esposa Penélope resiste a los pretendientes que amenazan su reino.",https://es.web.img3.acsta.net/c_160_213/img/1a/23/1a238e79ea26da69c2ff751c232c60e3.png,https://www.youtube.com/watch?v=NUIIc9gZOcQ,7.6,8.4,,,Cinesa Diagonal Mar,2026-10-10T15:45:00+02:00,,,,IMAX,,unknown,"Tarifa variable; seleccionar cine, fecha y sesión",https://www.publicine.net/cartelera-cine/barcelona/cinesa-diagonal-mar,https://web.cinesa.es/compra/butacas/?showtimeId=032-59149,2026-10-08T06:57:49.911074+00:00
LA BOLA NEGRA,La bola negra,2026,"Javier Ambrossi, Javier Calvo",Drama,"ESTRENO EL VIERNES 25 DE SEPTIEMBRE. Las vidas interconectadas de tres hombres en tres épocas distintas. Tres existencias íntimamente ligadas por la sexualidad y el deseo, el dolor y la herencia; y una de las últimas obras, inacabada, de Federico García Lorca. Proyección en Dolby Atmos y 4K",https://phenomena-experience.com/obj/LCinesD_dat/eventos/JPg000fb.jpg,https://www.youtube.com/watch?v=nXkdGP4VVWI,,8.0,92.0,,Cinesa Diagonal,2026-10-10T15:50:00+02:00,,,,Digital,,unknown,"Tarifa variable; seleccionar cine, fecha y sesión",https://www.publicine.net/cartelera-cine/barcelona/cinesa-diagonal,https://web.cinesa.es/compra/butacas/?showtimeId=012-55488,2026-10-08T06:57:43.478267+00:00
Tadeo Jones Y La Lámpara Maravillosa,Tadeo Jones y la lámpara maravillosa,2026,Enrique Gato,"Animación, Aventuras","Tadeo y Sara deben impedir que Momia, celoso de haber perdido protagonismo, altere la historia tras viajar al pasado. Su aventura los lleva desde Londres hasta Paititi, Grecia y la cueva de Alí Babá, para devolver al grupo a su época.",https://www.publicine.net/img/pel/full/16440f_tadeo-jones-y-la-lampara-maravillosa.webp,https://www.youtube.com/watch?v=a7IDTIIFNSo,6.1,6.5,,,Cinesa Diagonal,2026-10-10T16:00:00+02:00,,,,Digital,,unknown,"Tarifa variable; seleccionar cine, fecha y sesión",https://www.publicine.net/cartelera-cine/barcelona/cinesa-diagonal,https://web.cinesa.es/compra/butacas/?showtimeId=012-55489,2026-10-08T06:57:43.478267+00:00
Verity. La sombra de un engaño,Verity,2026,Michael Showalter,"Thriller, Drama","Lowen Ashleigh es contratada como escritora fantasma por Jeremy Crawford para escribir las novelas de su esposa Verity, autora de bestsellers, impedida tras un accidente. Lowen descubre las inquietantes verdades de Verity mientras reside en casa de los Crawford para trabajar. (FILMAFFINITY)",https://pics.filmaffinity.com/verity-273395489-large.jpg,https://www.filmaffinity.com/es/evideos.php?movie_id=740344,5.3,6.0,33.0,71.0,Cinesa Diagonal Mar,2026-10-10T16:00:00+02:00,,,,Digital,,unknown,"Tarifa variable; seleccionar cine, fecha y sesión",https://www.publicine.net/cartelera-cine/barcelona/cinesa-diagonal-mar,https://web.cinesa.es/compra/butacas/?showtimeId=032-59130,2026-10-08T06:57:49.911074+00:00
La isla olvidada,Forgotten Island,2026,"Joel Crawford , Januel P. Mercado","Animación, Aventura, Comedia",Un grupo de personajes se encuentra en una isla mágica de la mitología filipina que había permanecido olvidada durante mucho tiempo.,https://es.web.img2.acsta.net/c_160_213/img/ee/16/ee161d327f52a9e974075b7c17d32d10.jpg,https://www.youtube.com/watch?v=2NNDuXJ7C7E,,7.8,95.0,95.0,Cinesa SOM Multiespai,2026-10-10T16:00:00+02:00,,,,Digital,,unknown,"Tarifa variable; seleccionar cine, fecha y sesión",https://www.publicine.net/cartelera-cine/barcelona/cinesa-som-multiespai-heron-city,https://web.cinesa.es/compra/butacas/?showtimeId=017-60885,2026-10-08T06:57:56.221234+00:00
DORAEMON: AVENTURES AL MÓN DE L'ART,映画ドラえもん のび太の絵世界物語,2025,Yukiyo Teramoto,,"En Nobita ha de fer un dibuix com a deures d’estiu. Mentre està a casa queixant-se que dibuixa malament, li cau una pintura al cap a través d’un forat espai-temps. Encuriosits, en Doraemon i ell s’endinsen al quadre, mentre que la nena que hi apareix, la Claire, creua al món real. Quan la troben, ella els explica que viu al regne d’Artèlia i que s’ha perdut. En Doraemon i la colla l’ajuden a tronar a casa seva, pensant que és un país imaginari, però resulta que existeix realment i és el mateix que apareix en una misteriosa obra d’art descoberta recentment que ha sortit a les notícies.",https://espaitexas.cat/wp-content/uploads/2026/09/cartel-doraemon-art-cat-768x1097.png,,,7.3,,,Espai Texas — Cinemes Texas,2026-10-10T16:00:00+02:00,Doblada,ca,,,,unknown,Lunes–viernes 6€; jueves del espectador 4€; fin de semana 8€,https://espaitexas.cat/pelicula/doraemon-aventures-al-mon-de-lart/,https://espaitexas.koobin.cat/ca/doraemon-aventures-al-mon-de-lart-dob.-cat-20261010-1600,2026-10-08T06:57:28.471220+00:00
Hoppers,Hoppers,2026,Daniel Chong,"Animación, Comedia, Ciencia ficción","En Hoppers, los científicos han descubierto la tecnología para instalar la conciencia humana a animales robóticos hiperrealistas, lo que permite a las personas comunicarse con los animales como si fueran uno de ellos. Gracias a esta nueva tecnología, Mabel (Curda) descubrirá misterios dentro del mundo animal que van mucho más allá de lo que jamás imaginó.",https://pics.filmaffinity.com/hoppers-343289386-large.jpg,https://www.filmaffinity.com/es/evideos.php?movie_id=150426,6.7,7.2,94.0,93.0,Cine Yelmo Westfield La Maquinista,2026-10-10T16:00:00+02:00,,,,Digital,,unknown,Tarifa variable; consultar el pase de La Maquinista,https://www.publicine.net/cartelera-cine/barcelona/yelmo-westfield-la-maquinista,https://cine.entradas.com/cine/barcelona/cine-yelmo-westfield-la-maquinista/evento/45536/hoppers?mode=widget&change=0&ref=744,2026-10-08T06:58:01.153187+00:00
Resident Evil,Resident Evil,2026,Zach Cregger,"Ciencia ficción, Suspense, Terror","Bryan, un mensajero médico, se ve atrapado inesperadamente en una noche de caos en la que la ciudad empieza a colapsar por una amenaza desconocida. Obligado a sobrevivir, deberá enfrentarse a una peligrosa carrera llena de acción mientras intenta escapar del horror que se desata a su alrededor.",https://es.web.img3.acsta.net/c_160_213/img/40/92/4092e505c00d28878024f17b01002c9c.jpg,https://www.filmaffinity.com/es/evideos.php?movie_id=579353,7.0,7.6,96.0,91.0,Cine Yelmo Westfield La Maquinista,2026-10-10T16:05:00+02:00,,,,Digital,,unknown,Tarifa variable; consultar el pase de La Maquinista,https://www.publicine.net/cartelera-cine/barcelona/yelmo-westfield-la-maquinista,https://cine.entradas.com/cine/barcelona/cine-yelmo-westfield-la-maquinista/evento/46656/resident-evil?mode=widget&change=0&ref=744,2026-10-08T06:58:01.153187+00:00
La isla olvidada,Forgotten Island,2026,"Joel Crawford , Januel P. Mercado","Animación, Aventura, Comedia",Un grupo de personajes se encuentra en una isla mágica de la mitología filipina que había permanecido olvidada durante mucho tiempo.,https://es.web.img2.acsta.net/c_160_213/img/ee/16/ee161d327f52a9e974075b7c17d32d10.jpg,https://www.youtube.com/watch?v=2NNDuXJ7C7E,,7.8,95.0,95.0,Cine Yelmo Westfield La Maquinista,2026-10-10T16:10:00+02:00,,,,Digital,,unknown,Tarifa variable; consultar el pase de La Maquinista,https://www.publicine.net/cartelera-cine/barcelona/yelmo-westfield-la-maquinista,https://cine.entradas.com/cine/barcelona/cine-yelmo-westfield-la-maquinista/evento/46553/la-isla-olvidada?mode=widget&change=0&ref=744,2026-10-08T06:58:01.153187+00:00
LA BOLA NEGRA,La bola negra,2026,"Javier Ambrossi, Javier Calvo",Drama,"ESTRENO EL VIERNES 25 DE SEPTIEMBRE. Las vidas interconectadas de tres hombres en tres épocas distintas. Tres existencias íntimamente ligadas por la sexualidad y el deseo, el dolor y la herencia; y una de las últimas obras, inacabada, de Federico García Lorca. Proyección en Dolby Atmos y 4K",https://phenomena-experience.com/obj/LCinesD_dat/eventos/JPg000fb.jpg,https://www.youtube.com/watch?v=nXkdGP4VVWI,,8.0,92.0,,Cinesa Diagonal Mar,2026-10-10T16:15:00+02:00,,,,Digital,,unknown,"Tarifa variable; seleccionar cine, fecha y sesión",https://www.publicine.net/cartelera-cine/barcelona/cinesa-diagonal-mar,https://web.cinesa.es/compra/butacas/?showtimeId=032-59131,2026-10-08T06:57:49.911074+00:00
LA BOLA NEGRA,La bola negra,2026,"Javier Ambrossi, Javier Calvo",Drama,"ESTRENO EL VIERNES 25 DE SEPTIEMBRE. Las vidas interconectadas de tres hombres en tres épocas distintas. Tres existencias íntimamente ligadas por la sexualidad y el deseo, el dolor y la herencia; y una de las últimas obras, inacabada, de Federico García Lorca. Proyección en Dolby Atmos y 4K",https://phenomena-experience.com/obj/LCinesD_dat/eventos/JPg000fb.jpg,https://www.youtube.com/watch?v=nXkdGP4VVWI,,8.0,92.0,,Cinesa SOM Multiespai,2026-10-10T16:15:00+02:00,,,,Digital,,unknown,"Tarifa variable; seleccionar cine, fecha y sesión",https://www.publicine.net/cartelera-cine/barcelona/cinesa-som-multiespai-heron-city,https://web.cinesa.es/compra/butacas/?showtimeId=017-60888,2026-10-08T06:57:56.221234+00:00
LA BOLA NEGRA,La bola negra,2026,"Javier Ambrossi, Javier Calvo",Drama,"ESTRENO EL VIERNES 25 DE SEPTIEMBRE. Las vidas interconectadas de tres hombres en tres épocas distintas. Tres existencias íntimamente ligadas por la sexualidad y el deseo, el dolor y la herencia; y una de las últimas obras, inacabada, de Federico García Lorca. Proyección en Dolby Atmos y 4K",https://phenomena-experience.com/obj/LCinesD_dat/eventos/JPg000fb.jpg,https://www.youtube.com/watch?v=nXkdGP4VVWI,,8.0,92.0,,Cine Yelmo Westfield La Maquinista,2026-10-10T16:25:00+02:00,,,,Digital,,unknown,Tarifa variable; consultar el pase de La Maquinista,https://www.publicine.net/cartelera-cine/barcelona/yelmo-westfield-la-maquinista,https://cine.entradas.com/cine/barcelona/cine-yelmo-westfield-la-maquinista/evento/46545/la-bola-negra?mode=widget&change=0&ref=744,2026-10-08T06:58:01.153187+00:00
ESCAPE ROOM 2,Escape Room 2,2026,Hèctor Claramunt,"Comedia, Thriller, Intriga","Cinc anys després, l’Edu, la Marina, la Viky i en Rai tornen a coincidir misteriosament en un nou local de moda situat a la part alta de la muntanya de Montjuïc, on antigament es trobava el parc d’atraccions. No trigaran a adonar-se que aquell establiment no és el que sembla. Aviat aniran a parar a una antiga atracció, un túnel del terror que havia quedat soterrat, on apareix un comptador acompanyat d’un missatge amenaçador que els resulta inquietantment familiar: tenen 60 minuts per a sortir o moriran.",https://espaitexas.cat/wp-content/uploads/2026/10/6a9fc286373b2.jpg,https://www.filmaffinity.com/es/evideos.php?movie_id=903140,,,,,Espai Texas — Cinemes Texas,2026-10-10T16:30:00+02:00,VO,ca,,,,unknown,Lunes–viernes 6€; jueves del espectador 4€; fin de semana 8€,https://espaitexas.cat/pelicula/escape-room-2/,https://espaitexas.koobin.cat/ca/escape-room-2-vo-20261010-1630,2026-10-08T06:57:24.326842+00:00
En el corazón de la bestia,Heart Of The Beast,2026,David Ayer,"Acción, Aventura","Un ex soldado herido y su perro militar luchan por sobrevivir en la naturaleza salvaje de Alaska. Enfrentando frío, soledad y peligros constantes, su vínculo será clave para regresar a casa.",https://es.web.img3.acsta.net/c_160_213/img/06/8b/068b23e941178cfd676278b44064f0e9.jpg,https://www.youtube.com/watch?v=Rh24D89hFMg,6.4,7.3,85.0,94.0,Cine Yelmo Westfield La Maquinista,2026-10-10T16:30:00+02:00,,,,Digital,,unknown,Tarifa variable; consultar el pase de La Maquinista,https://www.publicine.net/cartelera-cine/barcelona/yelmo-westfield-la-maquinista,https://cine.entradas.com/cine/barcelona/cine-yelmo-westfield-la-maquinista/evento/46546/en-el-corazon-de-la-bestia?mode=widget&change=0&ref=744,2026-10-08T06:58:01.153187+00:00
En el corazón de la bestia,Heart Of The Beast,2026,David Ayer,"Acción, Aventura","Un ex soldado herido y su perro militar luchan por sobrevivir en la naturaleza salvaje de Alaska. Enfrentando frío, soledad y peligros constantes, su vínculo será clave para regresar a casa.",https://es.web.img3.acsta.net/c_160_213/img/06/8b/068b23e941178cfd676278b44064f0e9.jpg,https://www.youtube.com/watch?v=Rh24D89hFMg,6.4,7.3,85.0,94.0,Cinesa Diagonal,2026-10-10T16:40:00+02:00,,,,Digital,,unknown,"Tarifa variable; seleccionar cine, fecha y sesión",https://www.publicine.net/cartelera-cine/barcelona/cinesa-diagonal,https://web.cinesa.es/compra/butacas/?showtimeId=012-55494,2026-10-08T06:57:43.478267+00:00
Verity. La sombra de un engaño,Verity,2026,Michael Showalter,"Thriller, Drama","Lowen Ashleigh es contratada como escritora fantasma por Jeremy Crawford para escribir las novelas de su esposa Verity, autora de bestsellers, impedida tras un accidente. Lowen descubre las inquietantes verdades de Verity mientras reside en casa de los Crawford para trabajar. (FILMAFFINITY)",https://pics.filmaffinity.com/verity-273395489-large.jpg,https://www.filmaffinity.com/es/evideos.php?movie_id=740344,5.3,6.0,33.0,71.0,Cinesa SOM Multiespai,2026-10-10T16:45:00+02:00,,,,Digital,,unknown,"Tarifa variable; seleccionar cine, fecha y sesión",https://www.publicine.net/cartelera-cine/barcelona/cinesa-som-multiespai-heron-city,https://web.cinesa.es/compra/butacas/?showtimeId=017-60891,2026-10-08T06:57:56.221234+00:00
Tadeo Jones Y La Lámpara Maravillosa,Tadeo Jones y la lámpara maravillosa,2026,Enrique Gato,"Animación, Aventuras","Tadeo y Sara deben impedir que Momia, celoso de haber perdido protagonismo, altere la historia tras viajar al pasado. Su aventura los lleva desde Londres hasta Paititi, Grecia y la cueva de Alí Babá, para devolver al grupo a su época.",https://www.publicine.net/img/pel/full/16440f_tadeo-jones-y-la-lampara-maravillosa.webp,https://www.youtube.com/watch?v=a7IDTIIFNSo,6.1,6.5,,,Cine Yelmo Westfield La Maquinista,2026-10-10T16:45:00+02:00,,,,Digital,,unknown,Tarifa variable; consultar el pase de La Maquinista,https://www.publicine.net/cartelera-cine/barcelona/yelmo-westfield-la-maquinista,https://www.publicine.net/venda/16440/59/aHR0cHM6Ly9jaW5lLmVudHJhZGFzLmNvbS9jaW5lL2JhcmNlbG9uYS9jaW5lLXllbG1vLXdlc3RmaWVsZC1sYS1tYXF1aW5pc3RhL2V2ZW50by80NjU1NC90YWRlby1qb25lcy15LWxhLWxhbXBhcmEtbWFyYXZpbGxvc2E/bW9kZT13aWRnZXQmY2hhbmdlPTAmcmVmPTc0NA,2026-10-08T06:58:01.153187+00:00
En el corazón de la bestia,Heart Of The Beast,2026,David Ayer,"Acción, Aventura","Un ex soldado herido y su perro militar luchan por sobrevivir en la naturaleza salvaje de Alaska. Enfrentando frío, soledad y peligros constantes, su vínculo será clave para regresar a casa.",https://es.web.img3.acsta.net/c_160_213/img/06/8b/068b23e941178cfd676278b44064f0e9.jpg,https://www.youtube.com/watch?v=Rh24D89hFMg,6.4,7.3,85.0,94.0,Cinesa SOM Multiespai,2026-10-10T16:50:00+02:00,,,,Digital,,unknown,"Tarifa variable; seleccionar cine, fecha y sesión",https://www.publicine.net/cartelera-cine/barcelona/cinesa-som-multiespai-heron-city,https://web.cinesa.es/compra/butacas/?showtimeId=017-60892,2026-10-08T06:57:56.221234+00:00
En el corazón de la bestia,Heart Of The Beast,2026,David Ayer,"Acción, Aventura","Un ex soldado herido y su perro militar luchan por sobrevivir en la naturaleza salvaje de Alaska. Enfrentando frío, soledad y peligros constantes, su vínculo será clave para regresar a casa.",https://es.web.img3.acsta.net/c_160_213/img/06/8b/068b23e941178cfd676278b44064f0e9.jpg,https://www.youtube.com/watch?v=Rh24D89hFMg,6.4,7.3,85.0,94.0,Cinesa Diagonal Mar,2026-10-10T17:00:00+02:00,,,,Digital,,unknown,"Tarifa variable; seleccionar cine, fecha y sesión",https://www.publicine.net/cartelera-cine/barcelona/cinesa-diagonal-mar,https://web.cinesa.es/compra/butacas/?showtimeId=032-59134,2026-10-08T06:57:49.911074+00:00
Pina (3D),,2011,Wim Wenders,,Un homenatge pòstum a la gran ballarina i coreògrafa de la dansa contemporània Pina Bausch en el qual les ballarines i els ballarins de la seva companyia recreen les coreografies que li van donar més reconeixement internacional.,,,,,,,Filmoteca de Catalunya — Sales Chomón i Laya,2026-10-10T17:00:00+02:00,VO,,es,DCP,,unknown,General 4€; reducida 3€; programación infantil 2€,https://www.filmoteca.cat/web/ca/film/pina-3d,https://euromus.cultura.gencat.cat/filmoteca/venda/index.jsp?lang=1&nom_cache=FILMOTECA&property=FILMOTECA&codiActiv=959&codiCicle=85,2026-10-08T06:57:31.749558+00:00
Ceniza en la boca,Ceniza en la boca,2026,Diego Luna,Drama,"Basada en la novel·la de Brenda Navarro, dos germans s'enfronten a la discriminació, els estigmes i les dificultats que acompanyen el dia a dia de les persones migrants, en viatjar a Espanya per retrobar-se amb la seva mare després de vuit anys.",https://pics.filmaffinity.com/ceniza_en_la_boca-859618471-large.jpg,https://www.filmaffinity.com/es/evideos.php?movie_id=503965,,6.4,76.0,,Zumzeig Cinecooperativa,2026-10-10T17:00:00+02:00,VO,es,,,,unknown,"General 7,50€; miércoles no festivos 5,50€; reducida 6€; socias 4,50€",https://zumzeigcine.coop/cinema/films/ceniza-en-la-boca/,https://www.codetickets.com/portal/zumzeigcooperativa/online/37713/102034,2026-10-08T06:57:20.380539+00:00
Resident Evil,Resident Evil,2026,Zach Cregger,"Ciencia ficción, Suspense, Terror","Bryan, un mensajero médico, se ve atrapado inesperadamente en una noche de caos en la que la ciudad empieza a colapsar por una amenaza desconocida. Obligado a sobrevivir, deberá enfrentarse a una peligrosa carrera llena de acción mientras intenta escapar del horror que se desata a su alrededor.",https://es.web.img3.acsta.net/c_160_213/img/40/92/4092e505c00d28878024f17b01002c9c.jpg,https://www.filmaffinity.com/es/evideos.php?movie_id=579353,7.0,7.6,96.0,91.0,Cinesa SOM Multiespai,2026-10-10T17:10:00+02:00,,,,Digital,,unknown,"Tarifa variable; seleccionar cine, fecha y sesión",https://www.publicine.net/cartelera-cine/barcelona/cinesa-som-multiespai-heron-city,https://web.cinesa.es/compra/butacas/?showtimeId=017-60893,2026-10-08T06:57:56.221234+00:00
LA BOLA NEGRA,La bola negra,2026,"Javier Ambrossi, Javier Calvo",Drama,"ESTRENO EL VIERNES 25 DE SEPTIEMBRE. Las vidas interconectadas de tres hombres en tres épocas distintas. Tres existencias íntimamente ligadas por la sexualidad y el deseo, el dolor y la herencia; y una de las últimas obras, inacabada, de Federico García Lorca. Proyección en Dolby Atmos y 4K",https://phenomena-experience.com/obj/LCinesD_dat/eventos/JPg000fb.jpg,https://www.youtube.com/watch?v=nXkdGP4VVWI,,8.0,92.0,,Cinesa Diagonal,2026-10-10T17:15:00+02:00,,,,Digital,,unknown,"Tarifa variable; seleccionar cine, fecha y sesión",https://www.publicine.net/cartelera-cine/barcelona/cinesa-diagonal,https://web.cinesa.es/compra/butacas/?showtimeId=012-55496,2026-10-08T06:57:43.478267+00:00
LA BOLA NEGRA,La bola negra,2026,"Javier Ambrossi, Javier Calvo",Drama,"ESTRENO EL VIERNES 25 DE SEPTIEMBRE. Las vidas interconectadas de tres hombres en tres épocas distintas. Tres existencias íntimamente ligadas por la sexualidad y el deseo, el dolor y la herencia; y una de las últimas obras, inacabada, de Federico García Lorca. Proyección en Dolby Atmos y 4K",https://phenomena-experience.com/obj/LCinesD_dat/eventos/JPg000fb.jpg,https://www.youtube.com/watch?v=nXkdGP4VVWI,,8.0,92.0,,Cinesa Diagonal Mar,2026-10-10T17:15:00+02:00,,,,Digital,,unknown,"Tarifa variable; seleccionar cine, fecha y sesión",https://www.publicine.net/cartelera-cine/barcelona/cinesa-diagonal-mar,https://web.cinesa.es/compra/butacas/?showtimeId=032-59135,2026-10-08T06:57:49.911074+00:00
LA BOLA NEGRA,La bola negra,2026,"Javier Ambrossi, Javier Calvo",Drama,"ESTRENO EL VIERNES 25 DE SEPTIEMBRE. Las vidas interconectadas de tres hombres en tres épocas distintas. Tres existencias íntimamente ligadas por la sexualidad y el deseo, el dolor y la herencia; y una de las últimas obras, inacabada, de Federico García Lorca. Proyección en Dolby Atmos y 4K",https://phenomena-experience.com/obj/LCinesD_dat/eventos/JPg000fb.jpg,https://www.youtube.com/watch?v=nXkdGP4VVWI,,8.0,92.0,,Cinesa SOM Multiespai,2026-10-10T17:15:00+02:00,,,,Digital,,unknown,"Tarifa variable; seleccionar cine, fecha y sesión",https://www.publicine.net/cartelera-cine/barcelona/cinesa-som-multiespai-heron-city,https://web.cinesa.es/compra/butacas/?showtimeId=017-60894,2026-10-08T06:57:56.221234+00:00
LA BOLA NEGRA,La bola negra,2026,"Javier Ambrossi, Javier Calvo",Drama,"ESTRENO EL VIERNES 25 DE SEPTIEMBRE. Las vidas interconectadas de tres hombres en tres épocas distintas. Tres existencias íntimamente ligadas por la sexualidad y el deseo, el dolor y la herencia; y una de las últimas obras, inacabada, de Federico García Lorca. Proyección en Dolby Atmos y 4K",https://phenomena-experience.com/obj/LCinesD_dat/eventos/JPg000fb.jpg,https://www.youtube.com/watch?v=nXkdGP4VVWI,,8.0,92.0,,Cine Yelmo Westfield La Maquinista,2026-10-10T17:15:00+02:00,,,,Digital,,unknown,Tarifa variable; consultar el pase de La Maquinista,https://www.publicine.net/cartelera-cine/barcelona/yelmo-westfield-la-maquinista,https://cine.entradas.com/cine/barcelona/cine-yelmo-westfield-la-maquinista/evento/46441/la-bola-negra?mode=widget&change=0&ref=744,2026-10-08T06:58:01.153187+00:00
Verity. La sombra de un engaño,Verity,2026,Michael Showalter,"Thriller, Drama","Lowen Ashleigh es contratada como escritora fantasma por Jeremy Crawford para escribir las novelas de su esposa Verity, autora de bestsellers, impedida tras un accidente. Lowen descubre las inquietantes verdades de Verity mientras reside en casa de los Crawford para trabajar. (FILMAFFINITY)",https://pics.filmaffinity.com/verity-273395489-large.jpg,https://www.filmaffinity.com/es/evideos.php?movie_id=740344,5.3,6.0,33.0,71.0,Cine Yelmo Westfield La Maquinista,2026-10-10T17:30:00+02:00,,,,Digital,,unknown,Tarifa variable; consultar el pase de La Maquinista,https://www.publicine.net/cartelera-cine/barcelona/yelmo-westfield-la-maquinista,https://cine.entradas.com/cine/barcelona/cine-yelmo-westfield-la-maquinista/evento/46648/verity-la-sombra-de-un-engano?mode=widget&change=0&ref=744,2026-10-08T06:58:01.153187+00:00
Resident Evil,Resident Evil,2026,Zach Cregger,"Ciencia ficción, Suspense, Terror","Bryan, un mensajero médico, se ve atrapado inesperadamente en una noche de caos en la que la ciudad empieza a colapsar por una amenaza desconocida. Obligado a sobrevivir, deberá enfrentarse a una peligrosa carrera llena de acción mientras intenta escapar del horror que se desata a su alrededor.",https://es.web.img3.acsta.net/c_160_213/img/40/92/4092e505c00d28878024f17b01002c9c.jpg,https://www.filmaffinity.com/es/evideos.php?movie_id=579353,7.0,7.6,96.0,91.0,Cinesa Diagonal Mar,2026-10-10T17:45:00+02:00,VO,,es,,,unknown,"Tarifa variable; seleccionar cine, fecha y sesión",https://www.publicine.net/cartelera-cine/barcelona/cinesa-diagonal-mar,https://web.cinesa.es/compra/butacas/?showtimeId=032-59144,2026-10-08T06:57:49.911074+00:00
La isla olvidada,Forgotten Island,2026,"Joel Crawford , Januel P. Mercado","Animación, Aventura, Comedia",Un grupo de personajes se encuentra en una isla mágica de la mitología filipina que había permanecido olvidada durante mucho tiempo.,https://es.web.img2.acsta.net/c_160_213/img/ee/16/ee161d327f52a9e974075b7c17d32d10.jpg,https://www.youtube.com/watch?v=2NNDuXJ7C7E,,7.8,95.0,95.0,Cinesa Diagonal,2026-10-10T17:55:00+02:00,,,,Digital,,unknown,"Tarifa variable; seleccionar cine, fecha y sesión",https://www.publicine.net/cartelera-cine/barcelona/cinesa-diagonal,https://web.cinesa.es/compra/butacas/?showtimeId=012-55497,2026-10-08T06:57:43.478267+00:00
Mystic River,Mystic River,2003,Clint Eastwood,"Intriga, Drama","Clàssic del segle XXI ""No convé entrar gaire en els detalls d'aquesta peça mestra de Clint Eastwood protagonitzada per un trio d'asos (Robbins, Penn i Bacon). És un thriller, però no hi espereu trets, persecucions ni acció. És una obra de personatges. Un drama contemporani, gris i desencantat, parsimoniós i ombrívol. Una bonica pel·lícula d'antiherois i un retrat estremidor de la societat nord-americana. Una obra tan profunda com Bird o Unforgiven . En definitiva, un dels millors treballs de l'incombustible mestre, que aquí també signa la banda sonora"" (Jordi Batlle Caminal).",https://pics.filmaffinity.com/mystic_river-976638525-large.jpg,https://www.filmaffinity.com/es/evideos.php?movie_id=121917,8.0,7.9,89.0,89.0,Filmoteca de Catalunya — Sales Chomón i Laya,2026-10-10T18:00:00+02:00,VO,,es,Digital,,unknown,General 4€; reducida 3€; programación infantil 2€,https://www.filmoteca.cat/web/ca/film/mystic-river,https://euromus.cultura.gencat.cat/filmoteca/venda/index.jsp?lang=1&nom_cache=FILMOTECA&property=FILMOTECA&codiActiv=1018&codiCicle=6,2026-10-08T06:58:01.085070+00:00
Queen Budapest,,2012,János Zsombolyai,"Documental, Musical","El 27 de julio de 1986, el grupo Queen se presentó en el Népstadion de Budapest frente a 80,000 fans muy exaltados; un concierto que ahora está totalmente remasterizado en 4K con una nueva y potente mezcla de audio.",https://pics.filmaffinity.com/hungarian_rhapsody_queen_live_in_budapest_86-625888307-large.jpg,https://www.youtube.com/watch?v=DYdPhqkw0pU,,,83.0,95.0,Phenomena Experience,2026-10-10T18:00:00+02:00,VO,,es,,,unknown,Precio según pase; consultar la ficha de la película,https://www.publicine.net/cartelera-cine/barcelona/phenomena-experience,https://www.reservaentradas.com/entrada/barcelona/phenomenaexperience/queen-budapest-proyeccion-en-dolby-atmos-4k-y-vose/13523/,2026-10-08T06:58:16.808712+00:00
QUEEN BUDAPEST,Varázslat: A Queen Budapesten,1986,János Zsombolyai,"Documentary, Musical","El 27 de julio de 1986, Queen dio el concierto en estadio más grande de la historia en el Népstadion de Budapest, frente a 80,000 fans eufóricos. El concierto fue parte de la famosa gira Magic Tour, que fue la última vez que la banda salió de gira con el cantante principal, Freddie Mercury. Ahora, esta película original del concierto ha sido reescaneada y remasterizada de manera espectacular en 4K, junto con una nueva y dinámica mezcla de audio, que incluye muchas de las canciones favoritas de Queen: Bohemian Rhapsody, Crazy Little Thing Called Love, I Want To Break Free y We Are The Champions. A tres años de la caída del Muro de Berlín, este fue el primer concierto de rock occidental que se hizo en un estadio detrás de lo que entonces se conocía como la Cortina de Hierro. Fue tan importante para las autoridades húngaras y la industria cinematográfica que se reunió a un grupo de los mejores camarógrafos y técnicos del país para grabarlo y conservarlo como un recuerdo para el futuro. Proyección en Dolby Atmos, 4K y VOSE",https://phenomena-experience.com/obj/LCinesD_dat/eventos/JPg000fi.jpg,,,8.6,,,Phenomena Experience,2026-10-10T18:00:00+02:00,VO,,es,"4K, Dolby Atmos",15.0,published,Precio según pase; consultar la ficha de la película,https://phenomena-experience.com/index?pag=cartelera,,2026-10-08T06:57:05.017772+00:00
Coyote vs. ACME,Coyote vs. Acme,2026,Dave Green,"Animación, Aventura, Comedia","Cansado de que los productos defectuosos de Acme arruinen sus planes, el Coyote contrata a un abogado para demandar a la corporación, ahora dirigida por un despiadado exjefe de su defensor. Juntos forjarán una inesperada amistad mientras luchan en los tribunales.",https://es.web.img3.acsta.net/c_160_213/img/18/4e/184e275eb73de363b01c7c3637407fcd.jpg,https://www.filmaffinity.com/es/evideos.php?movie_id=523116,6.7,7.4,96.0,94.0,Cine Yelmo Westfield La Maquinista,2026-10-10T18:00:00+02:00,,,,Digital,,unknown,Tarifa variable; consultar el pase de La Maquinista,https://www.publicine.net/cartelera-cine/barcelona/yelmo-westfield-la-maquinista,https://cine.entradas.com/cine/barcelona/cine-yelmo-westfield-la-maquinista/evento/46848/coyote-vs-acme?mode=widget&change=0&ref=744,2026-10-08T06:58:01.153187+00:00
LA BOLA NEGRA,La bola negra,2026,"Javier Ambrossi, Javier Calvo",Drama,"ESTRENO EL VIERNES 25 DE SEPTIEMBRE. Las vidas interconectadas de tres hombres en tres épocas distintas. Tres existencias íntimamente ligadas por la sexualidad y el deseo, el dolor y la herencia; y una de las últimas obras, inacabada, de Federico García Lorca. Proyección en Dolby Atmos y 4K",https://phenomena-experience.com/obj/LCinesD_dat/eventos/JPg000fb.jpg,https://www.youtube.com/watch?v=nXkdGP4VVWI,,8.0,92.0,,Cinesa Diagonal,2026-10-10T18:15:00+02:00,,,,Digital,,unknown,"Tarifa variable; seleccionar cine, fecha y sesión",https://www.publicine.net/cartelera-cine/barcelona/cinesa-diagonal,https://web.cinesa.es/compra/butacas/?showtimeId=012-55333,2026-10-08T06:57:43.478267+00:00
LA BOLA NEGRA,La bola negra,2026,"Javier Ambrossi, Javier Calvo",Drama,"ESTRENO EL VIERNES 25 DE SEPTIEMBRE. Las vidas interconectadas de tres hombres en tres épocas distintas. Tres existencias íntimamente ligadas por la sexualidad y el deseo, el dolor y la herencia; y una de las últimas obras, inacabada, de Federico García Lorca. Proyección en Dolby Atmos y 4K",https://phenomena-experience.com/obj/LCinesD_dat/eventos/JPg000fb.jpg,https://www.youtube.com/watch?v=nXkdGP4VVWI,,8.0,92.0,,Cinesa Diagonal Mar,2026-10-10T18:15:00+02:00,,,,Digital,,unknown,"Tarifa variable; seleccionar cine, fecha y sesión",https://www.publicine.net/cartelera-cine/barcelona/cinesa-diagonal-mar,https://web.cinesa.es/compra/butacas/?showtimeId=032-58961,2026-10-08T06:57:49.911074+00:00
LA BOLA NEGRA,La bola negra,2026,"Javier Ambrossi, Javier Calvo",Drama,"ESTRENO EL VIERNES 25 DE SEPTIEMBRE. Las vidas interconectadas de tres hombres en tres épocas distintas. Tres existencias íntimamente ligadas por la sexualidad y el deseo, el dolor y la herencia; y una de las últimas obras, inacabada, de Federico García Lorca. Proyección en Dolby Atmos y 4K",https://phenomena-experience.com/obj/LCinesD_dat/eventos/JPg000fb.jpg,https://www.youtube.com/watch?v=nXkdGP4VVWI,,8.0,92.0,,Cinesa SOM Multiespai,2026-10-10T18:15:00+02:00,,,,Digital,,unknown,"Tarifa variable; seleccionar cine, fecha y sesión",https://www.publicine.net/cartelera-cine/barcelona/cinesa-som-multiespai-heron-city,https://web.cinesa.es/compra/butacas/?showtimeId=017-60726,2026-10-08T06:57:56.221234+00:00
ESCAPE ROOM 2,Escape Room 2,2026,Hèctor Claramunt,"Comedia, Thriller, Intriga","Cinc anys després, l’Edu, la Marina, la Viky i en Rai tornen a coincidir misteriosament en un nou local de moda situat a la part alta de la muntanya de Montjuïc, on antigament es trobava el parc d’atraccions. No trigaran a adonar-se que aquell establiment no és el que sembla. Aviat aniran a parar a una antiga atracció, un túnel del terror que havia quedat soterrat, on apareix un comptador acompanyat d’un missatge amenaçador que els resulta inquietantment familiar: tenen 60 minuts per a sortir o moriran.",https://espaitexas.cat/wp-content/uploads/2026/10/6a9fc286373b2.jpg,https://www.filmaffinity.com/es/evideos.php?movie_id=903140,,,,,Espai Texas — Cinemes Texas,2026-10-10T18:15:00+02:00,VO,ca,,,,unknown,Lunes–viernes 6€; jueves del espectador 4€; fin de semana 8€,https://espaitexas.cat/pelicula/escape-room-2/,https://espaitexas.koobin.cat/ca/escape-room-2-vo-20261010-1815,2026-10-08T06:57:24.326842+00:00
LA INVASIÓ DELS BÀRBARS,La invasió dels bàrbars,2025,Vicent Monsonís,Drama,"València, 1939. Esperanza és conservadora d’art i responsable de les obres del Museu de Prado traslladades a València durant la guerra per a protegir-les dels bombardejos feixistes. Acabada la guerra, Esperanza és detinguda i interrogada per un tinent franquista sobre un quadre de la col·lecció del Prat que no apareix. El seu títol: La invasió dels bàrbars.  80 anys després, l’Aurora s’enfronta a l’alcalde d’un poble pròxim a València per l’exhumació d’una fossa del franquisme descoberta en el seu terme municipal.",https://espaitexas.cat/wp-content/uploads/2026/09/mv5bodeymmnlndmtoge1ny00zty0ltg5ntityzm3ognjzdkwmwjkxkeyxkfqcgcx.-v1-.jpg,https://www.filmaffinity.com/es/evideos.php?movie_id=492711,7.2,7.5,,,Espai Texas — Cinemes Texas,2026-10-10T18:15:00+02:00,VO,ca,,,,unknown,Lunes–viernes 6€; jueves del espectador 4€; fin de semana 8€,https://espaitexas.cat/pelicula/la-invasio-dels-barbars/,https://espaitexas.koobin.cat/ca/la-invasio-dels-barbars-vo-20261010-0000,2026-10-08T06:57:26.397369+00:00
Resident Evil,Resident Evil,2026,Zach Cregger,"Ciencia ficción, Suspense, Terror","Bryan, un mensajero médico, se ve atrapado inesperadamente en una noche de caos en la que la ciudad empieza a colapsar por una amenaza desconocida. Obligado a sobrevivir, deberá enfrentarse a una peligrosa carrera llena de acción mientras intenta escapar del horror que se desata a su alrededor.",https://es.web.img3.acsta.net/c_160_213/img/40/92/4092e505c00d28878024f17b01002c9c.jpg,https://www.filmaffinity.com/es/evideos.php?movie_id=579353,7.0,7.6,96.0,91.0,Cine Yelmo Westfield La Maquinista,2026-10-10T18:15:00+02:00,,,,Digital,,unknown,Tarifa variable; consultar el pase de La Maquinista,https://www.publicine.net/cartelera-cine/barcelona/yelmo-westfield-la-maquinista,https://cine.entradas.com/cine/barcelona/cine-yelmo-westfield-la-maquinista/evento/46657/resident-evil?mode=widget&change=0&ref=744,2026-10-08T06:58:01.153187+00:00
LA BOLA NEGRA,La bola negra,2026,"Javier Ambrossi, Javier Calvo",Drama,"ESTRENO EL VIERNES 25 DE SEPTIEMBRE. Las vidas interconectadas de tres hombres en tres épocas distintas. Tres existencias íntimamente ligadas por la sexualidad y el deseo, el dolor y la herencia; y una de las últimas obras, inacabada, de Federico García Lorca. Proyección en Dolby Atmos y 4K",https://phenomena-experience.com/obj/LCinesD_dat/eventos/JPg000fb.jpg,https://www.youtube.com/watch?v=nXkdGP4VVWI,,8.0,92.0,,Cine Yelmo Westfield La Maquinista,2026-10-10T18:30:00+02:00,,,,Digital,,unknown,Tarifa variable; consultar el pase de La Maquinista,https://www.publicine.net/cartelera-cine/barcelona/yelmo-westfield-la-maquinista,https://cine.entradas.com/cine/barcelona/cine-yelmo-westfield-la-maquinista/evento/46550/la-bola-negra?mode=widget&change=0&ref=744,2026-10-08T06:58:01.153187+00:00
Verity. La sombra de un engaño,Verity,2026,Michael Showalter,"Thriller, Drama","Lowen Ashleigh es contratada como escritora fantasma por Jeremy Crawford para escribir las novelas de su esposa Verity, autora de bestsellers, impedida tras un accidente. Lowen descubre las inquietantes verdades de Verity mientras reside en casa de los Crawford para trabajar. (FILMAFFINITY)",https://pics.filmaffinity.com/verity-273395489-large.jpg,https://www.filmaffinity.com/es/evideos.php?movie_id=740344,5.3,6.0,33.0,71.0,Cinesa Diagonal Mar,2026-10-10T18:40:00+02:00,,,,Digital,,unknown,"Tarifa variable; seleccionar cine, fecha y sesión",https://www.publicine.net/cartelera-cine/barcelona/cinesa-diagonal-mar,https://web.cinesa.es/compra/butacas/?showtimeId=032-59137,2026-10-08T06:57:49.911074+00:00
Verity. La sombra de un engaño,Verity,2026,Michael Showalter,"Thriller, Drama","Lowen Ashleigh es contratada como escritora fantasma por Jeremy Crawford para escribir las novelas de su esposa Verity, autora de bestsellers, impedida tras un accidente. Lowen descubre las inquietantes verdades de Verity mientras reside en casa de los Crawford para trabajar. (FILMAFFINITY)",https://pics.filmaffinity.com/verity-273395489-large.jpg,https://www.filmaffinity.com/es/evideos.php?movie_id=740344,5.3,6.0,33.0,71.0,Cinesa Diagonal,2026-10-10T18:45:00+02:00,,,,Digital,,unknown,"Tarifa variable; seleccionar cine, fecha y sesión",https://www.publicine.net/cartelera-cine/barcelona/cinesa-diagonal,https://web.cinesa.es/compra/butacas/?showtimeId=012-55502,2026-10-08T06:57:43.478267+00:00
En el corazón de la bestia,Heart Of The Beast,2026,David Ayer,"Acción, Aventura","Un ex soldado herido y su perro militar luchan por sobrevivir en la naturaleza salvaje de Alaska. Enfrentando frío, soledad y peligros constantes, su vínculo será clave para regresar a casa.",https://es.web.img3.acsta.net/c_160_213/img/06/8b/068b23e941178cfd676278b44064f0e9.jpg,https://www.youtube.com/watch?v=Rh24D89hFMg,6.4,7.3,85.0,94.0,Cine Yelmo Westfield La Maquinista,2026-10-10T18:45:00+02:00,,,,Digital,,unknown,Tarifa variable; consultar el pase de La Maquinista,https://www.publicine.net/cartelera-cine/barcelona/yelmo-westfield-la-maquinista,https://cine.entradas.com/cine/barcelona/cine-yelmo-westfield-la-maquinista/evento/46549/en-el-corazon-de-la-bestia?mode=widget&change=0&ref=744,2026-10-08T06:58:01.153187+00:00
LA BOLA NEGRA,La bola negra,2026,"Javier Ambrossi, Javier Calvo",Drama,"ESTRENO EL VIERNES 25 DE SEPTIEMBRE. Las vidas interconectadas de tres hombres en tres épocas distintas. Tres existencias íntimamente ligadas por la sexualidad y el deseo, el dolor y la herencia; y una de las últimas obras, inacabada, de Federico García Lorca. Proyección en Dolby Atmos y 4K",https://phenomena-experience.com/obj/LCinesD_dat/eventos/JPg000fb.jpg,https://www.youtube.com/watch?v=nXkdGP4VVWI,,8.0,92.0,,Cinesa SOM Multiespai,2026-10-10T19:00:00+02:00,,,,Digital,,unknown,"Tarifa variable; seleccionar cine, fecha y sesión",https://www.publicine.net/cartelera-cine/barcelona/cinesa-som-multiespai-heron-city,https://web.cinesa.es/compra/butacas/?showtimeId=017-60899,2026-10-08T06:57:56.221234+00:00
Chicho o Mientras el cuerpo aguante (una comedia didáctica),Mienstras el cuerpo aguante,1982,Fernando Trueba,"Biopic, Documental","El segon llargmetratge de Fernando Trueba torna a les sales amb una restauració feta a partir del negatiu original en 16 mm, trobat recentment. Un retrat lliure, musical i inclassificable de Chicho Sánchez Ferlosio, autor d’algunes de les cançons més emblemàtiques de la resistència antifranquista.",https://es.web.img3.acsta.net/c_160_213/pictures/17/09/04/12/52/159579.jpg,,,6.4,,,Zumzeig Cinecooperativa,2026-10-10T19:00:00+02:00,VO,es,,,,unknown,"General 7,50€; miércoles no festivos 5,50€; reducida 6€; socias 4,50€",https://zumzeigcine.coop/cinema/films/chicho-o-mientras-el-cuerpo-aguante-una-comedia-didactica/,https://www.codetickets.com/portal/zumzeigcooperativa/online/37483/101800,2026-10-08T06:57:23.141514+00:00
En el corazón de la bestia,Heart Of The Beast,2026,David Ayer,"Acción, Aventura","Un ex soldado herido y su perro militar luchan por sobrevivir en la naturaleza salvaje de Alaska. Enfrentando frío, soledad y peligros constantes, su vínculo será clave para regresar a casa.",https://es.web.img3.acsta.net/c_160_213/img/06/8b/068b23e941178cfd676278b44064f0e9.jpg,https://www.youtube.com/watch?v=Rh24D89hFMg,6.4,7.3,85.0,94.0,Cinesa Diagonal,2026-10-10T19:10:00+02:00,,,,Digital,,unknown,"Tarifa variable; seleccionar cine, fecha y sesión",https://www.publicine.net/cartelera-cine/barcelona/cinesa-diagonal,https://web.cinesa.es/compra/butacas/?showtimeId=012-55503,2026-10-08T06:57:43.478267+00:00
Digger,Digger,2026,Alejandro González Iñárritu,"Acción, Comedia","El hombre más poderoso del mundo provoca un desastre que amenaza a la humanidad. Para redimirse, emprende una misión arriesgada con el objetivo de convertirse en su salvador.",https://es.web.img3.acsta.net/c_160_213/img/0f/c9/0fc9092d6e2afd046417684533c535c4.jpg,https://www.youtube.com/watch?v=xU2jWSsaWY0,6.4,,,,Cinesa Diagonal Mar,2026-10-10T19:10:00+02:00,,,,IMAX,,unknown,"Tarifa variable; seleccionar cine, fecha y sesión",https://www.publicine.net/cartelera-cine/barcelona/cinesa-diagonal-mar,https://web.cinesa.es/compra/butacas/?showtimeId=032-59140,2026-10-08T06:57:49.911074+00:00
LA BOLA NEGRA,La bola negra,2026,"Javier Ambrossi, Javier Calvo",Drama,"ESTRENO EL VIERNES 25 DE SEPTIEMBRE. Las vidas interconectadas de tres hombres en tres épocas distintas. Tres existencias íntimamente ligadas por la sexualidad y el deseo, el dolor y la herencia; y una de las últimas obras, inacabada, de Federico García Lorca. Proyección en Dolby Atmos y 4K",https://phenomena-experience.com/obj/LCinesD_dat/eventos/JPg000fb.jpg,https://www.youtube.com/watch?v=nXkdGP4VVWI,,8.0,92.0,,Cinesa Diagonal,2026-10-10T19:15:00+02:00,,,,Digital,,unknown,"Tarifa variable; seleccionar cine, fecha y sesión",https://www.publicine.net/cartelera-cine/barcelona/cinesa-diagonal,https://web.cinesa.es/compra/butacas/?showtimeId=012-55504,2026-10-08T06:57:43.478267+00:00
LA BOLA NEGRA,La bola negra,2026,"Javier Ambrossi, Javier Calvo",Drama,"ESTRENO EL VIERNES 25 DE SEPTIEMBRE. Las vidas interconectadas de tres hombres en tres épocas distintas. Tres existencias íntimamente ligadas por la sexualidad y el deseo, el dolor y la herencia; y una de las últimas obras, inacabada, de Federico García Lorca. Proyección en Dolby Atmos y 4K",https://phenomena-experience.com/obj/LCinesD_dat/eventos/JPg000fb.jpg,https://www.youtube.com/watch?v=nXkdGP4VVWI,,8.0,92.0,,Cinesa Diagonal Mar,2026-10-10T19:15:00+02:00,,,,Digital,,unknown,"Tarifa variable; seleccionar cine, fecha y sesión",https://www.publicine.net/cartelera-cine/barcelona/cinesa-diagonal-mar,https://web.cinesa.es/compra/butacas/?showtimeId=032-59141,2026-10-08T06:57:49.911074+00:00
En el corazón de la bestia,Heart Of The Beast,2026,David Ayer,"Acción, Aventura","Un ex soldado herido y su perro militar luchan por sobrevivir en la naturaleza salvaje de Alaska. Enfrentando frío, soledad y peligros constantes, su vínculo será clave para regresar a casa.",https://es.web.img3.acsta.net/c_160_213/img/06/8b/068b23e941178cfd676278b44064f0e9.jpg,https://www.youtube.com/watch?v=Rh24D89hFMg,6.4,7.3,85.0,94.0,Cinesa SOM Multiespai,2026-10-10T19:15:00+02:00,,,,Digital,,unknown,"Tarifa variable; seleccionar cine, fecha y sesión",https://www.publicine.net/cartelera-cine/barcelona/cinesa-som-multiespai-heron-city,https://web.cinesa.es/compra/butacas/?showtimeId=017-60901,2026-10-08T06:57:56.221234+00:00
Verity. La sombra de un engaño,Verity,2026,Michael Showalter,"Thriller, Drama","Lowen Ashleigh es contratada como escritora fantasma por Jeremy Crawford para escribir las novelas de su esposa Verity, autora de bestsellers, impedida tras un accidente. Lowen descubre las inquietantes verdades de Verity mientras reside en casa de los Crawford para trabajar. (FILMAFFINITY)",https://pics.filmaffinity.com/verity-273395489-large.jpg,https://www.filmaffinity.com/es/evideos.php?movie_id=740344,5.3,6.0,33.0,71.0,Cinesa SOM Multiespai,2026-10-10T19:20:00+02:00,,,,Digital,,unknown,"Tarifa variable; seleccionar cine, fecha y sesión",https://www.publicine.net/cartelera-cine/barcelona/cinesa-som-multiespai-heron-city,https://web.cinesa.es/compra/butacas/?showtimeId=017-60902,2026-10-08T06:57:56.221234+00:00
Digger,Digger,2026,Alejandro González Iñárritu,"Acción, Comedia","El hombre más poderoso del mundo provoca un desastre que amenaza a la humanidad. Para redimirse, emprende una misión arriesgada con el objetivo de convertirse en su salvador.",https://es.web.img3.acsta.net/c_160_213/img/0f/c9/0fc9092d6e2afd046417684533c535c4.jpg,https://www.youtube.com/watch?v=xU2jWSsaWY0,6.4,,,,Cinesa Diagonal,2026-10-10T19:30:00+02:00,,,,Digital,,unknown,"Tarifa variable; seleccionar cine, fecha y sesión",https://www.publicine.net/cartelera-cine/barcelona/cinesa-diagonal,https://web.cinesa.es/compra/butacas/?showtimeId=012-55505,2026-10-08T06:57:43.478267+00:00
En el corazón de la bestia,Heart Of The Beast,2026,David Ayer,"Acción, Aventura","Un ex soldado herido y su perro militar luchan por sobrevivir en la naturaleza salvaje de Alaska. Enfrentando frío, soledad y peligros constantes, su vínculo será clave para regresar a casa.",https://es.web.img3.acsta.net/c_160_213/img/06/8b/068b23e941178cfd676278b44064f0e9.jpg,https://www.youtube.com/watch?v=Rh24D89hFMg,6.4,7.3,85.0,94.0,Cinesa Diagonal Mar,2026-10-10T19:30:00+02:00,,,,Digital,,unknown,"Tarifa variable; seleccionar cine, fecha y sesión",https://www.publicine.net/cartelera-cine/barcelona/cinesa-diagonal-mar,https://web.cinesa.es/compra/butacas/?showtimeId=032-59142,2026-10-08T06:57:49.911074+00:00
Resident Evil,Resident Evil,2026,Zach Cregger,"Ciencia ficción, Suspense, Terror","Bryan, un mensajero médico, se ve atrapado inesperadamente en una noche de caos en la que la ciudad empieza a colapsar por una amenaza desconocida. Obligado a sobrevivir, deberá enfrentarse a una peligrosa carrera llena de acción mientras intenta escapar del horror que se desata a su alrededor.",https://es.web.img3.acsta.net/c_160_213/img/40/92/4092e505c00d28878024f17b01002c9c.jpg,https://www.filmaffinity.com/es/evideos.php?movie_id=579353,7.0,7.6,96.0,91.0,Cinesa SOM Multiespai,2026-10-10T19:30:00+02:00,,,,Digital,,unknown,"Tarifa variable; seleccionar cine, fecha y sesión",https://www.publicine.net/cartelera-cine/barcelona/cinesa-som-multiespai-heron-city,https://web.cinesa.es/compra/butacas/?showtimeId=017-60903,2026-10-08T06:57:56.221234+00:00
LA BOLA NEGRA,La bola negra,2026,"Javier Ambrossi, Javier Calvo",Drama,"ESTRENO EL VIERNES 25 DE SEPTIEMBRE. Las vidas interconectadas de tres hombres en tres épocas distintas. Tres existencias íntimamente ligadas por la sexualidad y el deseo, el dolor y la herencia; y una de las últimas obras, inacabada, de Federico García Lorca. Proyección en Dolby Atmos y 4K",https://phenomena-experience.com/obj/LCinesD_dat/eventos/JPg000fb.jpg,https://www.youtube.com/watch?v=nXkdGP4VVWI,,8.0,92.0,,Cine Yelmo Westfield La Maquinista,2026-10-10T19:40:00+02:00,,,,Digital,,unknown,Tarifa variable; consultar el pase de La Maquinista,https://www.publicine.net/cartelera-cine/barcelona/yelmo-westfield-la-maquinista,https://cine.entradas.com/cine/barcelona/cine-yelmo-westfield-la-maquinista/evento/46562/la-bola-negra?mode=widget&change=0&ref=744,2026-10-08T06:58:01.153187+00:00
LA BOLA NEGRA,La bola negra,2026,"Javier Ambrossi, Javier Calvo",Drama,"ESTRENO EL VIERNES 25 DE SEPTIEMBRE. Las vidas interconectadas de tres hombres en tres épocas distintas. Tres existencias íntimamente ligadas por la sexualidad y el deseo, el dolor y la herencia; y una de las últimas obras, inacabada, de Federico García Lorca. Proyección en Dolby Atmos y 4K",https://phenomena-experience.com/obj/LCinesD_dat/eventos/JPg000fb.jpg,https://www.youtube.com/watch?v=nXkdGP4VVWI,,8.0,92.0,,Cinesa Diagonal Mar,2026-10-10T19:45:00+02:00,,,,Digital,,unknown,"Tarifa variable; seleccionar cine, fecha y sesión",https://www.publicine.net/cartelera-cine/barcelona/cinesa-diagonal-mar,https://web.cinesa.es/compra/butacas/?showtimeId=032-59154,2026-10-08T06:57:49.911074+00:00
LA BOLA NEGRA,La bola negra,2026,"Javier Ambrossi, Javier Calvo",Drama,"ESTRENO EL VIERNES 25 DE SEPTIEMBRE. Las vidas interconectadas de tres hombres en tres épocas distintas. Tres existencias íntimamente ligadas por la sexualidad y el deseo, el dolor y la herencia; y una de las últimas obras, inacabada, de Federico García Lorca. Proyección en Dolby Atmos y 4K",https://phenomena-experience.com/obj/LCinesD_dat/eventos/JPg000fb.jpg,https://www.youtube.com/watch?v=nXkdGP4VVWI,,8.0,92.0,,Cinesa SOM Multiespai,2026-10-10T19:45:00+02:00,,,,Digital,,unknown,"Tarifa variable; seleccionar cine, fecha y sesión",https://www.publicine.net/cartelera-cine/barcelona/cinesa-som-multiespai-heron-city,https://web.cinesa.es/compra/butacas/?showtimeId=017-60904,2026-10-08T06:57:56.221234+00:00
Queen Budapest,,2012,János Zsombolyai,"Documental, Musical","El 27 de julio de 1986, el grupo Queen se presentó en el Népstadion de Budapest frente a 80,000 fans muy exaltados; un concierto que ahora está totalmente remasterizado en 4K con una nueva y potente mezcla de audio.",https://pics.filmaffinity.com/hungarian_rhapsody_queen_live_in_budapest_86-625888307-large.jpg,https://www.youtube.com/watch?v=DYdPhqkw0pU,,,83.0,95.0,Mooby Arenas de Barcelona,2026-10-10T19:45:00+02:00,VO,,es,,,unknown,"L–J laborables 9€; mié./jue. 6,50€; vie./sáb./festivos 10€",https://www.filmaffinity.com/es/theater-showtimes.php?id=501,https://moobycinemas-arenas.admit-one.eu/?p=tickets&perfCode=190771&language=esp&theatre=24,2026-09-21T09:17:45.870590+02:00
Vengadores Endgame: Encore,,,"Joe Russo, Anthony Russo","Aventuras, Fantástico","El grave curso de los acontecimientos puesto en marcha por Thanos, el Titán loco, obliga a los Vengadores y a sus aliados a tomar una última posición para restaurar el orden en el universo al precio que sea.",https://www.publicine.net/img/pel/full/16350f_vengadores-endgame-encore.webp,https://www.youtube.com/watch?v=kJeJTYHUtW0,,,,,Cine Yelmo Westfield La Maquinista,2026-10-10T19:45:00+02:00,,,,Digital,,unknown,Tarifa variable; consultar el pase de La Maquinista,https://www.publicine.net/cartelera-cine/barcelona/yelmo-westfield-la-maquinista,https://cine.entradas.com/cine/barcelona/cine-yelmo-westfield-la-maquinista/evento/46561/vengadores-endgame-encore?mode=widget&change=0&ref=744,2026-10-08T06:58:01.153187+00:00
Verity. La sombra de un engaño,Verity,2026,Michael Showalter,"Thriller, Drama","Lowen Ashleigh es contratada como escritora fantasma por Jeremy Crawford para escribir las novelas de su esposa Verity, autora de bestsellers, impedida tras un accidente. Lowen descubre las inquietantes verdades de Verity mientras reside en casa de los Crawford para trabajar. (FILMAFFINITY)",https://pics.filmaffinity.com/verity-273395489-large.jpg,https://www.filmaffinity.com/es/evideos.php?movie_id=740344,5.3,6.0,33.0,71.0,Cine Yelmo Westfield La Maquinista,2026-10-10T19:55:00+02:00,,,,Digital,,unknown,Tarifa variable; consultar el pase de La Maquinista,https://www.publicine.net/cartelera-cine/barcelona/yelmo-westfield-la-maquinista,https://cine.entradas.com/cine/barcelona/cine-yelmo-westfield-la-maquinista/evento/46649/verity-la-sombra-de-un-engano?mode=widget&change=0&ref=744,2026-10-08T06:58:01.153187+00:00
Resident Evil,Resident Evil,2026,Zach Cregger,"Ciencia ficción, Suspense, Terror","Bryan, un mensajero médico, se ve atrapado inesperadamente en una noche de caos en la que la ciudad empieza a colapsar por una amenaza desconocida. Obligado a sobrevivir, deberá enfrentarse a una peligrosa carrera llena de acción mientras intenta escapar del horror que se desata a su alrededor.",https://es.web.img3.acsta.net/c_160_213/img/40/92/4092e505c00d28878024f17b01002c9c.jpg,https://www.filmaffinity.com/es/evideos.php?movie_id=579353,7.0,7.6,96.0,91.0,Cinesa Diagonal Mar,2026-10-10T20:00:00+02:00,,,,Digital,,unknown,"Tarifa variable; seleccionar cine, fecha y sesión",https://www.publicine.net/cartelera-cine/barcelona/cinesa-diagonal-mar,https://web.cinesa.es/compra/butacas/?showtimeId=032-59136,2026-10-08T06:57:49.911074+00:00
Digger,Digger,2026,Alejandro González Iñárritu,"Acción, Comedia","El hombre más poderoso del mundo provoca un desastre que amenaza a la humanidad. Para redimirse, emprende una misión arriesgada con el objetivo de convertirse en su salvador.",https://es.web.img3.acsta.net/c_160_213/img/0f/c9/0fc9092d6e2afd046417684533c535c4.jpg,https://www.youtube.com/watch?v=xU2jWSsaWY0,6.4,,,,Cinesa SOM Multiespai,2026-10-10T20:00:00+02:00,,,,Digital,,unknown,"Tarifa variable; seleccionar cine, fecha y sesión",https://www.publicine.net/cartelera-cine/barcelona/cinesa-som-multiespai-heron-city,https://web.cinesa.es/compra/butacas/?showtimeId=017-61110,2026-10-08T06:57:56.221234+00:00
Magnolia,,1997,Paul Thomas Anderson,,"Les vides d’un ancià que, abans de morir, vol tornar a veure el fill al qual va abandonar, de dos presentadors de televisió i d’un agent de policia s’encreuen a Califòrnia en el decurs d’un sol dia…",,https://www.youtube.com/embed/jXM5VTSL7Hg,,,,,Filmoteca de Catalunya — Sales Chomón i Laya,2026-10-10T20:00:00+02:00,VO,,ca,35 mm,,unknown,General 4€; reducida 3€; programación infantil 2€,https://www.filmoteca.cat/web/ca/film/magnolia,https://euromus.cultura.gencat.cat/filmoteca/venda/index.jsp?lang=1&nom_cache=FILMOTECA&property=FILMOTECA&codiActiv=1017&codiCicle=8,2026-10-08T06:57:11.062535+00:00
Queen Budapest,,2012,János Zsombolyai,"Documental, Musical","El 27 de julio de 1986, el grupo Queen se presentó en el Népstadion de Budapest frente a 80,000 fans muy exaltados; un concierto que ahora está totalmente remasterizado en 4K con una nueva y potente mezcla de audio.",https://pics.filmaffinity.com/hungarian_rhapsody_queen_live_in_budapest_86-625888307-large.jpg,https://www.youtube.com/watch?v=DYdPhqkw0pU,,,83.0,95.0,Cine Yelmo Westfield La Maquinista,2026-10-10T20:00:00+02:00,VO,,es,Digital,,unknown,Tarifa variable; consultar el pase de La Maquinista,https://www.publicine.net/cartelera-cine/barcelona/yelmo-westfield-la-maquinista,https://cine.entradas.com/cine/barcelona/cine-yelmo-westfield-la-maquinista/evento/44860/queen-budapest?mode=widget&change=0&ref=744&language=VOSE,2026-10-08T06:58:01.153187+00:00
Digger,Digger,2026,Alejandro González Iñárritu,"Acción, Comedia","El hombre más poderoso del mundo provoca un desastre que amenaza a la humanidad. Para redimirse, emprende una misión arriesgada con el objetivo de convertirse en su salvador.",https://es.web.img3.acsta.net/c_160_213/img/0f/c9/0fc9092d6e2afd046417684533c535c4.jpg,https://www.youtube.com/watch?v=xU2jWSsaWY0,6.4,,,,Phenomena Experience,2026-10-10T20:10:00+02:00,VO,,es,Dolby Atmos,12.0,published,Precio según pase; consultar la ficha de la película,https://phenomena-experience.com/index?pag=cartelera,https://www.reservaentradas.com/entrada/barcelona/phenomenaexperience/digger-proyeccion-en-dolby-atmos-y-vose/13592/,2026-10-08T06:57:05.017772+00:00
ESCAPE ROOM 2,Escape Room 2,2026,Hèctor Claramunt,"Comedia, Thriller, Intriga","Cinc anys després, l’Edu, la Marina, la Viky i en Rai tornen a coincidir misteriosament en un nou local de moda situat a la part alta de la muntanya de Montjuïc, on antigament es trobava el parc d’atraccions. No trigaran a adonar-se que aquell establiment no és el que sembla. Aviat aniran a parar a una antiga atracció, un túnel del terror que havia quedat soterrat, on apareix un comptador acompanyat d’un missatge amenaçador que els resulta inquietantment familiar: tenen 60 minuts per a sortir o moriran.",https://espaitexas.cat/wp-content/uploads/2026/10/6a9fc286373b2.jpg,https://www.filmaffinity.com/es/evideos.php?movie_id=903140,,,,,Espai Texas — Cinemes Texas,2026-10-10T20:15:00+02:00,VO,ca,,,,unknown,Lunes–viernes 6€; jueves del espectador 4€; fin de semana 8€,https://espaitexas.cat/pelicula/escape-room-2/,https://espaitexas.koobin.cat/ca/escape-room-2-vo-20261010-2015,2026-10-08T06:57:24.326842+00:00
Resident Evil,Resident Evil,2026,Zach Cregger,"Ciencia ficción, Suspense, Terror","Bryan, un mensajero médico, se ve atrapado inesperadamente en una noche de caos en la que la ciudad empieza a colapsar por una amenaza desconocida. Obligado a sobrevivir, deberá enfrentarse a una peligrosa carrera llena de acción mientras intenta escapar del horror que se desata a su alrededor.",https://es.web.img3.acsta.net/c_160_213/img/40/92/4092e505c00d28878024f17b01002c9c.jpg,https://www.filmaffinity.com/es/evideos.php?movie_id=579353,7.0,7.6,96.0,91.0,Cinesa Diagonal,2026-10-10T20:25:00+02:00,,,,Digital,,unknown,"Tarifa variable; seleccionar cine, fecha y sesión",https://www.publicine.net/cartelera-cine/barcelona/cinesa-diagonal,https://web.cinesa.es/compra/butacas/?showtimeId=012-55508,2026-10-08T06:57:43.478267+00:00
LA BOLA NEGRA,La bola negra,2026,"Javier Ambrossi, Javier Calvo",Drama,"ESTRENO EL VIERNES 25 DE SEPTIEMBRE. Las vidas interconectadas de tres hombres en tres épocas distintas. Tres existencias íntimamente ligadas por la sexualidad y el deseo, el dolor y la herencia; y una de las últimas obras, inacabada, de Federico García Lorca. Proyección en Dolby Atmos y 4K",https://phenomena-experience.com/obj/LCinesD_dat/eventos/JPg000fb.jpg,https://www.youtube.com/watch?v=nXkdGP4VVWI,,8.0,92.0,,Cine Yelmo Westfield La Maquinista,2026-10-10T20:25:00+02:00,,,,Digital,,unknown,Tarifa variable; consultar el pase de La Maquinista,https://www.publicine.net/cartelera-cine/barcelona/yelmo-westfield-la-maquinista,https://cine.entradas.com/cine/barcelona/cine-yelmo-westfield-la-maquinista/evento/46440/la-bola-negra?mode=widget&change=0&ref=744,2026-10-08T06:58:01.153187+00:00
OMBRA NÒMADA,,2026,Eimi Imanishi,,"La Mariam, una jove sahrauí amb un carisma especial, és deportada d’Espanya i forçada a tornar a la llar familiar al Sàhara Occidental. Desesperada per tornar a Barcelona, la Mariam no aconsegueix adaptar-se al seu lloc de naixement. Els seus intents fallits per millorar la seva situació l’enfrontaran de ple amb la seva identitat: ni el seu arrelament al Sàhara ni el seu vincle amb Espanya resulten suficients per a trobar el seu lloc.",https://espaitexas.cat/wp-content/uploads/2026/09/tal-nomad-shadow-poster-2-72.jpg,,,,,,Espai Texas — Cinemes Texas,2026-10-10T20:30:00+02:00,VO,CASTELLÀ I ÀRAB,ca,,,unknown,Lunes–viernes 6€; jueves del espectador 4€; fin de semana 8€,https://espaitexas.cat/pelicula/ombra-nomada/,https://espaitexas.koobin.cat/ca/ombra-nomada-vosc-20261010-2030,2026-10-08T06:57:10.458064+00:00
Resident Evil,Resident Evil,2026,Zach Cregger,"Ciencia ficción, Suspense, Terror","Bryan, un mensajero médico, se ve atrapado inesperadamente en una noche de caos en la que la ciudad empieza a colapsar por una amenaza desconocida. Obligado a sobrevivir, deberá enfrentarse a una peligrosa carrera llena de acción mientras intenta escapar del horror que se desata a su alrededor.",https://es.web.img3.acsta.net/c_160_213/img/40/92/4092e505c00d28878024f17b01002c9c.jpg,https://www.filmaffinity.com/es/evideos.php?movie_id=579353,7.0,7.6,96.0,91.0,Cine Yelmo Westfield La Maquinista,2026-10-10T20:40:00+02:00,,,,Digital,,unknown,Tarifa variable; consultar el pase de La Maquinista,https://www.publicine.net/cartelera-cine/barcelona/yelmo-westfield-la-maquinista,https://cine.entradas.com/cine/barcelona/cine-yelmo-westfield-la-maquinista/evento/46658/resident-evil?mode=widget&change=0&ref=744,2026-10-08T06:58:01.153187+00:00
LA BOLA NEGRA,La bola negra,2026,"Javier Ambrossi, Javier Calvo",Drama,"ESTRENO EL VIERNES 25 DE SEPTIEMBRE. Las vidas interconectadas de tres hombres en tres épocas distintas. Tres existencias íntimamente ligadas por la sexualidad y el deseo, el dolor y la herencia; y una de las últimas obras, inacabada, de Federico García Lorca. Proyección en Dolby Atmos y 4K",https://phenomena-experience.com/obj/LCinesD_dat/eventos/JPg000fb.jpg,https://www.youtube.com/watch?v=nXkdGP4VVWI,,8.0,92.0,,Cinesa Diagonal,2026-10-10T20:45:00+02:00,,,,Digital,,unknown,"Tarifa variable; seleccionar cine, fecha y sesión",https://www.publicine.net/cartelera-cine/barcelona/cinesa-diagonal,https://web.cinesa.es/compra/butacas/?showtimeId=012-55509,2026-10-08T06:57:43.478267+00:00
LA BOLA NEGRA,La bola negra,2026,"Javier Ambrossi, Javier Calvo",Drama,"ESTRENO EL VIERNES 25 DE SEPTIEMBRE. Las vidas interconectadas de tres hombres en tres épocas distintas. Tres existencias íntimamente ligadas por la sexualidad y el deseo, el dolor y la herencia; y una de las últimas obras, inacabada, de Federico García Lorca. Proyección en Dolby Atmos y 4K",https://phenomena-experience.com/obj/LCinesD_dat/eventos/JPg000fb.jpg,https://www.youtube.com/watch?v=nXkdGP4VVWI,,8.0,92.0,,Cinesa Diagonal Mar,2026-10-10T20:45:00+02:00,,,,Digital,,unknown,"Tarifa variable; seleccionar cine, fecha y sesión",https://www.publicine.net/cartelera-cine/barcelona/cinesa-diagonal-mar,https://web.cinesa.es/compra/butacas/?showtimeId=032-59145,2026-10-08T06:57:49.911074+00:00
LA BOLA NEGRA,La bola negra,2026,"Javier Ambrossi, Javier Calvo",Drama,"ESTRENO EL VIERNES 25 DE SEPTIEMBRE. Las vidas interconectadas de tres hombres en tres épocas distintas. Tres existencias íntimamente ligadas por la sexualidad y el deseo, el dolor y la herencia; y una de las últimas obras, inacabada, de Federico García Lorca. Proyección en Dolby Atmos y 4K",https://phenomena-experience.com/obj/LCinesD_dat/eventos/JPg000fb.jpg,https://www.youtube.com/watch?v=nXkdGP4VVWI,,8.0,92.0,,Cinesa SOM Multiespai,2026-10-10T20:45:00+02:00,,,,Digital,,unknown,"Tarifa variable; seleccionar cine, fecha y sesión",https://www.publicine.net/cartelera-cine/barcelona/cinesa-som-multiespai-heron-city,https://web.cinesa.es/compra/butacas/?showtimeId=017-60907,2026-10-08T06:57:56.221234+00:00
Tasio,Tasio,1984,Montxo Armendáriz,Drama,"L’òpera prima de Montxo Armendáriz narra la vida de Tasio, un carboner navarrès obligat a treballar des de la infància per plantar cara a les dificultats econòmiques familiars.",https://pics.filmaffinity.com/tasio-579811390-large.jpg,https://www.filmaffinity.com/es/evideos.php?movie_id=524638,7.1,7.1,,,Filmoteca de Catalunya — Sales Chomón i Laya,2026-10-10T21:00:00+02:00,VO,,ca,DCP,,unknown,General 4€; reducida 3€; programación infantil 2€,https://www.filmoteca.cat/web/ca/film/tasio,https://euromus.cultura.gencat.cat/filmoteca/venda/index.jsp?lang=1&nom_cache=FILMOTECA&property=FILMOTECA&codiActiv=967&codiCicle=27,2026-10-08T06:57:13.210409+00:00
En el corazón de la bestia,Heart Of The Beast,2026,David Ayer,"Acción, Aventura","Un ex soldado herido y su perro militar luchan por sobrevivir en la naturaleza salvaje de Alaska. Enfrentando frío, soledad y peligros constantes, su vínculo será clave para regresar a casa.",https://es.web.img3.acsta.net/c_160_213/img/06/8b/068b23e941178cfd676278b44064f0e9.jpg,https://www.youtube.com/watch?v=Rh24D89hFMg,6.4,7.3,85.0,94.0,Cine Yelmo Westfield La Maquinista,2026-10-10T21:00:00+02:00,,,,Digital,,unknown,Tarifa variable; consultar el pase de La Maquinista,https://www.publicine.net/cartelera-cine/barcelona/yelmo-westfield-la-maquinista,https://cine.entradas.com/cine/barcelona/cine-yelmo-westfield-la-maquinista/evento/46571/en-el-corazon-de-la-bestia?mode=widget&change=0&ref=744,2026-10-08T06:58:01.153187+00:00
LA BOLA NEGRA,La bola negra,2026,"Javier Ambrossi, Javier Calvo",Drama,"ESTRENO EL VIERNES 25 DE SEPTIEMBRE. Las vidas interconectadas de tres hombres en tres épocas distintas. Tres existencias íntimamente ligadas por la sexualidad y el deseo, el dolor y la herencia; y una de las últimas obras, inacabada, de Federico García Lorca. Proyección en Dolby Atmos y 4K",https://phenomena-experience.com/obj/LCinesD_dat/eventos/JPg000fb.jpg,https://www.youtube.com/watch?v=nXkdGP4VVWI,,8.0,92.0,,Zumzeig Cinecooperativa,2026-10-10T21:00:00+02:00,VO,es,,,,unknown,"General 7,50€; miércoles no festivos 5,50€; reducida 6€; socias 4,50€",https://zumzeigcine.coop/cinema/films/la-bola-negra/,https://www.codetickets.com/portal/zumzeigcooperativa/online/37225/102029,2026-10-08T06:57:10.312018+00:00
Digger,Digger,2026,Alejandro González Iñárritu,"Acción, Comedia","El hombre más poderoso del mundo provoca un desastre que amenaza a la humanidad. Para redimirse, emprende una misión arriesgada con el objetivo de convertirse en su salvador.",https://es.web.img3.acsta.net/c_160_213/img/0f/c9/0fc9092d6e2afd046417684533c535c4.jpg,https://www.youtube.com/watch?v=xU2jWSsaWY0,6.4,,,,Cinesa Diagonal Mar,2026-10-10T21:10:00+02:00,VO,,es,,,unknown,"Tarifa variable; seleccionar cine, fecha y sesión",https://www.publicine.net/cartelera-cine/barcelona/cinesa-diagonal-mar,https://web.cinesa.es/compra/butacas/?showtimeId=032-59146,2026-10-08T06:57:49.911074+00:00
Vengadores Endgame: Encore,,,"Joe Russo, Anthony Russo","Aventuras, Fantástico","El grave curso de los acontecimientos puesto en marcha por Thanos, el Titán loco, obliga a los Vengadores y a sus aliados a tomar una última posición para restaurar el orden en el universo al precio que sea.",https://www.publicine.net/img/pel/full/16350f_vengadores-endgame-encore.webp,https://www.youtube.com/watch?v=kJeJTYHUtW0,,,,,Cine Yelmo Westfield La Maquinista,2026-10-10T21:15:00+02:00,,,,3D,,unknown,Tarifa variable; consultar el pase de La Maquinista,https://www.publicine.net/cartelera-cine/barcelona/yelmo-westfield-la-maquinista,https://cine.entradas.com/cine/barcelona/cine-yelmo-westfield-la-maquinista/evento/46557/vengadores-endgame-encore-infinity-vision?mode=widget&change=0&ref=744,2026-10-08T06:58:01.153187+00:00
Verity. La sombra de un engaño,Verity,2026,Michael Showalter,"Thriller, Drama","Lowen Ashleigh es contratada como escritora fantasma por Jeremy Crawford para escribir las novelas de su esposa Verity, autora de bestsellers, impedida tras un accidente. Lowen descubre las inquietantes verdades de Verity mientras reside en casa de los Crawford para trabajar. (FILMAFFINITY)",https://pics.filmaffinity.com/verity-273395489-large.jpg,https://www.filmaffinity.com/es/evideos.php?movie_id=740344,5.3,6.0,33.0,71.0,Cinesa Diagonal,2026-10-10T21:30:00+02:00,VO,,es,,,unknown,"Tarifa variable; seleccionar cine, fecha y sesión",https://www.publicine.net/cartelera-cine/barcelona/cinesa-diagonal,https://web.cinesa.es/compra/butacas/?showtimeId=012-55511,2026-10-08T06:57:43.478267+00:00
Verity. La sombra de un engaño,Verity,2026,Michael Showalter,"Thriller, Drama","Lowen Ashleigh es contratada como escritora fantasma por Jeremy Crawford para escribir las novelas de su esposa Verity, autora de bestsellers, impedida tras un accidente. Lowen descubre las inquietantes verdades de Verity mientras reside en casa de los Crawford para trabajar. (FILMAFFINITY)",https://pics.filmaffinity.com/verity-273395489-large.jpg,https://www.filmaffinity.com/es/evideos.php?movie_id=740344,5.3,6.0,33.0,71.0,Cinesa Diagonal Mar,2026-10-10T21:30:00+02:00,VO,,es,,,unknown,"Tarifa variable; seleccionar cine, fecha y sesión",https://www.publicine.net/cartelera-cine/barcelona/cinesa-diagonal-mar,https://web.cinesa.es/compra/butacas/?showtimeId=032-59148,2026-10-08T06:57:49.911074+00:00
En el corazón de la bestia,Heart Of The Beast,2026,David Ayer,"Acción, Aventura","Un ex soldado herido y su perro militar luchan por sobrevivir en la naturaleza salvaje de Alaska. Enfrentando frío, soledad y peligros constantes, su vínculo será clave para regresar a casa.",https://es.web.img3.acsta.net/c_160_213/img/06/8b/068b23e941178cfd676278b44064f0e9.jpg,https://www.youtube.com/watch?v=Rh24D89hFMg,6.4,7.3,85.0,94.0,Cinesa SOM Multiespai,2026-10-10T21:40:00+02:00,,,,Digital,,unknown,"Tarifa variable; seleccionar cine, fecha y sesión",https://www.publicine.net/cartelera-cine/barcelona/cinesa-som-multiespai-heron-city,https://web.cinesa.es/compra/butacas/?showtimeId=017-60911,2026-10-08T06:57:56.221234+00:00
LA BOLA NEGRA,La bola negra,2026,"Javier Ambrossi, Javier Calvo",Drama,"ESTRENO EL VIERNES 25 DE SEPTIEMBRE. Las vidas interconectadas de tres hombres en tres épocas distintas. Tres existencias íntimamente ligadas por la sexualidad y el deseo, el dolor y la herencia; y una de las últimas obras, inacabada, de Federico García Lorca. Proyección en Dolby Atmos y 4K",https://phenomena-experience.com/obj/LCinesD_dat/eventos/JPg000fb.jpg,https://www.youtube.com/watch?v=nXkdGP4VVWI,,8.0,92.0,,Cine Yelmo Westfield La Maquinista,2026-10-10T21:40:00+02:00,,,,Digital,,unknown,Tarifa variable; consultar el pase de La Maquinista,https://www.publicine.net/cartelera-cine/barcelona/yelmo-westfield-la-maquinista,https://cine.entradas.com/cine/barcelona/cine-yelmo-westfield-la-maquinista/evento/46556/la-bola-negra?mode=widget&change=0&ref=744,2026-10-08T06:58:01.153187+00:00
LA BOLA NEGRA,La bola negra,2026,"Javier Ambrossi, Javier Calvo",Drama,"ESTRENO EL VIERNES 25 DE SEPTIEMBRE. Las vidas interconectadas de tres hombres en tres épocas distintas. Tres existencias íntimamente ligadas por la sexualidad y el deseo, el dolor y la herencia; y una de las últimas obras, inacabada, de Federico García Lorca. Proyección en Dolby Atmos y 4K",https://phenomena-experience.com/obj/LCinesD_dat/eventos/JPg000fb.jpg,https://www.youtube.com/watch?v=nXkdGP4VVWI,,8.0,92.0,,Cinesa Diagonal,2026-10-10T21:45:00+02:00,,,,Digital,,unknown,"Tarifa variable; seleccionar cine, fecha y sesión",https://www.publicine.net/cartelera-cine/barcelona/cinesa-diagonal,https://web.cinesa.es/compra/butacas/?showtimeId=012-55334,2026-10-08T06:57:43.478267+00:00
LA BOLA NEGRA,La bola negra,2026,"Javier Ambrossi, Javier Calvo",Drama,"ESTRENO EL VIERNES 25 DE SEPTIEMBRE. Las vidas interconectadas de tres hombres en tres épocas distintas. Tres existencias íntimamente ligadas por la sexualidad y el deseo, el dolor y la herencia; y una de las últimas obras, inacabada, de Federico García Lorca. Proyección en Dolby Atmos y 4K",https://phenomena-experience.com/obj/LCinesD_dat/eventos/JPg000fb.jpg,https://www.youtube.com/watch?v=nXkdGP4VVWI,,8.0,92.0,,Cinesa Diagonal Mar,2026-10-10T21:45:00+02:00,,,,Digital,,unknown,"Tarifa variable; seleccionar cine, fecha y sesión",https://www.publicine.net/cartelera-cine/barcelona/cinesa-diagonal-mar,https://web.cinesa.es/compra/butacas/?showtimeId=032-58962,2026-10-08T06:57:49.911074+00:00
LA BOLA NEGRA,La bola negra,2026,"Javier Ambrossi, Javier Calvo",Drama,"ESTRENO EL VIERNES 25 DE SEPTIEMBRE. Las vidas interconectadas de tres hombres en tres épocas distintas. Tres existencias íntimamente ligadas por la sexualidad y el deseo, el dolor y la herencia; y una de las últimas obras, inacabada, de Federico García Lorca. Proyección en Dolby Atmos y 4K",https://phenomena-experience.com/obj/LCinesD_dat/eventos/JPg000fb.jpg,https://www.youtube.com/watch?v=nXkdGP4VVWI,,8.0,92.0,,Cinesa SOM Multiespai,2026-10-10T21:45:00+02:00,,,,Digital,,unknown,"Tarifa variable; seleccionar cine, fecha y sesión",https://www.publicine.net/cartelera-cine/barcelona/cinesa-som-multiespai-heron-city,https://web.cinesa.es/compra/butacas/?showtimeId=017-60725,2026-10-08T06:57:56.221234+00:00
La Odisea,The Odyssey,2026,Christopher Nolan,"Acción, Fantasía","Tras la guerra de Troya, Odiseo se enfrenta un peligroso viaje de 10 años para regresar a Ítaca, superando dioses, monstruos y desafíos épicos. Mientras tanto, su esposa Penélope resiste a los pretendientes que amenazan su reino.",https://es.web.img3.acsta.net/c_160_213/img/1a/23/1a238e79ea26da69c2ff751c232c60e3.png,https://www.youtube.com/watch?v=NUIIc9gZOcQ,7.6,8.4,,,Cinesa Diagonal Mar,2026-10-10T21:50:00+02:00,,,,IMAX,,unknown,"Tarifa variable; seleccionar cine, fecha y sesión",https://www.publicine.net/cartelera-cine/barcelona/cinesa-diagonal-mar,https://web.cinesa.es/compra/butacas/?showtimeId=032-59128,2026-10-08T06:57:49.911074+00:00
Verity. La sombra de un engaño,Verity,2026,Michael Showalter,"Thriller, Drama","Lowen Ashleigh es contratada como escritora fantasma por Jeremy Crawford para escribir las novelas de su esposa Verity, autora de bestsellers, impedida tras un accidente. Lowen descubre las inquietantes verdades de Verity mientras reside en casa de los Crawford para trabajar. (FILMAFFINITY)",https://pics.filmaffinity.com/verity-273395489-large.jpg,https://www.filmaffinity.com/es/evideos.php?movie_id=740344,5.3,6.0,33.0,71.0,Cinesa SOM Multiespai,2026-10-10T21:50:00+02:00,,,,Digital,,unknown,"Tarifa variable; seleccionar cine, fecha y sesión",https://www.publicine.net/cartelera-cine/barcelona/cinesa-som-multiespai-heron-city,https://web.cinesa.es/compra/butacas/?showtimeId=017-60912,2026-10-08T06:57:56.221234+00:00
En el corazón de la bestia,Heart Of The Beast,2026,David Ayer,"Acción, Aventura","Un ex soldado herido y su perro militar luchan por sobrevivir en la naturaleza salvaje de Alaska. Enfrentando frío, soledad y peligros constantes, su vínculo será clave para regresar a casa.",https://es.web.img3.acsta.net/c_160_213/img/06/8b/068b23e941178cfd676278b44064f0e9.jpg,https://www.youtube.com/watch?v=Rh24D89hFMg,6.4,7.3,85.0,94.0,Cinesa Diagonal,2026-10-10T22:00:00+02:00,VO,,es,,,unknown,"Tarifa variable; seleccionar cine, fecha y sesión",https://www.publicine.net/cartelera-cine/barcelona/cinesa-diagonal,https://web.cinesa.es/compra/butacas/?showtimeId=012-55513,2026-10-08T06:57:43.478267+00:00
En el corazón de la bestia,Heart Of The Beast,2026,David Ayer,"Acción, Aventura","Un ex soldado herido y su perro militar luchan por sobrevivir en la naturaleza salvaje de Alaska. Enfrentando frío, soledad y peligros constantes, su vínculo será clave para regresar a casa.",https://es.web.img3.acsta.net/c_160_213/img/06/8b/068b23e941178cfd676278b44064f0e9.jpg,https://www.youtube.com/watch?v=Rh24D89hFMg,6.4,7.3,85.0,94.0,Cinesa Diagonal Mar,2026-10-10T22:00:00+02:00,,,,Digital,,unknown,"Tarifa variable; seleccionar cine, fecha y sesión",https://www.publicine.net/cartelera-cine/barcelona/cinesa-diagonal-mar,https://web.cinesa.es/compra/butacas/?showtimeId=032-59150,2026-10-08T06:57:49.911074+00:00
Digger,Digger,2026,Alejandro González Iñárritu,"Acción, Comedia","El hombre más poderoso del mundo provoca un desastre que amenaza a la humanidad. Para redimirse, emprende una misión arriesgada con el objetivo de convertirse en su salvador.",https://es.web.img3.acsta.net/c_160_213/img/0f/c9/0fc9092d6e2afd046417684533c535c4.jpg,https://www.youtube.com/watch?v=xU2jWSsaWY0,6.4,,,,Cinesa SOM Multiespai,2026-10-10T22:00:00+02:00,VO,,es,,,unknown,"Tarifa variable; seleccionar cine, fecha y sesión",https://www.publicine.net/cartelera-cine/barcelona/cinesa-som-multiespai-heron-city,https://web.cinesa.es/compra/butacas/?showtimeId=017-60905,2026-10-08T06:57:56.221234+00:00
QUEEN BUDAPEST,Varázslat: A Queen Budapesten,1986,János Zsombolyai,"Documentary, Musical","El 27 de julio de 1986, Queen dio el concierto en estadio más grande de la historia en el Népstadion de Budapest, frente a 80,000 fans eufóricos. El concierto fue parte de la famosa gira Magic Tour, que fue la última vez que la banda salió de gira con el cantante principal, Freddie Mercury. Ahora, esta película original del concierto ha sido reescaneada y remasterizada de manera espectacular en 4K, junto con una nueva y dinámica mezcla de audio, que incluye muchas de las canciones favoritas de Queen: Bohemian Rhapsody, Crazy Little Thing Called Love, I Want To Break Free y We Are The Champions. A tres años de la caída del Muro de Berlín, este fue el primer concierto de rock occidental que se hizo en un estadio detrás de lo que entonces se conocía como la Cortina de Hierro. Fue tan importante para las autoridades húngaras y la industria cinematográfica que se reunió a un grupo de los mejores camarógrafos y técnicos del país para grabarlo y conservarlo como un recuerdo para el futuro. Proyección en Dolby Atmos, 4K y VOSE",https://phenomena-experience.com/obj/LCinesD_dat/eventos/JPg000fi.jpg,,,8.6,,,Cinemes Girona,2026-10-10T22:00:00+02:00,VO,en,es,,12.0,published,Lun./mar./jue. 7€; miércoles 5€; vie./sáb./dom. 9€; Atmos +1€,https://www.cinemesgirona.cat/queen-hungarian-rhapsody-live-in-budapest,https://girona.admit-one.eu/?p=tickets&perfCode=40425&language=CAT,2026-09-15T09:45:19.894000+02:00
Verity. La sombra de un engaño,Verity,2026,Michael Showalter,"Thriller, Drama","Lowen Ashleigh es contratada como escritora fantasma por Jeremy Crawford para escribir las novelas de su esposa Verity, autora de bestsellers, impedida tras un accidente. Lowen descubre las inquietantes verdades de Verity mientras reside en casa de los Crawford para trabajar. (FILMAFFINITY)",https://pics.filmaffinity.com/verity-273395489-large.jpg,https://www.filmaffinity.com/es/evideos.php?movie_id=740344,5.3,6.0,33.0,71.0,Cine Yelmo Westfield La Maquinista,2026-10-10T22:20:00+02:00,,,,Digital,,unknown,Tarifa variable; consultar el pase de La Maquinista,https://www.publicine.net/cartelera-cine/barcelona/yelmo-westfield-la-maquinista,https://cine.entradas.com/cine/barcelona/cine-yelmo-westfield-la-maquinista/evento/46650/verity-la-sombra-de-un-engano?mode=widget&change=0&ref=744,2026-10-08T06:58:01.153187+00:00
Digger,Digger,2026,Alejandro González Iñárritu,"Acción, Comedia","El hombre más poderoso del mundo provoca un desastre que amenaza a la humanidad. Para redimirse, emprende una misión arriesgada con el objetivo de convertirse en su salvador.",https://es.web.img3.acsta.net/c_160_213/img/0f/c9/0fc9092d6e2afd046417684533c535c4.jpg,https://www.youtube.com/watch?v=xU2jWSsaWY0,6.4,,,,Cinesa Diagonal,2026-10-10T22:25:00+02:00,VO,,es,,,unknown,"Tarifa variable; seleccionar cine, fecha y sesión",https://www.publicine.net/cartelera-cine/barcelona/cinesa-diagonal,https://web.cinesa.es/compra/butacas/?showtimeId=012-55516,2026-10-08T06:57:43.478267+00:00
Resident Evil,Resident Evil,2026,Zach Cregger,"Ciencia ficción, Suspense, Terror","Bryan, un mensajero médico, se ve atrapado inesperadamente en una noche de caos en la que la ciudad empieza a colapsar por una amenaza desconocida. Obligado a sobrevivir, deberá enfrentarse a una peligrosa carrera llena de acción mientras intenta escapar del horror que se desata a su alrededor.",https://es.web.img3.acsta.net/c_160_213/img/40/92/4092e505c00d28878024f17b01002c9c.jpg,https://www.filmaffinity.com/es/evideos.php?movie_id=579353,7.0,7.6,96.0,91.0,Cinesa SOM Multiespai,2026-10-10T22:25:00+02:00,,,,Digital,,unknown,"Tarifa variable; seleccionar cine, fecha y sesión",https://www.publicine.net/cartelera-cine/barcelona/cinesa-som-multiespai-heron-city,https://web.cinesa.es/compra/butacas/?showtimeId=017-60914,2026-10-08T06:57:56.221234+00:00
QUEEN BUDAPEST,Varázslat: A Queen Budapesten,1986,János Zsombolyai,"Documentary, Musical","El 27 de julio de 1986, Queen dio el concierto en estadio más grande de la historia en el Népstadion de Budapest, frente a 80,000 fans eufóricos. El concierto fue parte de la famosa gira Magic Tour, que fue la última vez que la banda salió de gira con el cantante principal, Freddie Mercury. Ahora, esta película original del concierto ha sido reescaneada y remasterizada de manera espectacular en 4K, junto con una nueva y dinámica mezcla de audio, que incluye muchas de las canciones favoritas de Queen: Bohemian Rhapsody, Crazy Little Thing Called Love, I Want To Break Free y We Are The Champions. A tres años de la caída del Muro de Berlín, este fue el primer concierto de rock occidental que se hizo en un estadio detrás de lo que entonces se conocía como la Cortina de Hierro. Fue tan importante para las autoridades húngaras y la industria cinematográfica que se reunió a un grupo de los mejores camarógrafos y técnicos del país para grabarlo y conservarlo como un recuerdo para el futuro. Proyección en Dolby Atmos, 4K y VOSE",https://phenomena-experience.com/obj/LCinesD_dat/eventos/JPg000fi.jpg,,,8.6,,,Cinemes Verdi + Verdi Park,2026-10-10T22:30:00+02:00,VO,en,es,,10.0,published,"Lunes 5,90€; martes–viernes 8,50€; sábados, domingos y festivos 10€",https://barcelona.cines-verdi.com/queen-budapest,https://verdibcn.admit-one.eu/seats/219762/,2026-09-14T21:23:44.125000+02:00
Digger,Digger,2026,Alejandro González Iñárritu,"Acción, Comedia","El hombre más poderoso del mundo provoca un desastre que amenaza a la humanidad. Para redimirse, emprende una misión arriesgada con el objetivo de convertirse en su salvador.",https://es.web.img3.acsta.net/c_160_213/img/0f/c9/0fc9092d6e2afd046417684533c535c4.jpg,https://www.youtube.com/watch?v=xU2jWSsaWY0,6.4,,,,Cine Yelmo Westfield La Maquinista,2026-10-10T22:30:00+02:00,,,,Digital,,unknown,Tarifa variable; consultar el pase de La Maquinista,https://www.publicine.net/cartelera-cine/barcelona/yelmo-westfield-la-maquinista,https://www.publicine.net/venda/16322/59/aHR0cHM6Ly9jaW5lLmVudHJhZGFzLmNvbS9jaW5lL2JhcmNlbG9uYS9jaW5lLXllbG1vLXdlc3RmaWVsZC1sYS1tYXF1aW5pc3RhL2V2ZW50by80NjU2OC9kaWdnZXI/bW9kZT13aWRnZXQmY2hhbmdlPTAmcmVmPTc0NA,2026-10-08T06:58:01.153187+00:00
Queen Budapest,,2012,János Zsombolyai,"Documental, Musical","El 27 de julio de 1986, el grupo Queen se presentó en el Népstadion de Budapest frente a 80,000 fans muy exaltados; un concierto que ahora está totalmente remasterizado en 4K con una nueva y potente mezcla de audio.",https://pics.filmaffinity.com/hungarian_rhapsody_queen_live_in_budapest_86-625888307-large.jpg,https://www.youtube.com/watch?v=DYdPhqkw0pU,,,83.0,95.0,Cinesa Diagonal Mar,2026-10-10T22:35:00+02:00,VO,,es,,,unknown,"Tarifa variable; seleccionar cine, fecha y sesión",https://www.publicine.net/cartelera-cine/barcelona/cinesa-diagonal-mar,https://web.cinesa.es/compra/butacas/?showtimeId=032-57232,2026-10-08T06:57:49.911074+00:00
Resident Evil,Resident Evil,2026,Zach Cregger,"Ciencia ficción, Suspense, Terror","Bryan, un mensajero médico, se ve atrapado inesperadamente en una noche de caos en la que la ciudad empieza a colapsar por una amenaza desconocida. Obligado a sobrevivir, deberá enfrentarse a una peligrosa carrera llena de acción mientras intenta escapar del horror que se desata a su alrededor.",https://es.web.img3.acsta.net/c_160_213/img/40/92/4092e505c00d28878024f17b01002c9c.jpg,https://www.filmaffinity.com/es/evideos.php?movie_id=579353,7.0,7.6,96.0,91.0,Cinesa Diagonal,2026-10-10T22:40:00+02:00,VO,,es,,,unknown,"Tarifa variable; seleccionar cine, fecha y sesión",https://www.publicine.net/cartelera-cine/barcelona/cinesa-diagonal,https://web.cinesa.es/compra/butacas/?showtimeId=012-55518,2026-10-08T06:57:43.478267+00:00
Resident Evil,Resident Evil,2026,Zach Cregger,"Ciencia ficción, Suspense, Terror","Bryan, un mensajero médico, se ve atrapado inesperadamente en una noche de caos en la que la ciudad empieza a colapsar por una amenaza desconocida. Obligado a sobrevivir, deberá enfrentarse a una peligrosa carrera llena de acción mientras intenta escapar del horror que se desata a su alrededor.",https://es.web.img3.acsta.net/c_160_213/img/40/92/4092e505c00d28878024f17b01002c9c.jpg,https://www.filmaffinity.com/es/evideos.php?movie_id=579353,7.0,7.6,96.0,91.0,Cine Yelmo Westfield La Maquinista,2026-10-10T22:40:00+02:00,,,,Digital,,unknown,Tarifa variable; consultar el pase de La Maquinista,https://www.publicine.net/cartelera-cine/barcelona/yelmo-westfield-la-maquinista,https://cine.entradas.com/cine/barcelona/cine-yelmo-westfield-la-maquinista/evento/46659/resident-evil?mode=widget&change=0&ref=744,2026-10-08T06:58:01.153187+00:00
DRIVE,Drive,2011,Nicolas Winding Refn,Thriller,"Un joven se gana la vida trabajando en un taller por el día y prestando sus habilidades como conductor de noche, al servicio de ladrones y criminales que le contratan para garantizar una huida rápida. Su vida cambiará cuando conozca a Irene, su vecina, una joven que que tiene un niño pequeño y cuyo marido está en la cárcel. Proyección en 4K y VOSE",https://phenomena-experience.com/obj/LCinesD_dat/eventos/JPg000bf.jpg,https://www.filmaffinity.com/es/evideos.php?movie_id=832415,7.2,7.8,93.0,79.0,Phenomena Experience,2026-10-10T23:00:00+02:00,VO,,es,4K,11.0,published,Precio según pase; consultar la ficha de la película,https://phenomena-experience.com/index?pag=cartelera,https://www.reservaentradas.com/entrada/barcelona/phenomenaexperience/drive-proyeccion-en-4k-y-vose/13584/,2026-10-08T06:57:05.017772+00:00
Insidious. Fuera Del Más Allá,Insidious: Out of the Further,2026,Jacob Chase,Terror,"Gemma, una joven madre, descubre que puede viajar a un oscuro plano espiritual y traer entidades de vuelta al mundo real. Cuando fuerzas malignas detectan su poder, convierten la realidad en su terreno para desatar el caos.",https://www.publicine.net/img/pel/full/16457f_insidious-fuera-del-mas-alla.webp,https://www.youtube.com/watch?v=qAv9sb9DmJQ,5.5,6.1,57.0,68.0,Cine Yelmo Westfield La Maquinista,2026-10-10T23:00:00+02:00,,,,Digital,,unknown,Tarifa variable; consultar el pase de La Maquinista,https://www.publicine.net/cartelera-cine/barcelona/yelmo-westfield-la-maquinista,https://cine.entradas.com/cine/barcelona/cine-yelmo-westfield-la-maquinista/evento/46567/insidious-fuera-del-mas-alla?mode=widget&change=0&ref=744,2026-10-08T06:58:01.153187+00:00
En el corazón de la bestia,Heart Of The Beast,2026,David Ayer,"Acción, Aventura","Un ex soldado herido y su perro militar luchan por sobrevivir en la naturaleza salvaje de Alaska. Enfrentando frío, soledad y peligros constantes, su vínculo será clave para regresar a casa.",https://es.web.img3.acsta.net/c_160_213/img/06/8b/068b23e941178cfd676278b44064f0e9.jpg,https://www.youtube.com/watch?v=Rh24D89hFMg,6.4,7.3,85.0,94.0,Cine Yelmo Westfield La Maquinista,2026-10-10T23:15:00+02:00,,,,Digital,,unknown,Tarifa variable; consultar el pase de La Maquinista,https://www.publicine.net/cartelera-cine/barcelona/yelmo-westfield-la-maquinista,https://cine.entradas.com/cine/barcelona/cine-yelmo-westfield-la-maquinista/evento/46566/en-el-corazon-de-la-bestia?mode=widget&change=0&ref=744,2026-10-08T06:58:01.153187+00:00
Resident Evil,Resident Evil,2026,Zach Cregger,"Ciencia ficción, Suspense, Terror","Bryan, un mensajero médico, se ve atrapado inesperadamente en una noche de caos en la que la ciudad empieza a colapsar por una amenaza desconocida. Obligado a sobrevivir, deberá enfrentarse a una peligrosa carrera llena de acción mientras intenta escapar del horror que se desata a su alrededor.",https://es.web.img3.acsta.net/c_160_213/img/40/92/4092e505c00d28878024f17b01002c9c.jpg,https://www.filmaffinity.com/es/evideos.php?movie_id=579353,7.0,7.6,96.0,91.0,Cine Yelmo Westfield La Maquinista,2026-10-10T23:20:00+02:00,,,,Digital,,unknown,Tarifa variable; consultar el pase de La Maquinista,https://www.publicine.net/cartelera-cine/barcelona/yelmo-westfield-la-maquinista,https://cine.entradas.com/cine/barcelona/cine-yelmo-westfield-la-maquinista/evento/46565/resident-evil?mode=widget&change=0&ref=744,2026-10-08T06:58:01.153187+00:00
La Odisea,The Odyssey,2026,Christopher Nolan,"Acción, Fantasía","Tras la guerra de Troya, Odiseo se enfrenta un peligroso viaje de 10 años para regresar a Ítaca, superando dioses, monstruos y desafíos épicos. Mientras tanto, su esposa Penélope resiste a los pretendientes que amenazan su reino.",https://es.web.img3.acsta.net/c_160_213/img/1a/23/1a238e79ea26da69c2ff751c232c60e3.png,https://www.youtube.com/watch?v=NUIIc9gZOcQ,7.6,8.4,,,Cinesa Diagonal Mar,2026-10-11T11:40:00+02:00,,,,IMAX,,unknown,"Tarifa variable; seleccionar cine, fecha y sesión",https://www.publicine.net/cartelera-cine/barcelona/cinesa-diagonal-mar,https://web.cinesa.es/compra/butacas/?showtimeId=032-59166,2026-10-08T06:57:49.911074+00:00
Tadeo Jones Y La Lámpara Maravillosa,Tadeo Jones y la lámpara maravillosa,2026,Enrique Gato,"Animación, Aventuras","Tadeo y Sara deben impedir que Momia, celoso de haber perdido protagonismo, altere la historia tras viajar al pasado. Su aventura los lleva desde Londres hasta Paititi, Grecia y la cueva de Alí Babá, para devolver al grupo a su época.",https://www.publicine.net/img/pel/full/16440f_tadeo-jones-y-la-lampara-maravillosa.webp,https://www.youtube.com/watch?v=a7IDTIIFNSo,6.1,6.5,,,Cine Yelmo Westfield La Maquinista,2026-10-11T11:55:00+02:00,,,,Digital,,unknown,Tarifa variable; consultar el pase de La Maquinista,https://www.publicine.net/cartelera-cine/barcelona/yelmo-westfield-la-maquinista,https://www.publicine.net/venda/16440/59/aHR0cHM6Ly9jaW5lLmVudHJhZGFzLmNvbS9jaW5lL2JhcmNlbG9uYS9jaW5lLXllbG1vLXdlc3RmaWVsZC1sYS1tYXF1aW5pc3RhL2V2ZW50by80NjY3MS90YWRlby1qb25lcy15LWxhLWxhbXBhcmEtbWFyYXZpbGxvc2E/bW9kZT13aWRnZXQmY2hhbmdlPTAmcmVmPTc0NA,2026-10-08T06:58:01.153187+00:00
LA BOLA NEGRA,La bola negra,2026,"Javier Ambrossi, Javier Calvo",Drama,"ESTRENO EL VIERNES 25 DE SEPTIEMBRE. Las vidas interconectadas de tres hombres en tres épocas distintas. Tres existencias íntimamente ligadas por la sexualidad y el deseo, el dolor y la herencia; y una de las últimas obras, inacabada, de Federico García Lorca. Proyección en Dolby Atmos y 4K",https://phenomena-experience.com/obj/LCinesD_dat/eventos/JPg000fb.jpg,https://www.youtube.com/watch?v=nXkdGP4VVWI,,8.0,92.0,,Cinesa Diagonal Mar,2026-10-11T12:00:00+02:00,,,,Digital,,unknown,"Tarifa variable; seleccionar cine, fecha y sesión",https://www.publicine.net/cartelera-cine/barcelona/cinesa-diagonal-mar,https://web.cinesa.es/compra/butacas/?showtimeId=032-59169,2026-10-08T06:57:49.911074+00:00
LA BOLA NEGRA,La bola negra,2026,"Javier Ambrossi, Javier Calvo",Drama,"ESTRENO EL VIERNES 25 DE SEPTIEMBRE. Las vidas interconectadas de tres hombres en tres épocas distintas. Tres existencias íntimamente ligadas por la sexualidad y el deseo, el dolor y la herencia; y una de las últimas obras, inacabada, de Federico García Lorca. Proyección en Dolby Atmos y 4K",https://phenomena-experience.com/obj/LCinesD_dat/eventos/JPg000fb.jpg,https://www.youtube.com/watch?v=nXkdGP4VVWI,,8.0,92.0,,Cinesa SOM Multiespai,2026-10-11T12:00:00+02:00,,,,Digital,,unknown,"Tarifa variable; seleccionar cine, fecha y sesión",https://www.publicine.net/cartelera-cine/barcelona/cinesa-som-multiespai-heron-city,https://web.cinesa.es/compra/butacas/?showtimeId=017-60946,2026-10-08T06:57:56.221234+00:00
LA BOLA NEGRA,La bola negra,2026,"Javier Ambrossi, Javier Calvo",Drama,"ESTRENO EL VIERNES 25 DE SEPTIEMBRE. Las vidas interconectadas de tres hombres en tres épocas distintas. Tres existencias íntimamente ligadas por la sexualidad y el deseo, el dolor y la herencia; y una de las últimas obras, inacabada, de Federico García Lorca. Proyección en Dolby Atmos y 4K",https://phenomena-experience.com/obj/LCinesD_dat/eventos/JPg000fb.jpg,https://www.youtube.com/watch?v=nXkdGP4VVWI,,8.0,92.0,,Cinesa Diagonal,2026-10-11T12:05:00+02:00,,,,Digital,,unknown,"Tarifa variable; seleccionar cine, fecha y sesión",https://www.publicine.net/cartelera-cine/barcelona/cinesa-diagonal,https://web.cinesa.es/compra/butacas/?showtimeId=012-55566,2026-10-08T06:57:43.478267+00:00
LA BOLA NEGRA,La bola negra,2026,"Javier Ambrossi, Javier Calvo",Drama,"ESTRENO EL VIERNES 25 DE SEPTIEMBRE. Las vidas interconectadas de tres hombres en tres épocas distintas. Tres existencias íntimamente ligadas por la sexualidad y el deseo, el dolor y la herencia; y una de las últimas obras, inacabada, de Federico García Lorca. Proyección en Dolby Atmos y 4K",https://phenomena-experience.com/obj/LCinesD_dat/eventos/JPg000fb.jpg,https://www.youtube.com/watch?v=nXkdGP4VVWI,,8.0,92.0,,Cine Yelmo Westfield La Maquinista,2026-10-11T12:05:00+02:00,,,,Digital,,unknown,Tarifa variable; consultar el pase de La Maquinista,https://www.publicine.net/cartelera-cine/barcelona/yelmo-westfield-la-maquinista,https://cine.entradas.com/cine/barcelona/cine-yelmo-westfield-la-maquinista/evento/46678/la-bola-negra?mode=widget&change=0&ref=744,2026-10-08T06:58:01.153187+00:00
Verity. La sombra de un engaño,Verity,2026,Michael Showalter,"Thriller, Drama","Lowen Ashleigh es contratada como escritora fantasma por Jeremy Crawford para escribir las novelas de su esposa Verity, autora de bestsellers, impedida tras un accidente. Lowen descubre las inquietantes verdades de Verity mientras reside en casa de los Crawford para trabajar. (FILMAFFINITY)",https://pics.filmaffinity.com/verity-273395489-large.jpg,https://www.filmaffinity.com/es/evideos.php?movie_id=740344,5.3,6.0,33.0,71.0,Cinesa Diagonal Mar,2026-10-11T12:10:00+02:00,VO,,es,,,unknown,"Tarifa variable; seleccionar cine, fecha y sesión",https://www.publicine.net/cartelera-cine/barcelona/cinesa-diagonal-mar,https://web.cinesa.es/compra/butacas/?showtimeId=032-59200,2026-10-08T06:57:49.911074+00:00
En el corazón de la bestia,Heart Of The Beast,2026,David Ayer,"Acción, Aventura","Un ex soldado herido y su perro militar luchan por sobrevivir en la naturaleza salvaje de Alaska. Enfrentando frío, soledad y peligros constantes, su vínculo será clave para regresar a casa.",https://es.web.img3.acsta.net/c_160_213/img/06/8b/068b23e941178cfd676278b44064f0e9.jpg,https://www.youtube.com/watch?v=Rh24D89hFMg,6.4,7.3,85.0,94.0,Cinesa Diagonal Mar,2026-10-11T12:10:00+02:00,,,,Digital,,unknown,"Tarifa variable; seleccionar cine, fecha y sesión",https://www.publicine.net/cartelera-cine/barcelona/cinesa-diagonal-mar,https://web.cinesa.es/compra/butacas/?showtimeId=032-59205,2026-10-08T06:57:49.911074+00:00
Digger,Digger,2026,Alejandro González Iñárritu,"Acción, Comedia","El hombre más poderoso del mundo provoca un desastre que amenaza a la humanidad. Para redimirse, emprende una misión arriesgada con el objetivo de convertirse en su salvador.",https://es.web.img3.acsta.net/c_160_213/img/0f/c9/0fc9092d6e2afd046417684533c535c4.jpg,https://www.youtube.com/watch?v=xU2jWSsaWY0,6.4,,,,Cinesa SOM Multiespai,2026-10-11T12:10:00+02:00,VO,,es,,,unknown,"Tarifa variable; seleccionar cine, fecha y sesión",https://www.publicine.net/cartelera-cine/barcelona/cinesa-som-multiespai-heron-city,https://web.cinesa.es/compra/butacas/?showtimeId=017-60944,2026-10-08T06:57:56.221234+00:00
La Llegenda De La Balena Cantaire,,2026,"Reza Memari, Pavel Hrubos, Steven Majaury","Animación, Infantil","En Vincent és una balena geperuda adolescent que ha quedat òrfena. Fill de l’últim Cantor de Balenes, que protegia els oceans amb el seu cant màgic, viu angoixat per la pèrdua dels pares i dubta de les seves pròpies habilitats. Quan el monstruós Leviatan escapa d’un iceberg fosc i comença a amenaçar tota la vida marina amb la seva tinta verinosa, en Vincent ha de trobar el seu propi cant per aturar-lo. Però, aclaparat per la inseguretat, s’embarca en un perillós viatge cap a les profunditats del mar per a rescatar els seus pares del mític Estany Estel·lar, amb l’esperança que sigui el pare qui derroti el Leviatan. Acompanyat d’en Walter, un peix rèmora molt primmirat que li fa de mainadera, i de la Darya, una valenta orca sorda, en Vincent haurà d’afrontar les seves pors i descobrir el seu propi cant per a salvar els oceans.",https://www.publicine.net/img/pel/full/16312f_la-llegenda-de-la-balena-cantaire-cat.webp,https://www.youtube.com/watch?v=kDFRJy0uDA4,,,,,Cinesa Diagonal,2026-10-11T12:20:00+02:00,,ca,,,,unknown,"Tarifa variable; seleccionar cine, fecha y sesión",https://www.publicine.net/cartelera-cine/barcelona/cinesa-diagonal,https://web.cinesa.es/compra/butacas/?showtimeId=012-55537,2026-10-08T06:57:43.478267+00:00
Verity. La sombra de un engaño,Verity,2026,Michael Showalter,"Thriller, Drama","Lowen Ashleigh es contratada como escritora fantasma por Jeremy Crawford para escribir las novelas de su esposa Verity, autora de bestsellers, impedida tras un accidente. Lowen descubre las inquietantes verdades de Verity mientras reside en casa de los Crawford para trabajar. (FILMAFFINITY)",https://pics.filmaffinity.com/verity-273395489-large.jpg,https://www.filmaffinity.com/es/evideos.php?movie_id=740344,5.3,6.0,33.0,71.0,Cinesa SOM Multiespai,2026-10-11T12:30:00+02:00,,,,Digital,,unknown,"Tarifa variable; seleccionar cine, fecha y sesión",https://www.publicine.net/cartelera-cine/barcelona/cinesa-som-multiespai-heron-city,https://web.cinesa.es/compra/butacas/?showtimeId=017-60948,2026-10-08T06:57:56.221234+00:00
La isla olvidada,Forgotten Island,2026,"Joel Crawford , Januel P. Mercado","Animación, Aventura, Comedia",Un grupo de personajes se encuentra en una isla mágica de la mitología filipina que había permanecido olvidada durante mucho tiempo.,https://es.web.img2.acsta.net/c_160_213/img/ee/16/ee161d327f52a9e974075b7c17d32d10.jpg,https://www.youtube.com/watch?v=2NNDuXJ7C7E,,7.8,95.0,95.0,Cine Yelmo Westfield La Maquinista,2026-10-11T12:30:00+02:00,,,,Digital,,unknown,Tarifa variable; consultar el pase de La Maquinista,https://www.publicine.net/cartelera-cine/barcelona/yelmo-westfield-la-maquinista,https://cine.entradas.com/cine/barcelona/cine-yelmo-westfield-la-maquinista/evento/46684/la-isla-olvidada?mode=widget&change=0&ref=744,2026-10-08T06:58:01.153187+00:00
Tadeo Jones Y La Lámpara Maravillosa,Tadeo Jones y la lámpara maravillosa,2026,Enrique Gato,"Animación, Aventuras","Tadeo y Sara deben impedir que Momia, celoso de haber perdido protagonismo, altere la historia tras viajar al pasado. Su aventura los lleva desde Londres hasta Paititi, Grecia y la cueva de Alí Babá, para devolver al grupo a su época.",https://www.publicine.net/img/pel/full/16440f_tadeo-jones-y-la-lampara-maravillosa.webp,https://www.youtube.com/watch?v=a7IDTIIFNSo,6.1,6.5,,,Cine Yelmo Westfield La Maquinista,2026-10-11T12:35:00+02:00,,,,Digital,,unknown,Tarifa variable; consultar el pase de La Maquinista,https://www.publicine.net/cartelera-cine/barcelona/yelmo-westfield-la-maquinista,https://www.publicine.net/venda/16440/59/aHR0cHM6Ly9jaW5lLmVudHJhZGFzLmNvbS9jaW5lL2JhcmNlbG9uYS9jaW5lLXllbG1vLXdlc3RmaWVsZC1sYS1tYXF1aW5pc3RhL2V2ZW50by80NjY2NC90YWRlby1qb25lcy15LWxhLWxhbXBhcmEtbWFyYXZpbGxvc2E/bW9kZT13aWRnZXQmY2hhbmdlPTAmcmVmPTc0NA,2026-10-08T06:58:01.153187+00:00
Spider-Man. Brand New Day,Spider-Man: Brand New Day,2026,Destin Daniel Cretton,"Acción, Aventuras, Fantástico","Tras cuatro años en el anonimato, Peter Parker vive aislado y dedicado por completo a proteger una Nueva York que ya no recuerda quién es Spider-Man. La creciente presión desata una peligrosa transformación en él mientras surge una nueva y poderosa amenaza criminal.",https://www.publicine.net/img/pel/full/16532f_spider-man-brand-new-day.webp,https://www.filmaffinity.com/es/evideos.php?movie_id=437038,,8.0,90.0,97.0,Cine Yelmo Westfield La Maquinista,2026-10-11T13:00:00+02:00,,,,Digital,,unknown,Tarifa variable; consultar el pase de La Maquinista,https://www.publicine.net/cartelera-cine/barcelona/yelmo-westfield-la-maquinista,https://www.publicine.net/venda/16532/59/aHR0cHM6Ly9jaW5lLmVudHJhZGFzLmNvbS9jaW5lL2JhcmNlbG9uYS9jaW5lLXllbG1vLXdlc3RmaWVsZC1sYS1tYXF1aW5pc3RhL2V2ZW50by80NjY4My9zcGlkZXItbWFuLWJyYW5kLW5ldy1kYXk/bW9kZT13aWRnZXQmY2hhbmdlPTAmcmVmPTc0NA,2026-10-08T06:58:01.153187+00:00
LA BOLA NEGRA,La bola negra,2026,"Javier Ambrossi, Javier Calvo",Drama,"ESTRENO EL VIERNES 25 DE SEPTIEMBRE. Las vidas interconectadas de tres hombres en tres épocas distintas. Tres existencias íntimamente ligadas por la sexualidad y el deseo, el dolor y la herencia; y una de las últimas obras, inacabada, de Federico García Lorca. Proyección en Dolby Atmos y 4K",https://phenomena-experience.com/obj/LCinesD_dat/eventos/JPg000fb.jpg,https://www.youtube.com/watch?v=nXkdGP4VVWI,,8.0,92.0,,Cine Yelmo Westfield La Maquinista,2026-10-11T13:05:00+02:00,,,,Digital,,unknown,Tarifa variable; consultar el pase de La Maquinista,https://www.publicine.net/cartelera-cine/barcelona/yelmo-westfield-la-maquinista,https://cine.entradas.com/cine/barcelona/cine-yelmo-westfield-la-maquinista/evento/46673/la-bola-negra?mode=widget&change=0&ref=744,2026-10-08T06:58:01.153187+00:00
En el corazón de la bestia,Heart Of The Beast,2026,David Ayer,"Acción, Aventura","Un ex soldado herido y su perro militar luchan por sobrevivir en la naturaleza salvaje de Alaska. Enfrentando frío, soledad y peligros constantes, su vínculo será clave para regresar a casa.",https://es.web.img3.acsta.net/c_160_213/img/06/8b/068b23e941178cfd676278b44064f0e9.jpg,https://www.youtube.com/watch?v=Rh24D89hFMg,6.4,7.3,85.0,94.0,Cine Yelmo Westfield La Maquinista,2026-10-11T13:10:00+02:00,,,,Digital,,unknown,Tarifa variable; consultar el pase de La Maquinista,https://www.publicine.net/cartelera-cine/barcelona/yelmo-westfield-la-maquinista,https://cine.entradas.com/cine/barcelona/cine-yelmo-westfield-la-maquinista/evento/46665/en-el-corazon-de-la-bestia?mode=widget&change=0&ref=744,2026-10-08T06:58:01.153187+00:00
Vengadores Endgame: Encore,,,"Joe Russo, Anthony Russo","Aventuras, Fantástico","El grave curso de los acontecimientos puesto en marcha por Thanos, el Titán loco, obliga a los Vengadores y a sus aliados a tomar una última posición para restaurar el orden en el universo al precio que sea.",https://www.publicine.net/img/pel/full/16350f_vengadores-endgame-encore.webp,https://www.youtube.com/watch?v=kJeJTYHUtW0,,,,,Cine Yelmo Westfield La Maquinista,2026-10-11T13:15:00+02:00,,,,3D,,unknown,Tarifa variable; consultar el pase de La Maquinista,https://www.publicine.net/cartelera-cine/barcelona/yelmo-westfield-la-maquinista,https://cine.entradas.com/cine/barcelona/cine-yelmo-westfield-la-maquinista/evento/46682/vengadores-endgame-encore-infinity-vision?mode=widget&change=0&ref=744,2026-10-08T06:58:01.153187+00:00
Resident Evil,Resident Evil,2026,Zach Cregger,"Ciencia ficción, Suspense, Terror","Bryan, un mensajero médico, se ve atrapado inesperadamente en una noche de caos en la que la ciudad empieza a colapsar por una amenaza desconocida. Obligado a sobrevivir, deberá enfrentarse a una peligrosa carrera llena de acción mientras intenta escapar del horror que se desata a su alrededor.",https://es.web.img3.acsta.net/c_160_213/img/40/92/4092e505c00d28878024f17b01002c9c.jpg,https://www.filmaffinity.com/es/evideos.php?movie_id=579353,7.0,7.6,96.0,91.0,Cine Yelmo Westfield La Maquinista,2026-10-11T13:20:00+02:00,,,,Digital,,unknown,Tarifa variable; consultar el pase de La Maquinista,https://www.publicine.net/cartelera-cine/barcelona/yelmo-westfield-la-maquinista,https://cine.entradas.com/cine/barcelona/cine-yelmo-westfield-la-maquinista/evento/46670/resident-evil?mode=widget&change=0&ref=744,2026-10-08T06:58:01.153187+00:00
Coyote vs. ACME,Coyote vs. Acme,2026,Dave Green,"Animación, Aventura, Comedia","Cansado de que los productos defectuosos de Acme arruinen sus planes, el Coyote contrata a un abogado para demandar a la corporación, ahora dirigida por un despiadado exjefe de su defensor. Juntos forjarán una inesperada amistad mientras luchan en los tribunales.",https://es.web.img3.acsta.net/c_160_213/img/18/4e/184e275eb73de363b01c7c3637407fcd.jpg,https://www.filmaffinity.com/es/evideos.php?movie_id=523116,6.7,7.4,96.0,94.0,Cine Yelmo Westfield La Maquinista,2026-10-11T13:45:00+02:00,,,,Digital,,unknown,Tarifa variable; consultar el pase de La Maquinista,https://www.publicine.net/cartelera-cine/barcelona/yelmo-westfield-la-maquinista,https://cine.entradas.com/cine/barcelona/cine-yelmo-westfield-la-maquinista/evento/46681/coyote-vs-acme?mode=widget&change=0&ref=744,2026-10-08T06:58:01.153187+00:00
LA BOLA NEGRA,La bola negra,2026,"Javier Ambrossi, Javier Calvo",Drama,"ESTRENO EL VIERNES 25 DE SEPTIEMBRE. Las vidas interconectadas de tres hombres en tres épocas distintas. Tres existencias íntimamente ligadas por la sexualidad y el deseo, el dolor y la herencia; y una de las últimas obras, inacabada, de Federico García Lorca. Proyección en Dolby Atmos y 4K",https://phenomena-experience.com/obj/LCinesD_dat/eventos/JPg000fb.jpg,https://www.youtube.com/watch?v=nXkdGP4VVWI,,8.0,92.0,,Cine Yelmo Westfield La Maquinista,2026-10-11T14:05:00+02:00,,,,Digital,,unknown,Tarifa variable; consultar el pase de La Maquinista,https://www.publicine.net/cartelera-cine/barcelona/yelmo-westfield-la-maquinista,https://cine.entradas.com/cine/barcelona/cine-yelmo-westfield-la-maquinista/evento/46672/la-bola-negra?mode=widget&change=0&ref=744,2026-10-08T06:58:01.153187+00:00
Verity. La sombra de un engaño,Verity,2026,Michael Showalter,"Thriller, Drama","Lowen Ashleigh es contratada como escritora fantasma por Jeremy Crawford para escribir las novelas de su esposa Verity, autora de bestsellers, impedida tras un accidente. Lowen descubre las inquietantes verdades de Verity mientras reside en casa de los Crawford para trabajar. (FILMAFFINITY)",https://pics.filmaffinity.com/verity-273395489-large.jpg,https://www.filmaffinity.com/es/evideos.php?movie_id=740344,5.3,6.0,33.0,71.0,Cine Yelmo Westfield La Maquinista,2026-10-11T14:30:00+02:00,,,,Digital,,unknown,Tarifa variable; consultar el pase de La Maquinista,https://www.publicine.net/cartelera-cine/barcelona/yelmo-westfield-la-maquinista,https://cine.entradas.com/cine/barcelona/cine-yelmo-westfield-la-maquinista/evento/46666/verity-la-sombra-de-un-engano?mode=widget&change=0&ref=744,2026-10-08T06:58:01.153187+00:00
RETORNO AL PASADO,Out of the Past,1947,Jacques Tourneur,Thriller,"POR PRIMERA VEZ EN 4K. Jeff es un detective que ha dejado su profesión y se ha instalado en un pequeño pueblo, donde lleva una vida tranquila junto a su prometida, a quien ha ocultado su pasado. Un viejo socio le visitará para avisarle de que debe aceptar un nuevo trabajo de su jefe, lo que obligará a Jeff a retomar una vida que prometió dejar atrás. Proyección en 4K y VOSE",https://phenomena-experience.com/obj/LCinesD_dat/eventos/JPg000ff.jpg,https://www.filmaffinity.com/es/evideos.php?movie_id=309712,8.1,7.9,87.0,92.0,Phenomena Experience,2026-10-11T15:10:00+02:00,VO,,es,4K,10.0,published,Precio según pase; consultar la ficha de la película,https://phenomena-experience.com/index?pag=cartelera,https://www.reservaentradas.com/entrada/barcelona/phenomenaexperience/retorno-al-pasado-proyeccion-en-4k-y-vose/13519/,2026-10-08T06:57:05.017772+00:00
Coyote vs. ACME,Coyote vs. Acme,2026,Dave Green,"Animación, Aventura, Comedia","Cansado de que los productos defectuosos de Acme arruinen sus planes, el Coyote contrata a un abogado para demandar a la corporación, ahora dirigida por un despiadado exjefe de su defensor. Juntos forjarán una inesperada amistad mientras luchan en los tribunales.",https://es.web.img3.acsta.net/c_160_213/img/18/4e/184e275eb73de363b01c7c3637407fcd.jpg,https://www.filmaffinity.com/es/evideos.php?movie_id=523116,6.7,7.4,96.0,94.0,Cine Yelmo Westfield La Maquinista,2026-10-11T15:20:00+02:00,,,,Digital,,unknown,Tarifa variable; consultar el pase de La Maquinista,https://www.publicine.net/cartelera-cine/barcelona/yelmo-westfield-la-maquinista,https://cine.entradas.com/cine/barcelona/cine-yelmo-westfield-la-maquinista/evento/46680/coyote-vs-acme?mode=widget&change=0&ref=744,2026-10-08T06:58:01.153187+00:00
Coyote vs. ACME,Coyote vs. Acme,2026,Dave Green,"Animación, Aventura, Comedia","Cansado de que los productos defectuosos de Acme arruinen sus planes, el Coyote contrata a un abogado para demandar a la corporación, ahora dirigida por un despiadado exjefe de su defensor. Juntos forjarán una inesperada amistad mientras luchan en los tribunales.",https://es.web.img3.acsta.net/c_160_213/img/18/4e/184e275eb73de363b01c7c3637407fcd.jpg,https://www.filmaffinity.com/es/evideos.php?movie_id=523116,6.7,7.4,96.0,94.0,Cinesa Diagonal,2026-10-11T15:40:00+02:00,,,,Digital,,unknown,"Tarifa variable; seleccionar cine, fecha y sesión",https://www.publicine.net/cartelera-cine/barcelona/cinesa-diagonal,https://web.cinesa.es/compra/butacas/?showtimeId=012-55540,2026-10-08T06:57:43.478267+00:00
En el corazón de la bestia,Heart Of The Beast,2026,David Ayer,"Acción, Aventura","Un ex soldado herido y su perro militar luchan por sobrevivir en la naturaleza salvaje de Alaska. Enfrentando frío, soledad y peligros constantes, su vínculo será clave para regresar a casa.",https://es.web.img3.acsta.net/c_160_213/img/06/8b/068b23e941178cfd676278b44064f0e9.jpg,https://www.youtube.com/watch?v=Rh24D89hFMg,6.4,7.3,85.0,94.0,Cinesa Diagonal Mar,2026-10-11T15:45:00+02:00,,,,Digital,,unknown,"Tarifa variable; seleccionar cine, fecha y sesión",https://www.publicine.net/cartelera-cine/barcelona/cinesa-diagonal-mar,https://web.cinesa.es/compra/butacas/?showtimeId=032-59185,2026-10-08T06:57:49.911074+00:00
La Odisea,The Odyssey,2026,Christopher Nolan,"Acción, Fantasía","Tras la guerra de Troya, Odiseo se enfrenta un peligroso viaje de 10 años para regresar a Ítaca, superando dioses, monstruos y desafíos épicos. Mientras tanto, su esposa Penélope resiste a los pretendientes que amenazan su reino.",https://es.web.img3.acsta.net/c_160_213/img/1a/23/1a238e79ea26da69c2ff751c232c60e3.png,https://www.youtube.com/watch?v=NUIIc9gZOcQ,7.6,8.4,,,Cinesa Diagonal Mar,2026-10-11T15:45:00+02:00,,,,IMAX,,unknown,"Tarifa variable; seleccionar cine, fecha y sesión",https://www.publicine.net/cartelera-cine/barcelona/cinesa-diagonal-mar,https://web.cinesa.es/compra/butacas/?showtimeId=032-59202,2026-10-08T06:57:49.911074+00:00
LA BOLA NEGRA,La bola negra,2026,"Javier Ambrossi, Javier Calvo",Drama,"ESTRENO EL VIERNES 25 DE SEPTIEMBRE. Las vidas interconectadas de tres hombres en tres épocas distintas. Tres existencias íntimamente ligadas por la sexualidad y el deseo, el dolor y la herencia; y una de las últimas obras, inacabada, de Federico García Lorca. Proyección en Dolby Atmos y 4K",https://phenomena-experience.com/obj/LCinesD_dat/eventos/JPg000fb.jpg,https://www.youtube.com/watch?v=nXkdGP4VVWI,,8.0,92.0,,Cinesa Diagonal,2026-10-11T15:50:00+02:00,,,,Digital,,unknown,"Tarifa variable; seleccionar cine, fecha y sesión",https://www.publicine.net/cartelera-cine/barcelona/cinesa-diagonal,https://web.cinesa.es/compra/butacas/?showtimeId=012-55541,2026-10-08T06:57:43.478267+00:00
Tadeo Jones Y La Lámpara Maravillosa,Tadeo Jones y la lámpara maravillosa,2026,Enrique Gato,"Animación, Aventuras","Tadeo y Sara deben impedir que Momia, celoso de haber perdido protagonismo, altere la historia tras viajar al pasado. Su aventura los lleva desde Londres hasta Paititi, Grecia y la cueva de Alí Babá, para devolver al grupo a su época.",https://www.publicine.net/img/pel/full/16440f_tadeo-jones-y-la-lampara-maravillosa.webp,https://www.youtube.com/watch?v=a7IDTIIFNSo,6.1,6.5,,,Cinesa Diagonal,2026-10-11T16:00:00+02:00,,,,Digital,,unknown,"Tarifa variable; seleccionar cine, fecha y sesión",https://www.publicine.net/cartelera-cine/barcelona/cinesa-diagonal,https://web.cinesa.es/compra/butacas/?showtimeId=012-55542,2026-10-08T06:57:43.478267+00:00
Verity. La sombra de un engaño,Verity,2026,Michael Showalter,"Thriller, Drama","Lowen Ashleigh es contratada como escritora fantasma por Jeremy Crawford para escribir las novelas de su esposa Verity, autora de bestsellers, impedida tras un accidente. Lowen descubre las inquietantes verdades de Verity mientras reside en casa de los Crawford para trabajar. (FILMAFFINITY)",https://pics.filmaffinity.com/verity-273395489-large.jpg,https://www.filmaffinity.com/es/evideos.php?movie_id=740344,5.3,6.0,33.0,71.0,Cinesa Diagonal Mar,2026-10-11T16:00:00+02:00,,,,Digital,,unknown,"Tarifa variable; seleccionar cine, fecha y sesión",https://www.publicine.net/cartelera-cine/barcelona/cinesa-diagonal-mar,https://web.cinesa.es/compra/butacas/?showtimeId=032-59180,2026-10-08T06:57:49.911074+00:00
La isla olvidada,Forgotten Island,2026,"Joel Crawford , Januel P. Mercado","Animación, Aventura, Comedia",Un grupo de personajes se encuentra en una isla mágica de la mitología filipina que había permanecido olvidada durante mucho tiempo.,https://es.web.img2.acsta.net/c_160_213/img/ee/16/ee161d327f52a9e974075b7c17d32d10.jpg,https://www.youtube.com/watch?v=2NNDuXJ7C7E,,7.8,95.0,95.0,Cinesa SOM Multiespai,2026-10-11T16:00:00+02:00,,,,Digital,,unknown,"Tarifa variable; seleccionar cine, fecha y sesión",https://www.publicine.net/cartelera-cine/barcelona/cinesa-som-multiespai-heron-city,https://web.cinesa.es/compra/butacas/?showtimeId=017-60918,2026-10-08T06:57:56.221234+00:00
DORAEMON: AVENTURES AL MÓN DE L'ART,映画ドラえもん のび太の絵世界物語,2025,Yukiyo Teramoto,,"En Nobita ha de fer un dibuix com a deures d’estiu. Mentre està a casa queixant-se que dibuixa malament, li cau una pintura al cap a través d’un forat espai-temps. Encuriosits, en Doraemon i ell s’endinsen al quadre, mentre que la nena que hi apareix, la Claire, creua al món real. Quan la troben, ella els explica que viu al regne d’Artèlia i que s’ha perdut. En Doraemon i la colla l’ajuden a tronar a casa seva, pensant que és un país imaginari, però resulta que existeix realment i és el mateix que apareix en una misteriosa obra d’art descoberta recentment que ha sortit a les notícies.",https://espaitexas.cat/wp-content/uploads/2026/09/cartel-doraemon-art-cat-768x1097.png,,,7.3,,,Espai Texas — Cinemes Texas,2026-10-11T16:00:00+02:00,Doblada,ca,,,,unknown,Lunes–viernes 6€; jueves del espectador 4€; fin de semana 8€,https://espaitexas.cat/pelicula/doraemon-aventures-al-mon-de-lart/,https://espaitexas.koobin.cat/ca/doraemon-aventures-al-mon-de-lart-dob.-cat-20261011-1600,2026-10-08T06:57:28.471220+00:00
Hoppers,Hoppers,2026,Daniel Chong,"Animación, Comedia, Ciencia ficción","En Hoppers, los científicos han descubierto la tecnología para instalar la conciencia humana a animales robóticos hiperrealistas, lo que permite a las personas comunicarse con los animales como si fueran uno de ellos. Gracias a esta nueva tecnología, Mabel (Curda) descubrirá misterios dentro del mundo animal que van mucho más allá de lo que jamás imaginó.",https://pics.filmaffinity.com/hoppers-343289386-large.jpg,https://www.filmaffinity.com/es/evideos.php?movie_id=150426,6.7,7.2,94.0,93.0,Cine Yelmo Westfield La Maquinista,2026-10-11T16:00:00+02:00,,,,Digital,,unknown,Tarifa variable; consultar el pase de La Maquinista,https://www.publicine.net/cartelera-cine/barcelona/yelmo-westfield-la-maquinista,https://cine.entradas.com/cine/barcelona/cine-yelmo-westfield-la-maquinista/evento/45537/hoppers?mode=widget&change=0&ref=744,2026-10-08T06:58:01.153187+00:00
Resident Evil,Resident Evil,2026,Zach Cregger,"Ciencia ficción, Suspense, Terror","Bryan, un mensajero médico, se ve atrapado inesperadamente en una noche de caos en la que la ciudad empieza a colapsar por una amenaza desconocida. Obligado a sobrevivir, deberá enfrentarse a una peligrosa carrera llena de acción mientras intenta escapar del horror que se desata a su alrededor.",https://es.web.img3.acsta.net/c_160_213/img/40/92/4092e505c00d28878024f17b01002c9c.jpg,https://www.filmaffinity.com/es/evideos.php?movie_id=579353,7.0,7.6,96.0,91.0,Cine Yelmo Westfield La Maquinista,2026-10-11T16:05:00+02:00,,,,Digital,,unknown,Tarifa variable; consultar el pase de La Maquinista,https://www.publicine.net/cartelera-cine/barcelona/yelmo-westfield-la-maquinista,https://cine.entradas.com/cine/barcelona/cine-yelmo-westfield-la-maquinista/evento/46677/resident-evil?mode=widget&change=0&ref=744,2026-10-08T06:58:01.153187+00:00
La isla olvidada,Forgotten Island,2026,"Joel Crawford , Januel P. Mercado","Animación, Aventura, Comedia",Un grupo de personajes se encuentra en una isla mágica de la mitología filipina que había permanecido olvidada durante mucho tiempo.,https://es.web.img2.acsta.net/c_160_213/img/ee/16/ee161d327f52a9e974075b7c17d32d10.jpg,https://www.youtube.com/watch?v=2NNDuXJ7C7E,,7.8,95.0,95.0,Cine Yelmo Westfield La Maquinista,2026-10-11T16:10:00+02:00,,,,Digital,,unknown,Tarifa variable; consultar el pase de La Maquinista,https://www.publicine.net/cartelera-cine/barcelona/yelmo-westfield-la-maquinista,https://cine.entradas.com/cine/barcelona/cine-yelmo-westfield-la-maquinista/evento/46689/la-isla-olvidada?mode=widget&change=0&ref=744,2026-10-08T06:58:01.153187+00:00
LA BOLA NEGRA,La bola negra,2026,"Javier Ambrossi, Javier Calvo",Drama,"ESTRENO EL VIERNES 25 DE SEPTIEMBRE. Las vidas interconectadas de tres hombres en tres épocas distintas. Tres existencias íntimamente ligadas por la sexualidad y el deseo, el dolor y la herencia; y una de las últimas obras, inacabada, de Federico García Lorca. Proyección en Dolby Atmos y 4K",https://phenomena-experience.com/obj/LCinesD_dat/eventos/JPg000fb.jpg,https://www.youtube.com/watch?v=nXkdGP4VVWI,,8.0,92.0,,Cinesa Diagonal Mar,2026-10-11T16:15:00+02:00,,,,Digital,,unknown,"Tarifa variable; seleccionar cine, fecha y sesión",https://www.publicine.net/cartelera-cine/barcelona/cinesa-diagonal-mar,https://web.cinesa.es/compra/butacas/?showtimeId=032-59182,2026-10-08T06:57:49.911074+00:00
LA BOLA NEGRA,La bola negra,2026,"Javier Ambrossi, Javier Calvo",Drama,"ESTRENO EL VIERNES 25 DE SEPTIEMBRE. Las vidas interconectadas de tres hombres en tres épocas distintas. Tres existencias íntimamente ligadas por la sexualidad y el deseo, el dolor y la herencia; y una de las últimas obras, inacabada, de Federico García Lorca. Proyección en Dolby Atmos y 4K",https://phenomena-experience.com/obj/LCinesD_dat/eventos/JPg000fb.jpg,https://www.youtube.com/watch?v=nXkdGP4VVWI,,8.0,92.0,,Cinesa SOM Multiespai,2026-10-11T16:15:00+02:00,,,,Digital,,unknown,"Tarifa variable; seleccionar cine, fecha y sesión",https://www.publicine.net/cartelera-cine/barcelona/cinesa-som-multiespai-heron-city,https://web.cinesa.es/compra/butacas/?showtimeId=017-60921,2026-10-08T06:57:56.221234+00:00
LA BOLA NEGRA,La bola negra,2026,"Javier Ambrossi, Javier Calvo",Drama,"ESTRENO EL VIERNES 25 DE SEPTIEMBRE. Las vidas interconectadas de tres hombres en tres épocas distintas. Tres existencias íntimamente ligadas por la sexualidad y el deseo, el dolor y la herencia; y una de las últimas obras, inacabada, de Federico García Lorca. Proyección en Dolby Atmos y 4K",https://phenomena-experience.com/obj/LCinesD_dat/eventos/JPg000fb.jpg,https://www.youtube.com/watch?v=nXkdGP4VVWI,,8.0,92.0,,Cine Yelmo Westfield La Maquinista,2026-10-11T16:25:00+02:00,,,,Digital,,unknown,Tarifa variable; consultar el pase de La Maquinista,https://www.publicine.net/cartelera-cine/barcelona/yelmo-westfield-la-maquinista,https://cine.entradas.com/cine/barcelona/cine-yelmo-westfield-la-maquinista/evento/46692/la-bola-negra?mode=widget&change=0&ref=744,2026-10-08T06:58:01.153187+00:00
ESCAPE ROOM 2,Escape Room 2,2026,Hèctor Claramunt,"Comedia, Thriller, Intriga","Cinc anys després, l’Edu, la Marina, la Viky i en Rai tornen a coincidir misteriosament en un nou local de moda situat a la part alta de la muntanya de Montjuïc, on antigament es trobava el parc d’atraccions. No trigaran a adonar-se que aquell establiment no és el que sembla. Aviat aniran a parar a una antiga atracció, un túnel del terror que havia quedat soterrat, on apareix un comptador acompanyat d’un missatge amenaçador que els resulta inquietantment familiar: tenen 60 minuts per a sortir o moriran.",https://espaitexas.cat/wp-content/uploads/2026/10/6a9fc286373b2.jpg,https://www.filmaffinity.com/es/evideos.php?movie_id=903140,,,,,Espai Texas — Cinemes Texas,2026-10-11T16:30:00+02:00,VO,ca,,,,unknown,Lunes–viernes 6€; jueves del espectador 4€; fin de semana 8€,https://espaitexas.cat/pelicula/escape-room-2/,https://espaitexas.koobin.cat/ca/escape-room-2-vo-20261011-1630,2026-10-08T06:57:24.326842+00:00
En el corazón de la bestia,Heart Of The Beast,2026,David Ayer,"Acción, Aventura","Un ex soldado herido y su perro militar luchan por sobrevivir en la naturaleza salvaje de Alaska. Enfrentando frío, soledad y peligros constantes, su vínculo será clave para regresar a casa.",https://es.web.img3.acsta.net/c_160_213/img/06/8b/068b23e941178cfd676278b44064f0e9.jpg,https://www.youtube.com/watch?v=Rh24D89hFMg,6.4,7.3,85.0,94.0,Cine Yelmo Westfield La Maquinista,2026-10-11T16:30:00+02:00,,,,Digital,,unknown,Tarifa variable; consultar el pase de La Maquinista,https://www.publicine.net/cartelera-cine/barcelona/yelmo-westfield-la-maquinista,https://cine.entradas.com/cine/barcelona/cine-yelmo-westfield-la-maquinista/evento/46691/en-el-corazon-de-la-bestia?mode=widget&change=0&ref=744,2026-10-08T06:58:01.153187+00:00
LA BOLA NEGRA,La bola negra,2026,"Javier Ambrossi, Javier Calvo",Drama,"ESTRENO EL VIERNES 25 DE SEPTIEMBRE. Las vidas interconectadas de tres hombres en tres épocas distintas. Tres existencias íntimamente ligadas por la sexualidad y el deseo, el dolor y la herencia; y una de las últimas obras, inacabada, de Federico García Lorca. Proyección en Dolby Atmos y 4K",https://phenomena-experience.com/obj/LCinesD_dat/eventos/JPg000fb.jpg,https://www.youtube.com/watch?v=nXkdGP4VVWI,,8.0,92.0,,Zumzeig Cinecooperativa,2026-10-11T16:30:00+02:00,VO,es,,,,unknown,"General 7,50€; miércoles no festivos 5,50€; reducida 6€; socias 4,50€",https://zumzeigcine.coop/cinema/films/la-bola-negra/,https://www.codetickets.com/portal/zumzeigcooperativa/online/37225/102030,2026-10-08T06:57:10.312018+00:00
En el corazón de la bestia,Heart Of The Beast,2026,David Ayer,"Acción, Aventura","Un ex soldado herido y su perro militar luchan por sobrevivir en la naturaleza salvaje de Alaska. Enfrentando frío, soledad y peligros constantes, su vínculo será clave para regresar a casa.",https://es.web.img3.acsta.net/c_160_213/img/06/8b/068b23e941178cfd676278b44064f0e9.jpg,https://www.youtube.com/watch?v=Rh24D89hFMg,6.4,7.3,85.0,94.0,Cinesa Diagonal,2026-10-11T16:40:00+02:00,,,,Digital,,unknown,"Tarifa variable; seleccionar cine, fecha y sesión",https://www.publicine.net/cartelera-cine/barcelona/cinesa-diagonal,https://web.cinesa.es/compra/butacas/?showtimeId=012-55546,2026-10-08T06:57:43.478267+00:00
Verity. La sombra de un engaño,Verity,2026,Michael Showalter,"Thriller, Drama","Lowen Ashleigh es contratada como escritora fantasma por Jeremy Crawford para escribir las novelas de su esposa Verity, autora de bestsellers, impedida tras un accidente. Lowen descubre las inquietantes verdades de Verity mientras reside en casa de los Crawford para trabajar. (FILMAFFINITY)",https://pics.filmaffinity.com/verity-273395489-large.jpg,https://www.filmaffinity.com/es/evideos.php?movie_id=740344,5.3,6.0,33.0,71.0,Cinesa SOM Multiespai,2026-10-11T16:45:00+02:00,,,,Digital,,unknown,"Tarifa variable; seleccionar cine, fecha y sesión",https://www.publicine.net/cartelera-cine/barcelona/cinesa-som-multiespai-heron-city,https://web.cinesa.es/compra/butacas/?showtimeId=017-60924,2026-10-08T06:57:56.221234+00:00
Tadeo Jones Y La Lámpara Maravillosa,Tadeo Jones y la lámpara maravillosa,2026,Enrique Gato,"Animación, Aventuras","Tadeo y Sara deben impedir que Momia, celoso de haber perdido protagonismo, altere la historia tras viajar al pasado. Su aventura los lleva desde Londres hasta Paititi, Grecia y la cueva de Alí Babá, para devolver al grupo a su época.",https://www.publicine.net/img/pel/full/16440f_tadeo-jones-y-la-lampara-maravillosa.webp,https://www.youtube.com/watch?v=a7IDTIIFNSo,6.1,6.5,,,Cine Yelmo Westfield La Maquinista,2026-10-11T16:45:00+02:00,,,,Digital,,unknown,Tarifa variable; consultar el pase de La Maquinista,https://www.publicine.net/cartelera-cine/barcelona/yelmo-westfield-la-maquinista,https://www.publicine.net/venda/16440/59/aHR0cHM6Ly9jaW5lLmVudHJhZGFzLmNvbS9jaW5lL2JhcmNlbG9uYS9jaW5lLXllbG1vLXdlc3RmaWVsZC1sYS1tYXF1aW5pc3RhL2V2ZW50by80NjY4OC90YWRlby1qb25lcy15LWxhLWxhbXBhcmEtbWFyYXZpbGxvc2E/bW9kZT13aWRnZXQmY2hhbmdlPTAmcmVmPTc0NA,2026-10-08T06:58:01.153187+00:00
En el corazón de la bestia,Heart Of The Beast,2026,David Ayer,"Acción, Aventura","Un ex soldado herido y su perro militar luchan por sobrevivir en la naturaleza salvaje de Alaska. Enfrentando frío, soledad y peligros constantes, su vínculo será clave para regresar a casa.",https://es.web.img3.acsta.net/c_160_213/img/06/8b/068b23e941178cfd676278b44064f0e9.jpg,https://www.youtube.com/watch?v=Rh24D89hFMg,6.4,7.3,85.0,94.0,Cinesa SOM Multiespai,2026-10-11T16:50:00+02:00,,,,Digital,,unknown,"Tarifa variable; seleccionar cine, fecha y sesión",https://www.publicine.net/cartelera-cine/barcelona/cinesa-som-multiespai-heron-city,https://web.cinesa.es/compra/butacas/?showtimeId=017-60925,2026-10-08T06:57:56.221234+00:00
La isla olvidada,Forgotten Island,2026,"Joel Crawford , Januel P. Mercado","Animación, Aventura, Comedia",Un grupo de personajes se encuentra en una isla mágica de la mitología filipina que había permanecido olvidada durante mucho tiempo.,https://es.web.img2.acsta.net/c_160_213/img/ee/16/ee161d327f52a9e974075b7c17d32d10.jpg,https://www.youtube.com/watch?v=2NNDuXJ7C7E,,7.8,95.0,95.0,Cinesa Diagonal Mar,2026-10-11T17:00:00+02:00,,,,Digital,,unknown,"Tarifa variable; seleccionar cine, fecha y sesión",https://www.publicine.net/cartelera-cine/barcelona/cinesa-diagonal-mar,https://web.cinesa.es/compra/butacas/?showtimeId=032-59285,2026-10-08T06:57:49.911074+00:00
Invitation to the Dance,Invitation to the Dance,1956,Gene Kelly,Musical,"En el primer film que Gene Kelly va dirigir en solitari s’envoltà d’una plèiade de grans dansaires que exhibien el seu talent al llarg dels tres episodis de què es compon la pel·lícula: “Circus”, on també apareix el ballarí rus Ígor Iuskévitx; “Ring Around the Rosy”, també amb Iuskévitx i Tamara Tumànova, i “Simbad the Sailor”, en què Kelly balla amb dibuixos animats creats per Hanna-Barbera.",https://pics.filmaffinity.com/invitation_to_the_dance-650127576-large.jpg,https://www.filmaffinity.com/es/evideos.php?movie_id=427501,6.5,6.4,,72.0,Filmoteca de Catalunya — Sales Chomón i Laya,2026-10-11T17:00:00+02:00,,,,DCP,,unknown,General 4€; reducida 3€; programación infantil 2€,https://www.filmoteca.cat/web/ca/film/invitation-dance,https://euromus.cultura.gencat.cat/filmoteca/venda/index.jsp?lang=1&nom_cache=FILMOTECA&property=FILMOTECA&codiActiv=959&codiCicle=87,2026-10-08T06:58:03.263521+00:00
Resident Evil,Resident Evil,2026,Zach Cregger,"Ciencia ficción, Suspense, Terror","Bryan, un mensajero médico, se ve atrapado inesperadamente en una noche de caos en la que la ciudad empieza a colapsar por una amenaza desconocida. Obligado a sobrevivir, deberá enfrentarse a una peligrosa carrera llena de acción mientras intenta escapar del horror que se desata a su alrededor.",https://es.web.img3.acsta.net/c_160_213/img/40/92/4092e505c00d28878024f17b01002c9c.jpg,https://www.filmaffinity.com/es/evideos.php?movie_id=579353,7.0,7.6,96.0,91.0,Cinesa SOM Multiespai,2026-10-11T17:10:00+02:00,,,,Digital,,unknown,"Tarifa variable; seleccionar cine, fecha y sesión",https://www.publicine.net/cartelera-cine/barcelona/cinesa-som-multiespai-heron-city,https://web.cinesa.es/compra/butacas/?showtimeId=017-60926,2026-10-08T06:57:56.221234+00:00
LA BOLA NEGRA,La bola negra,2026,"Javier Ambrossi, Javier Calvo",Drama,"ESTRENO EL VIERNES 25 DE SEPTIEMBRE. Las vidas interconectadas de tres hombres en tres épocas distintas. Tres existencias íntimamente ligadas por la sexualidad y el deseo, el dolor y la herencia; y una de las últimas obras, inacabada, de Federico García Lorca. Proyección en Dolby Atmos y 4K",https://phenomena-experience.com/obj/LCinesD_dat/eventos/JPg000fb.jpg,https://www.youtube.com/watch?v=nXkdGP4VVWI,,8.0,92.0,,Cinesa Diagonal,2026-10-11T17:15:00+02:00,,,,Digital,,unknown,"Tarifa variable; seleccionar cine, fecha y sesión",https://www.publicine.net/cartelera-cine/barcelona/cinesa-diagonal,https://web.cinesa.es/compra/butacas/?showtimeId=012-55548,2026-10-08T06:57:43.478267+00:00
LA BOLA NEGRA,La bola negra,2026,"Javier Ambrossi, Javier Calvo",Drama,"ESTRENO EL VIERNES 25 DE SEPTIEMBRE. Las vidas interconectadas de tres hombres en tres épocas distintas. Tres existencias íntimamente ligadas por la sexualidad y el deseo, el dolor y la herencia; y una de las últimas obras, inacabada, de Federico García Lorca. Proyección en Dolby Atmos y 4K",https://phenomena-experience.com/obj/LCinesD_dat/eventos/JPg000fb.jpg,https://www.youtube.com/watch?v=nXkdGP4VVWI,,8.0,92.0,,Cinesa Diagonal Mar,2026-10-11T17:15:00+02:00,,,,Digital,,unknown,"Tarifa variable; seleccionar cine, fecha y sesión",https://www.publicine.net/cartelera-cine/barcelona/cinesa-diagonal-mar,https://web.cinesa.es/compra/butacas/?showtimeId=032-59186,2026-10-08T06:57:49.911074+00:00
LA BOLA NEGRA,La bola negra,2026,"Javier Ambrossi, Javier Calvo",Drama,"ESTRENO EL VIERNES 25 DE SEPTIEMBRE. Las vidas interconectadas de tres hombres en tres épocas distintas. Tres existencias íntimamente ligadas por la sexualidad y el deseo, el dolor y la herencia; y una de las últimas obras, inacabada, de Federico García Lorca. Proyección en Dolby Atmos y 4K",https://phenomena-experience.com/obj/LCinesD_dat/eventos/JPg000fb.jpg,https://www.youtube.com/watch?v=nXkdGP4VVWI,,8.0,92.0,,Cinesa SOM Multiespai,2026-10-11T17:15:00+02:00,,,,Digital,,unknown,"Tarifa variable; seleccionar cine, fecha y sesión",https://www.publicine.net/cartelera-cine/barcelona/cinesa-som-multiespai-heron-city,https://web.cinesa.es/compra/butacas/?showtimeId=017-60927,2026-10-08T06:57:56.221234+00:00
LA BOLA NEGRA,La bola negra,2026,"Javier Ambrossi, Javier Calvo",Drama,"ESTRENO EL VIERNES 25 DE SEPTIEMBRE. Las vidas interconectadas de tres hombres en tres épocas distintas. Tres existencias íntimamente ligadas por la sexualidad y el deseo, el dolor y la herencia; y una de las últimas obras, inacabada, de Federico García Lorca. Proyección en Dolby Atmos y 4K",https://phenomena-experience.com/obj/LCinesD_dat/eventos/JPg000fb.jpg,https://www.youtube.com/watch?v=nXkdGP4VVWI,,8.0,92.0,,Cine Yelmo Westfield La Maquinista,2026-10-11T17:15:00+02:00,,,,Digital,,unknown,Tarifa variable; consultar el pase de La Maquinista,https://www.publicine.net/cartelera-cine/barcelona/yelmo-westfield-la-maquinista,https://cine.entradas.com/cine/barcelona/cine-yelmo-westfield-la-maquinista/evento/46443/la-bola-negra?mode=widget&change=0&ref=744,2026-10-08T06:58:01.153187+00:00
Digger,Digger,2026,Alejandro González Iñárritu,"Acción, Comedia","El hombre más poderoso del mundo provoca un desastre que amenaza a la humanidad. Para redimirse, emprende una misión arriesgada con el objetivo de convertirse en su salvador.",https://es.web.img3.acsta.net/c_160_213/img/0f/c9/0fc9092d6e2afd046417684533c535c4.jpg,https://www.youtube.com/watch?v=xU2jWSsaWY0,6.4,,,,Phenomena Experience,2026-10-11T17:25:00+02:00,VO,,es,Dolby Atmos,12.0,published,Precio según pase; consultar la ficha de la película,https://phenomena-experience.com/index?pag=cartelera,https://www.reservaentradas.com/entrada/barcelona/phenomenaexperience/digger-proyeccion-en-dolby-atmos-y-vose/13593/,2026-10-08T06:57:05.017772+00:00
Verity. La sombra de un engaño,Verity,2026,Michael Showalter,"Thriller, Drama","Lowen Ashleigh es contratada como escritora fantasma por Jeremy Crawford para escribir las novelas de su esposa Verity, autora de bestsellers, impedida tras un accidente. Lowen descubre las inquietantes verdades de Verity mientras reside en casa de los Crawford para trabajar. (FILMAFFINITY)",https://pics.filmaffinity.com/verity-273395489-large.jpg,https://www.filmaffinity.com/es/evideos.php?movie_id=740344,5.3,6.0,33.0,71.0,Cine Yelmo Westfield La Maquinista,2026-10-11T17:30:00+02:00,,,,Digital,,unknown,Tarifa variable; consultar el pase de La Maquinista,https://www.publicine.net/cartelera-cine/barcelona/yelmo-westfield-la-maquinista,https://cine.entradas.com/cine/barcelona/cine-yelmo-westfield-la-maquinista/evento/46669/verity-la-sombra-de-un-engano?mode=widget&change=0&ref=744,2026-10-08T06:58:01.153187+00:00
Resident Evil,Resident Evil,2026,Zach Cregger,"Ciencia ficción, Suspense, Terror","Bryan, un mensajero médico, se ve atrapado inesperadamente en una noche de caos en la que la ciudad empieza a colapsar por una amenaza desconocida. Obligado a sobrevivir, deberá enfrentarse a una peligrosa carrera llena de acción mientras intenta escapar del horror que se desata a su alrededor.",https://es.web.img3.acsta.net/c_160_213/img/40/92/4092e505c00d28878024f17b01002c9c.jpg,https://www.filmaffinity.com/es/evideos.php?movie_id=579353,7.0,7.6,96.0,91.0,Cinesa Diagonal Mar,2026-10-11T17:45:00+02:00,,,,Digital,,unknown,"Tarifa variable; seleccionar cine, fecha y sesión",https://www.publicine.net/cartelera-cine/barcelona/cinesa-diagonal-mar,https://web.cinesa.es/compra/butacas/?showtimeId=032-59187,2026-10-08T06:57:49.911074+00:00
La isla olvidada,Forgotten Island,2026,"Joel Crawford , Januel P. Mercado","Animación, Aventura, Comedia",Un grupo de personajes se encuentra en una isla mágica de la mitología filipina que había permanecido olvidada durante mucho tiempo.,https://es.web.img2.acsta.net/c_160_213/img/ee/16/ee161d327f52a9e974075b7c17d32d10.jpg,https://www.youtube.com/watch?v=2NNDuXJ7C7E,,7.8,95.0,95.0,Cinesa Diagonal,2026-10-11T17:55:00+02:00,,,,Digital,,unknown,"Tarifa variable; seleccionar cine, fecha y sesión",https://www.publicine.net/cartelera-cine/barcelona/cinesa-diagonal,https://web.cinesa.es/compra/butacas/?showtimeId=012-55549,2026-10-08T06:57:43.478267+00:00
Coyote vs. ACME,Coyote vs. Acme,2026,Dave Green,"Animación, Aventura, Comedia","Cansado de que los productos defectuosos de Acme arruinen sus planes, el Coyote contrata a un abogado para demandar a la corporación, ahora dirigida por un despiadado exjefe de su defensor. Juntos forjarán una inesperada amistad mientras luchan en los tribunales.",https://es.web.img3.acsta.net/c_160_213/img/18/4e/184e275eb73de363b01c7c3637407fcd.jpg,https://www.filmaffinity.com/es/evideos.php?movie_id=523116,6.7,7.4,96.0,94.0,Cine Yelmo Westfield La Maquinista,2026-10-11T17:55:00+02:00,,,,Digital,,unknown,Tarifa variable; consultar el pase de La Maquinista,https://www.publicine.net/cartelera-cine/barcelona/yelmo-westfield-la-maquinista,https://cine.entradas.com/cine/barcelona/cine-yelmo-westfield-la-maquinista/evento/46849/coyote-vs-acme?mode=widget&change=0&ref=744,2026-10-08T06:58:01.153187+00:00
Jakten,Jakten,1959,Erik Løchen,"Drama, Romance, Thriller","Federació Internacional de Cineclubs Concebut de manera simultània al naixement de la Nouvelle Vague, Jakten és un dels films més innovadors del cinema noruec. A partir d’un triangle amorós durant una partida de caça s’estructura un drama psicològic que trenca la narració lineal mitjançant salts temporals, veus interiors i personatges que trenquen la quarta paret.",https://pics.filmaffinity.com/jakten-614815739-large.jpg,,,7.3,,,Filmoteca de Catalunya — Sales Chomón i Laya,2026-10-11T18:00:00+02:00,VO,,ca,DCP,,unknown,General 4€; reducida 3€; programación infantil 2€,https://www.filmoteca.cat/web/ca/film/jakten,https://euromus.cultura.gencat.cat/filmoteca/venda/index.jsp?lang=1&nom_cache=FILMOTECA&property=FILMOTECA&codiActiv=1018&codiCicle=8,2026-10-08T06:58:05.462708+00:00
LA BOLA NEGRA,La bola negra,2026,"Javier Ambrossi, Javier Calvo",Drama,"ESTRENO EL VIERNES 25 DE SEPTIEMBRE. Las vidas interconectadas de tres hombres en tres épocas distintas. Tres existencias íntimamente ligadas por la sexualidad y el deseo, el dolor y la herencia; y una de las últimas obras, inacabada, de Federico García Lorca. Proyección en Dolby Atmos y 4K",https://phenomena-experience.com/obj/LCinesD_dat/eventos/JPg000fb.jpg,https://www.youtube.com/watch?v=nXkdGP4VVWI,,8.0,92.0,,Cinesa Diagonal,2026-10-11T18:15:00+02:00,,,,Digital,,unknown,"Tarifa variable; seleccionar cine, fecha y sesión",https://www.publicine.net/cartelera-cine/barcelona/cinesa-diagonal,https://web.cinesa.es/compra/butacas/?showtimeId=012-55345,2026-10-08T06:57:43.478267+00:00
LA BOLA NEGRA,La bola negra,2026,"Javier Ambrossi, Javier Calvo",Drama,"ESTRENO EL VIERNES 25 DE SEPTIEMBRE. Las vidas interconectadas de tres hombres en tres épocas distintas. Tres existencias íntimamente ligadas por la sexualidad y el deseo, el dolor y la herencia; y una de las últimas obras, inacabada, de Federico García Lorca. Proyección en Dolby Atmos y 4K",https://phenomena-experience.com/obj/LCinesD_dat/eventos/JPg000fb.jpg,https://www.youtube.com/watch?v=nXkdGP4VVWI,,8.0,92.0,,Cinesa Diagonal Mar,2026-10-11T18:15:00+02:00,,,,Digital,,unknown,"Tarifa variable; seleccionar cine, fecha y sesión",https://www.publicine.net/cartelera-cine/barcelona/cinesa-diagonal-mar,https://web.cinesa.es/compra/butacas/?showtimeId=032-58973,2026-10-08T06:57:49.911074+00:00
LA BOLA NEGRA,La bola negra,2026,"Javier Ambrossi, Javier Calvo",Drama,"ESTRENO EL VIERNES 25 DE SEPTIEMBRE. Las vidas interconectadas de tres hombres en tres épocas distintas. Tres existencias íntimamente ligadas por la sexualidad y el deseo, el dolor y la herencia; y una de las últimas obras, inacabada, de Federico García Lorca. Proyección en Dolby Atmos y 4K",https://phenomena-experience.com/obj/LCinesD_dat/eventos/JPg000fb.jpg,https://www.youtube.com/watch?v=nXkdGP4VVWI,,8.0,92.0,,Cinesa SOM Multiespai,2026-10-11T18:15:00+02:00,,,,Digital,,unknown,"Tarifa variable; seleccionar cine, fecha y sesión",https://www.publicine.net/cartelera-cine/barcelona/cinesa-som-multiespai-heron-city,https://web.cinesa.es/compra/butacas/?showtimeId=017-60724,2026-10-08T06:57:56.221234+00:00
ESCAPE ROOM 2,Escape Room 2,2026,Hèctor Claramunt,"Comedia, Thriller, Intriga","Cinc anys després, l’Edu, la Marina, la Viky i en Rai tornen a coincidir misteriosament en un nou local de moda situat a la part alta de la muntanya de Montjuïc, on antigament es trobava el parc d’atraccions. No trigaran a adonar-se que aquell establiment no és el que sembla. Aviat aniran a parar a una antiga atracció, un túnel del terror que havia quedat soterrat, on apareix un comptador acompanyat d’un missatge amenaçador que els resulta inquietantment familiar: tenen 60 minuts per a sortir o moriran.",https://espaitexas.cat/wp-content/uploads/2026/10/6a9fc286373b2.jpg,https://www.filmaffinity.com/es/evideos.php?movie_id=903140,,,,,Espai Texas — Cinemes Texas,2026-10-11T18:15:00+02:00,VO,ca,,,,unknown,Lunes–viernes 6€; jueves del espectador 4€; fin de semana 8€,https://espaitexas.cat/pelicula/escape-room-2/,https://espaitexas.koobin.cat/ca/escape-room-2-vo-20261011-1815,2026-10-08T06:57:24.326842+00:00
LA INVASIÓ DELS BÀRBARS,La invasió dels bàrbars,2025,Vicent Monsonís,Drama,"València, 1939. Esperanza és conservadora d’art i responsable de les obres del Museu de Prado traslladades a València durant la guerra per a protegir-les dels bombardejos feixistes. Acabada la guerra, Esperanza és detinguda i interrogada per un tinent franquista sobre un quadre de la col·lecció del Prat que no apareix. El seu títol: La invasió dels bàrbars.  80 anys després, l’Aurora s’enfronta a l’alcalde d’un poble pròxim a València per l’exhumació d’una fossa del franquisme descoberta en el seu terme municipal.",https://espaitexas.cat/wp-content/uploads/2026/09/mv5bodeymmnlndmtoge1ny00zty0ltg5ntityzm3ognjzdkwmwjkxkeyxkfqcgcx.-v1-.jpg,https://www.filmaffinity.com/es/evideos.php?movie_id=492711,7.2,7.5,,,Espai Texas — Cinemes Texas,2026-10-11T18:15:00+02:00,VO,ca,,,,unknown,Lunes–viernes 6€; jueves del espectador 4€; fin de semana 8€,https://espaitexas.cat/pelicula/la-invasio-dels-barbars/,https://espaitexas.koobin.cat/ca/la-invasio-dels-barbars-vo-20261011-0000,2026-10-08T06:57:26.397369+00:00
Resident Evil,Resident Evil,2026,Zach Cregger,"Ciencia ficción, Suspense, Terror","Bryan, un mensajero médico, se ve atrapado inesperadamente en una noche de caos en la que la ciudad empieza a colapsar por una amenaza desconocida. Obligado a sobrevivir, deberá enfrentarse a una peligrosa carrera llena de acción mientras intenta escapar del horror que se desata a su alrededor.",https://es.web.img3.acsta.net/c_160_213/img/40/92/4092e505c00d28878024f17b01002c9c.jpg,https://www.filmaffinity.com/es/evideos.php?movie_id=579353,7.0,7.6,96.0,91.0,Cine Yelmo Westfield La Maquinista,2026-10-11T18:15:00+02:00,,,,Digital,,unknown,Tarifa variable; consultar el pase de La Maquinista,https://www.publicine.net/cartelera-cine/barcelona/yelmo-westfield-la-maquinista,https://cine.entradas.com/cine/barcelona/cine-yelmo-westfield-la-maquinista/evento/46676/resident-evil?mode=widget&change=0&ref=744,2026-10-08T06:58:01.153187+00:00
LA BOLA NEGRA,La bola negra,2026,"Javier Ambrossi, Javier Calvo",Drama,"ESTRENO EL VIERNES 25 DE SEPTIEMBRE. Las vidas interconectadas de tres hombres en tres épocas distintas. Tres existencias íntimamente ligadas por la sexualidad y el deseo, el dolor y la herencia; y una de las últimas obras, inacabada, de Federico García Lorca. Proyección en Dolby Atmos y 4K",https://phenomena-experience.com/obj/LCinesD_dat/eventos/JPg000fb.jpg,https://www.youtube.com/watch?v=nXkdGP4VVWI,,8.0,92.0,,Cine Yelmo Westfield La Maquinista,2026-10-11T18:30:00+02:00,,,,Digital,,unknown,Tarifa variable; consultar el pase de La Maquinista,https://www.publicine.net/cartelera-cine/barcelona/yelmo-westfield-la-maquinista,https://cine.entradas.com/cine/barcelona/cine-yelmo-westfield-la-maquinista/evento/46699/la-bola-negra?mode=widget&change=0&ref=744,2026-10-08T06:58:01.153187+00:00
Verity. La sombra de un engaño,Verity,2026,Michael Showalter,"Thriller, Drama","Lowen Ashleigh es contratada como escritora fantasma por Jeremy Crawford para escribir las novelas de su esposa Verity, autora de bestsellers, impedida tras un accidente. Lowen descubre las inquietantes verdades de Verity mientras reside en casa de los Crawford para trabajar. (FILMAFFINITY)",https://pics.filmaffinity.com/verity-273395489-large.jpg,https://www.filmaffinity.com/es/evideos.php?movie_id=740344,5.3,6.0,33.0,71.0,Cinesa Diagonal Mar,2026-10-11T18:40:00+02:00,,,,Digital,,unknown,"Tarifa variable; seleccionar cine, fecha y sesión",https://www.publicine.net/cartelera-cine/barcelona/cinesa-diagonal-mar,https://web.cinesa.es/compra/butacas/?showtimeId=032-59189,2026-10-08T06:57:49.911074+00:00
Verity. La sombra de un engaño,Verity,2026,Michael Showalter,"Thriller, Drama","Lowen Ashleigh es contratada como escritora fantasma por Jeremy Crawford para escribir las novelas de su esposa Verity, autora de bestsellers, impedida tras un accidente. Lowen descubre las inquietantes verdades de Verity mientras reside en casa de los Crawford para trabajar. (FILMAFFINITY)",https://pics.filmaffinity.com/verity-273395489-large.jpg,https://www.filmaffinity.com/es/evideos.php?movie_id=740344,5.3,6.0,33.0,71.0,Cinesa Diagonal,2026-10-11T18:45:00+02:00,,,,Digital,,unknown,"Tarifa variable; seleccionar cine, fecha y sesión",https://www.publicine.net/cartelera-cine/barcelona/cinesa-diagonal,https://web.cinesa.es/compra/butacas/?showtimeId=012-55552,2026-10-08T06:57:43.478267+00:00
En el corazón de la bestia,Heart Of The Beast,2026,David Ayer,"Acción, Aventura","Un ex soldado herido y su perro militar luchan por sobrevivir en la naturaleza salvaje de Alaska. Enfrentando frío, soledad y peligros constantes, su vínculo será clave para regresar a casa.",https://es.web.img3.acsta.net/c_160_213/img/06/8b/068b23e941178cfd676278b44064f0e9.jpg,https://www.youtube.com/watch?v=Rh24D89hFMg,6.4,7.3,85.0,94.0,Cine Yelmo Westfield La Maquinista,2026-10-11T18:45:00+02:00,,,,Digital,,unknown,Tarifa variable; consultar el pase de La Maquinista,https://www.publicine.net/cartelera-cine/barcelona/yelmo-westfield-la-maquinista,https://cine.entradas.com/cine/barcelona/cine-yelmo-westfield-la-maquinista/evento/46698/en-el-corazon-de-la-bestia?mode=widget&change=0&ref=744,2026-10-08T06:58:01.153187+00:00
LA BOLA NEGRA,La bola negra,2026,"Javier Ambrossi, Javier Calvo",Drama,"ESTRENO EL VIERNES 25 DE SEPTIEMBRE. Las vidas interconectadas de tres hombres en tres épocas distintas. Tres existencias íntimamente ligadas por la sexualidad y el deseo, el dolor y la herencia; y una de las últimas obras, inacabada, de Federico García Lorca. Proyección en Dolby Atmos y 4K",https://phenomena-experience.com/obj/LCinesD_dat/eventos/JPg000fb.jpg,https://www.youtube.com/watch?v=nXkdGP4VVWI,,8.0,92.0,,Cinesa SOM Multiespai,2026-10-11T19:00:00+02:00,,,,Digital,,unknown,"Tarifa variable; seleccionar cine, fecha y sesión",https://www.publicine.net/cartelera-cine/barcelona/cinesa-som-multiespai-heron-city,https://web.cinesa.es/compra/butacas/?showtimeId=017-60931,2026-10-08T06:57:56.221234+00:00
En el corazón de la bestia,Heart Of The Beast,2026,David Ayer,"Acción, Aventura","Un ex soldado herido y su perro militar luchan por sobrevivir en la naturaleza salvaje de Alaska. Enfrentando frío, soledad y peligros constantes, su vínculo será clave para regresar a casa.",https://es.web.img3.acsta.net/c_160_213/img/06/8b/068b23e941178cfd676278b44064f0e9.jpg,https://www.youtube.com/watch?v=Rh24D89hFMg,6.4,7.3,85.0,94.0,Cinesa Diagonal,2026-10-11T19:10:00+02:00,,,,Digital,,unknown,"Tarifa variable; seleccionar cine, fecha y sesión",https://www.publicine.net/cartelera-cine/barcelona/cinesa-diagonal,https://web.cinesa.es/compra/butacas/?showtimeId=012-55553,2026-10-08T06:57:43.478267+00:00
Digger,Digger,2026,Alejandro González Iñárritu,"Acción, Comedia","El hombre más poderoso del mundo provoca un desastre que amenaza a la humanidad. Para redimirse, emprende una misión arriesgada con el objetivo de convertirse en su salvador.",https://es.web.img3.acsta.net/c_160_213/img/0f/c9/0fc9092d6e2afd046417684533c535c4.jpg,https://www.youtube.com/watch?v=xU2jWSsaWY0,6.4,,,,Cinesa Diagonal Mar,2026-10-11T19:10:00+02:00,,,,IMAX,,unknown,"Tarifa variable; seleccionar cine, fecha y sesión",https://www.publicine.net/cartelera-cine/barcelona/cinesa-diagonal-mar,https://web.cinesa.es/compra/butacas/?showtimeId=032-59192,2026-10-08T06:57:49.911074+00:00
LA BOLA NEGRA,La bola negra,2026,"Javier Ambrossi, Javier Calvo",Drama,"ESTRENO EL VIERNES 25 DE SEPTIEMBRE. Las vidas interconectadas de tres hombres en tres épocas distintas. Tres existencias íntimamente ligadas por la sexualidad y el deseo, el dolor y la herencia; y una de las últimas obras, inacabada, de Federico García Lorca. Proyección en Dolby Atmos y 4K",https://phenomena-experience.com/obj/LCinesD_dat/eventos/JPg000fb.jpg,https://www.youtube.com/watch?v=nXkdGP4VVWI,,8.0,92.0,,Cinesa Diagonal,2026-10-11T19:15:00+02:00,,,,Digital,,unknown,"Tarifa variable; seleccionar cine, fecha y sesión",https://www.publicine.net/cartelera-cine/barcelona/cinesa-diagonal,https://web.cinesa.es/compra/butacas/?showtimeId=012-55554,2026-10-08T06:57:43.478267+00:00
LA BOLA NEGRA,La bola negra,2026,"Javier Ambrossi, Javier Calvo",Drama,"ESTRENO EL VIERNES 25 DE SEPTIEMBRE. Las vidas interconectadas de tres hombres en tres épocas distintas. Tres existencias íntimamente ligadas por la sexualidad y el deseo, el dolor y la herencia; y una de las últimas obras, inacabada, de Federico García Lorca. Proyección en Dolby Atmos y 4K",https://phenomena-experience.com/obj/LCinesD_dat/eventos/JPg000fb.jpg,https://www.youtube.com/watch?v=nXkdGP4VVWI,,8.0,92.0,,Cinesa Diagonal Mar,2026-10-11T19:15:00+02:00,,,,Digital,,unknown,"Tarifa variable; seleccionar cine, fecha y sesión",https://www.publicine.net/cartelera-cine/barcelona/cinesa-diagonal-mar,https://web.cinesa.es/compra/butacas/?showtimeId=032-59193,2026-10-08T06:57:49.911074+00:00
En el corazón de la bestia,Heart Of The Beast,2026,David Ayer,"Acción, Aventura","Un ex soldado herido y su perro militar luchan por sobrevivir en la naturaleza salvaje de Alaska. Enfrentando frío, soledad y peligros constantes, su vínculo será clave para regresar a casa.",https://es.web.img3.acsta.net/c_160_213/img/06/8b/068b23e941178cfd676278b44064f0e9.jpg,https://www.youtube.com/watch?v=Rh24D89hFMg,6.4,7.3,85.0,94.0,Cinesa SOM Multiespai,2026-10-11T19:15:00+02:00,,,,Digital,,unknown,"Tarifa variable; seleccionar cine, fecha y sesión",https://www.publicine.net/cartelera-cine/barcelona/cinesa-som-multiespai-heron-city,https://web.cinesa.es/compra/butacas/?showtimeId=017-60933,2026-10-08T06:57:56.221234+00:00
Verity. La sombra de un engaño,Verity,2026,Michael Showalter,"Thriller, Drama","Lowen Ashleigh es contratada como escritora fantasma por Jeremy Crawford para escribir las novelas de su esposa Verity, autora de bestsellers, impedida tras un accidente. Lowen descubre las inquietantes verdades de Verity mientras reside en casa de los Crawford para trabajar. (FILMAFFINITY)",https://pics.filmaffinity.com/verity-273395489-large.jpg,https://www.filmaffinity.com/es/evideos.php?movie_id=740344,5.3,6.0,33.0,71.0,Cinesa SOM Multiespai,2026-10-11T19:20:00+02:00,,,,Digital,,unknown,"Tarifa variable; seleccionar cine, fecha y sesión",https://www.publicine.net/cartelera-cine/barcelona/cinesa-som-multiespai-heron-city,https://web.cinesa.es/compra/butacas/?showtimeId=017-60934,2026-10-08T06:57:56.221234+00:00
Digger,Digger,2026,Alejandro González Iñárritu,"Acción, Comedia","El hombre más poderoso del mundo provoca un desastre que amenaza a la humanidad. Para redimirse, emprende una misión arriesgada con el objetivo de convertirse en su salvador.",https://es.web.img3.acsta.net/c_160_213/img/0f/c9/0fc9092d6e2afd046417684533c535c4.jpg,https://www.youtube.com/watch?v=xU2jWSsaWY0,6.4,,,,Cinesa Diagonal,2026-10-11T19:30:00+02:00,,,,Digital,,unknown,"Tarifa variable; seleccionar cine, fecha y sesión",https://www.publicine.net/cartelera-cine/barcelona/cinesa-diagonal,https://web.cinesa.es/compra/butacas/?showtimeId=012-55555,2026-10-08T06:57:43.478267+00:00
En el corazón de la bestia,Heart Of The Beast,2026,David Ayer,"Acción, Aventura","Un ex soldado herido y su perro militar luchan por sobrevivir en la naturaleza salvaje de Alaska. Enfrentando frío, soledad y peligros constantes, su vínculo será clave para regresar a casa.",https://es.web.img3.acsta.net/c_160_213/img/06/8b/068b23e941178cfd676278b44064f0e9.jpg,https://www.youtube.com/watch?v=Rh24D89hFMg,6.4,7.3,85.0,94.0,Cinesa Diagonal Mar,2026-10-11T19:30:00+02:00,,,,Digital,,unknown,"Tarifa variable; seleccionar cine, fecha y sesión",https://www.publicine.net/cartelera-cine/barcelona/cinesa-diagonal-mar,https://web.cinesa.es/compra/butacas/?showtimeId=032-59194,2026-10-08T06:57:49.911074+00:00
Resident Evil,Resident Evil,2026,Zach Cregger,"Ciencia ficción, Suspense, Terror","Bryan, un mensajero médico, se ve atrapado inesperadamente en una noche de caos en la que la ciudad empieza a colapsar por una amenaza desconocida. Obligado a sobrevivir, deberá enfrentarse a una peligrosa carrera llena de acción mientras intenta escapar del horror que se desata a su alrededor.",https://es.web.img3.acsta.net/c_160_213/img/40/92/4092e505c00d28878024f17b01002c9c.jpg,https://www.filmaffinity.com/es/evideos.php?movie_id=579353,7.0,7.6,96.0,91.0,Cinesa SOM Multiespai,2026-10-11T19:30:00+02:00,,,,Digital,,unknown,"Tarifa variable; seleccionar cine, fecha y sesión",https://www.publicine.net/cartelera-cine/barcelona/cinesa-som-multiespai-heron-city,https://web.cinesa.es/compra/butacas/?showtimeId=017-60935,2026-10-08T06:57:56.221234+00:00
Naza,"Naza (נז""א)",2026,"Yuval Abraham, Rachel Szor",Documental,"Dos dels autors de la guanyadora de l'Óscar ""No Other Land"" documenten els mecanismes i sistemes automatitzats (incloent intel·ligència artificial) utilitzats per les Forces de Defensa d'Israel (FDI) per a la selecció d'objectius i el bombardeig massiu de civils en la Franja de Gaza. Premi Especial de Jurat al festival de Venècia.",https://pics.filmaffinity.com/naza-969777841-large.jpg,https://www.filmaffinity.com/es/evideos.php?movie_id=105520,7.6,7.9,100.0,,Zumzeig Cinecooperativa,2026-10-11T19:30:00+02:00,VO,,es,,,unknown,"General 7,50€; miércoles no festivos 5,50€; reducida 6€; socias 4,50€",https://zumzeigcine.coop/cinema/films/naza/,https://www.codetickets.com/portal/zumzeigcooperativa/online/37717/102042,2026-10-08T06:57:17.882975+00:00
LA BOLA NEGRA,La bola negra,2026,"Javier Ambrossi, Javier Calvo",Drama,"ESTRENO EL VIERNES 25 DE SEPTIEMBRE. Las vidas interconectadas de tres hombres en tres épocas distintas. Tres existencias íntimamente ligadas por la sexualidad y el deseo, el dolor y la herencia; y una de las últimas obras, inacabada, de Federico García Lorca. Proyección en Dolby Atmos y 4K",https://phenomena-experience.com/obj/LCinesD_dat/eventos/JPg000fb.jpg,https://www.youtube.com/watch?v=nXkdGP4VVWI,,8.0,92.0,,Cinesa Diagonal Mar,2026-10-11T19:35:00+02:00,,,,Digital,,unknown,"Tarifa variable; seleccionar cine, fecha y sesión",https://www.publicine.net/cartelera-cine/barcelona/cinesa-diagonal-mar,https://web.cinesa.es/compra/butacas/?showtimeId=032-59195,2026-10-08T06:57:49.911074+00:00
LA BOLA NEGRA,La bola negra,2026,"Javier Ambrossi, Javier Calvo",Drama,"ESTRENO EL VIERNES 25 DE SEPTIEMBRE. Las vidas interconectadas de tres hombres en tres épocas distintas. Tres existencias íntimamente ligadas por la sexualidad y el deseo, el dolor y la herencia; y una de las últimas obras, inacabada, de Federico García Lorca. Proyección en Dolby Atmos y 4K",https://phenomena-experience.com/obj/LCinesD_dat/eventos/JPg000fb.jpg,https://www.youtube.com/watch?v=nXkdGP4VVWI,,8.0,92.0,,Cine Yelmo Westfield La Maquinista,2026-10-11T19:40:00+02:00,,,,Digital,,unknown,Tarifa variable; consultar el pase de La Maquinista,https://www.publicine.net/cartelera-cine/barcelona/yelmo-westfield-la-maquinista,https://cine.entradas.com/cine/barcelona/cine-yelmo-westfield-la-maquinista/evento/46695/la-bola-negra?mode=widget&change=0&ref=744,2026-10-08T06:58:01.153187+00:00
LA BOLA NEGRA,La bola negra,2026,"Javier Ambrossi, Javier Calvo",Drama,"ESTRENO EL VIERNES 25 DE SEPTIEMBRE. Las vidas interconectadas de tres hombres en tres épocas distintas. Tres existencias íntimamente ligadas por la sexualidad y el deseo, el dolor y la herencia; y una de las últimas obras, inacabada, de Federico García Lorca. Proyección en Dolby Atmos y 4K",https://phenomena-experience.com/obj/LCinesD_dat/eventos/JPg000fb.jpg,https://www.youtube.com/watch?v=nXkdGP4VVWI,,8.0,92.0,,Cinesa SOM Multiespai,2026-10-11T19:45:00+02:00,,,,Digital,,unknown,"Tarifa variable; seleccionar cine, fecha y sesión",https://www.publicine.net/cartelera-cine/barcelona/cinesa-som-multiespai-heron-city,https://web.cinesa.es/compra/butacas/?showtimeId=017-60936,2026-10-08T06:57:56.221234+00:00
Vengadores Endgame: Encore,,,"Joe Russo, Anthony Russo","Aventuras, Fantástico","El grave curso de los acontecimientos puesto en marcha por Thanos, el Titán loco, obliga a los Vengadores y a sus aliados a tomar una última posición para restaurar el orden en el universo al precio que sea.",https://www.publicine.net/img/pel/full/16350f_vengadores-endgame-encore.webp,https://www.youtube.com/watch?v=kJeJTYHUtW0,,,,,Cine Yelmo Westfield La Maquinista,2026-10-11T19:45:00+02:00,,,,Digital,,unknown,Tarifa variable; consultar el pase de La Maquinista,https://www.publicine.net/cartelera-cine/barcelona/yelmo-westfield-la-maquinista,https://cine.entradas.com/cine/barcelona/cine-yelmo-westfield-la-maquinista/evento/46696/vengadores-endgame-encore?mode=widget&change=0&ref=744,2026-10-08T06:58:01.153187+00:00
Verity. La sombra de un engaño,Verity,2026,Michael Showalter,"Thriller, Drama","Lowen Ashleigh es contratada como escritora fantasma por Jeremy Crawford para escribir las novelas de su esposa Verity, autora de bestsellers, impedida tras un accidente. Lowen descubre las inquietantes verdades de Verity mientras reside en casa de los Crawford para trabajar. (FILMAFFINITY)",https://pics.filmaffinity.com/verity-273395489-large.jpg,https://www.filmaffinity.com/es/evideos.php?movie_id=740344,5.3,6.0,33.0,71.0,Cine Yelmo Westfield La Maquinista,2026-10-11T19:55:00+02:00,,,,Digital,,unknown,Tarifa variable; consultar el pase de La Maquinista,https://www.publicine.net/cartelera-cine/barcelona/yelmo-westfield-la-maquinista,https://cine.entradas.com/cine/barcelona/cine-yelmo-westfield-la-maquinista/evento/46668/verity-la-sombra-de-un-engano?mode=widget&change=0&ref=744,2026-10-08T06:58:01.153187+00:00
Resident Evil,Resident Evil,2026,Zach Cregger,"Ciencia ficción, Suspense, Terror","Bryan, un mensajero médico, se ve atrapado inesperadamente en una noche de caos en la que la ciudad empieza a colapsar por una amenaza desconocida. Obligado a sobrevivir, deberá enfrentarse a una peligrosa carrera llena de acción mientras intenta escapar del horror que se desata a su alrededor.",https://es.web.img3.acsta.net/c_160_213/img/40/92/4092e505c00d28878024f17b01002c9c.jpg,https://www.filmaffinity.com/es/evideos.php?movie_id=579353,7.0,7.6,96.0,91.0,Cinesa Diagonal Mar,2026-10-11T20:00:00+02:00,,,,Digital,,unknown,"Tarifa variable; seleccionar cine, fecha y sesión",https://www.publicine.net/cartelera-cine/barcelona/cinesa-diagonal-mar,https://web.cinesa.es/compra/butacas/?showtimeId=032-59204,2026-10-08T06:57:49.911074+00:00
Digger,Digger,2026,Alejandro González Iñárritu,"Acción, Comedia","El hombre más poderoso del mundo provoca un desastre que amenaza a la humanidad. Para redimirse, emprende una misión arriesgada con el objetivo de convertirse en su salvador.",https://es.web.img3.acsta.net/c_160_213/img/0f/c9/0fc9092d6e2afd046417684533c535c4.jpg,https://www.youtube.com/watch?v=xU2jWSsaWY0,6.4,,,,Cinesa SOM Multiespai,2026-10-11T20:00:00+02:00,,,,Digital,,unknown,"Tarifa variable; seleccionar cine, fecha y sesión",https://www.publicine.net/cartelera-cine/barcelona/cinesa-som-multiespai-heron-city,https://web.cinesa.es/compra/butacas/?showtimeId=017-60949,2026-10-08T06:57:56.221234+00:00
Boogie Nights,Boogie Nights,1997,Paul Thomas Anderson,Drama,Paul Thomas Anderson es va donar a conèixer al gran públic amb aquest film de ritme frenètic i guió excel·lent que exposa la biografia de l’actor porno John Holmes durant les dècades dels setanta i els vuitanta.,https://pics.filmaffinity.com/boogie_nights-759935041-large.jpg,https://www.youtube.com/embed/jXM5VTSL7Hg,7.3,7.9,91.0,89.0,Filmoteca de Catalunya — Sales Chomón i Laya,2026-10-11T20:00:00+02:00,VO,,ca,DCP,,unknown,General 4€; reducida 3€; programación infantil 2€,https://www.filmoteca.cat/web/ca/film/boogie-nights,https://euromus.cultura.gencat.cat/filmoteca/venda/index.jsp?lang=1&nom_cache=FILMOTECA&property=FILMOTECA&codiActiv=1017&codiCicle=6,2026-10-08T06:57:06.240857+00:00
Cronos,Cronos,2026,Fernando González Molina,"Drama, Suspense","La película sigue la operación Cronos, activada tras el atentado en Las Ramblas, durante cuatro días de tensión y confusión. La misión culmina con la captura del último terrorista, dejando heridas abiertas y un país marcado por el miedo y la frustración.",https://es.web.img3.acsta.net/c_160_213/img/68/13/6813bcb516cf8f5787c00a1d9a5ea6b0.jpg,https://www.youtube.com/watch?v=XymFT_jUeXY,6.2,6.7,,,Cine Yelmo Westfield La Maquinista,2026-10-11T20:00:00+02:00,,,,Digital,,unknown,Tarifa variable; consultar el pase de La Maquinista,https://www.publicine.net/cartelera-cine/barcelona/yelmo-westfield-la-maquinista,https://www.publicine.net/venda/18172/59/aHR0cHM6Ly9jaW5lLmVudHJhZGFzLmNvbS9jaW5lL2JhcmNlbG9uYS9jaW5lLXllbG1vLXdlc3RmaWVsZC1sYS1tYXF1aW5pc3RhL2V2ZW50by80NjcxMC9jcm9ub3M/bW9kZT13aWRnZXQmY2hhbmdlPTAmcmVmPTc0NA,2026-10-08T06:58:01.153187+00:00
LA BOLA NEGRA,La bola negra,2026,"Javier Ambrossi, Javier Calvo",Drama,"ESTRENO EL VIERNES 25 DE SEPTIEMBRE. Las vidas interconectadas de tres hombres en tres épocas distintas. Tres existencias íntimamente ligadas por la sexualidad y el deseo, el dolor y la herencia; y una de las últimas obras, inacabada, de Federico García Lorca. Proyección en Dolby Atmos y 4K",https://phenomena-experience.com/obj/LCinesD_dat/eventos/JPg000fb.jpg,https://www.youtube.com/watch?v=nXkdGP4VVWI,,8.0,92.0,,Phenomena Experience,2026-10-11T20:10:00+02:00,,,,"4K, Dolby Atmos, Digital",12.0,published,Precio según pase; consultar la ficha de la película,https://phenomena-experience.com/index?pag=cartelera,https://www.reservaentradas.com/entrada/barcelona/phenomenaexperience/la-bola-negra-proyeccion-en-dolby-atmos-y-4k/13594/,2026-10-08T06:57:05.017772+00:00
ESCAPE ROOM 2,Escape Room 2,2026,Hèctor Claramunt,"Comedia, Thriller, Intriga","Cinc anys després, l’Edu, la Marina, la Viky i en Rai tornen a coincidir misteriosament en un nou local de moda situat a la part alta de la muntanya de Montjuïc, on antigament es trobava el parc d’atraccions. No trigaran a adonar-se que aquell establiment no és el que sembla. Aviat aniran a parar a una antiga atracció, un túnel del terror que havia quedat soterrat, on apareix un comptador acompanyat d’un missatge amenaçador que els resulta inquietantment familiar: tenen 60 minuts per a sortir o moriran.",https://espaitexas.cat/wp-content/uploads/2026/10/6a9fc286373b2.jpg,https://www.filmaffinity.com/es/evideos.php?movie_id=903140,,,,,Espai Texas — Cinemes Texas,2026-10-11T20:15:00+02:00,VO,ca,,,,unknown,Lunes–viernes 6€; jueves del espectador 4€; fin de semana 8€,https://espaitexas.cat/pelicula/escape-room-2/,https://espaitexas.koobin.cat/ca/escape-room-2-vo-20261011-2015,2026-10-08T06:57:24.326842+00:00
Resident Evil,Resident Evil,2026,Zach Cregger,"Ciencia ficción, Suspense, Terror","Bryan, un mensajero médico, se ve atrapado inesperadamente en una noche de caos en la que la ciudad empieza a colapsar por una amenaza desconocida. Obligado a sobrevivir, deberá enfrentarse a una peligrosa carrera llena de acción mientras intenta escapar del horror que se desata a su alrededor.",https://es.web.img3.acsta.net/c_160_213/img/40/92/4092e505c00d28878024f17b01002c9c.jpg,https://www.filmaffinity.com/es/evideos.php?movie_id=579353,7.0,7.6,96.0,91.0,Cinesa Diagonal,2026-10-11T20:25:00+02:00,,,,Digital,,unknown,"Tarifa variable; seleccionar cine, fecha y sesión",https://www.publicine.net/cartelera-cine/barcelona/cinesa-diagonal,https://web.cinesa.es/compra/butacas/?showtimeId=012-55557,2026-10-08T06:57:43.478267+00:00
LA BOLA NEGRA,La bola negra,2026,"Javier Ambrossi, Javier Calvo",Drama,"ESTRENO EL VIERNES 25 DE SEPTIEMBRE. Las vidas interconectadas de tres hombres en tres épocas distintas. Tres existencias íntimamente ligadas por la sexualidad y el deseo, el dolor y la herencia; y una de las últimas obras, inacabada, de Federico García Lorca. Proyección en Dolby Atmos y 4K",https://phenomena-experience.com/obj/LCinesD_dat/eventos/JPg000fb.jpg,https://www.youtube.com/watch?v=nXkdGP4VVWI,,8.0,92.0,,Cine Yelmo Westfield La Maquinista,2026-10-11T20:25:00+02:00,,,,Digital,,unknown,Tarifa variable; consultar el pase de La Maquinista,https://www.publicine.net/cartelera-cine/barcelona/yelmo-westfield-la-maquinista,https://cine.entradas.com/cine/barcelona/cine-yelmo-westfield-la-maquinista/evento/46442/la-bola-negra?mode=widget&change=0&ref=744,2026-10-08T06:58:01.153187+00:00
OMBRA NÒMADA,,2026,Eimi Imanishi,,"La Mariam, una jove sahrauí amb un carisma especial, és deportada d’Espanya i forçada a tornar a la llar familiar al Sàhara Occidental. Desesperada per tornar a Barcelona, la Mariam no aconsegueix adaptar-se al seu lloc de naixement. Els seus intents fallits per millorar la seva situació l’enfrontaran de ple amb la seva identitat: ni el seu arrelament al Sàhara ni el seu vincle amb Espanya resulten suficients per a trobar el seu lloc.",https://espaitexas.cat/wp-content/uploads/2026/09/tal-nomad-shadow-poster-2-72.jpg,,,,,,Espai Texas — Cinemes Texas,2026-10-11T20:30:00+02:00,VO,CASTELLÀ I ÀRAB,ca,,,unknown,Lunes–viernes 6€; jueves del espectador 4€; fin de semana 8€,https://espaitexas.cat/pelicula/ombra-nomada/,https://espaitexas.koobin.cat/ca/ombra-nomada-vosc-20261011-2030,2026-10-08T06:57:10.458064+00:00
Resident Evil,Resident Evil,2026,Zach Cregger,"Ciencia ficción, Suspense, Terror","Bryan, un mensajero médico, se ve atrapado inesperadamente en una noche de caos en la que la ciudad empieza a colapsar por una amenaza desconocida. Obligado a sobrevivir, deberá enfrentarse a una peligrosa carrera llena de acción mientras intenta escapar del horror que se desata a su alrededor.",https://es.web.img3.acsta.net/c_160_213/img/40/92/4092e505c00d28878024f17b01002c9c.jpg,https://www.filmaffinity.com/es/evideos.php?movie_id=579353,7.0,7.6,96.0,91.0,Cine Yelmo Westfield La Maquinista,2026-10-11T20:40:00+02:00,,,,Digital,,unknown,Tarifa variable; consultar el pase de La Maquinista,https://www.publicine.net/cartelera-cine/barcelona/yelmo-westfield-la-maquinista,https://cine.entradas.com/cine/barcelona/cine-yelmo-westfield-la-maquinista/evento/46675/resident-evil?mode=widget&change=0&ref=744,2026-10-08T06:58:01.153187+00:00
LA BOLA NEGRA,La bola negra,2026,"Javier Ambrossi, Javier Calvo",Drama,"ESTRENO EL VIERNES 25 DE SEPTIEMBRE. Las vidas interconectadas de tres hombres en tres épocas distintas. Tres existencias íntimamente ligadas por la sexualidad y el deseo, el dolor y la herencia; y una de las últimas obras, inacabada, de Federico García Lorca. Proyección en Dolby Atmos y 4K",https://phenomena-experience.com/obj/LCinesD_dat/eventos/JPg000fb.jpg,https://www.youtube.com/watch?v=nXkdGP4VVWI,,8.0,92.0,,Cinesa Diagonal,2026-10-11T20:45:00+02:00,,,,Digital,,unknown,"Tarifa variable; seleccionar cine, fecha y sesión",https://www.publicine.net/cartelera-cine/barcelona/cinesa-diagonal,https://web.cinesa.es/compra/butacas/?showtimeId=012-55558,2026-10-08T06:57:43.478267+00:00
LA BOLA NEGRA,La bola negra,2026,"Javier Ambrossi, Javier Calvo",Drama,"ESTRENO EL VIERNES 25 DE SEPTIEMBRE. Las vidas interconectadas de tres hombres en tres épocas distintas. Tres existencias íntimamente ligadas por la sexualidad y el deseo, el dolor y la herencia; y una de las últimas obras, inacabada, de Federico García Lorca. Proyección en Dolby Atmos y 4K",https://phenomena-experience.com/obj/LCinesD_dat/eventos/JPg000fb.jpg,https://www.youtube.com/watch?v=nXkdGP4VVWI,,8.0,92.0,,Cinesa Diagonal Mar,2026-10-11T20:45:00+02:00,,,,Digital,,unknown,"Tarifa variable; seleccionar cine, fecha y sesión",https://www.publicine.net/cartelera-cine/barcelona/cinesa-diagonal-mar,https://web.cinesa.es/compra/butacas/?showtimeId=032-59197,2026-10-08T06:57:49.911074+00:00
LA BOLA NEGRA,La bola negra,2026,"Javier Ambrossi, Javier Calvo",Drama,"ESTRENO EL VIERNES 25 DE SEPTIEMBRE. Las vidas interconectadas de tres hombres en tres épocas distintas. Tres existencias íntimamente ligadas por la sexualidad y el deseo, el dolor y la herencia; y una de las últimas obras, inacabada, de Federico García Lorca. Proyección en Dolby Atmos y 4K",https://phenomena-experience.com/obj/LCinesD_dat/eventos/JPg000fb.jpg,https://www.youtube.com/watch?v=nXkdGP4VVWI,,8.0,92.0,,Cinesa SOM Multiespai,2026-10-11T20:45:00+02:00,,,,Digital,,unknown,"Tarifa variable; seleccionar cine, fecha y sesión",https://www.publicine.net/cartelera-cine/barcelona/cinesa-som-multiespai-heron-city,https://web.cinesa.es/compra/butacas/?showtimeId=017-60938,2026-10-08T06:57:56.221234+00:00
Liverpool,Liverpool,2008,Lisandro Alonso,Drama,"Un treballador d’un vaixell de càrrega demana permís per desembarcar al port d’Ushuaia, la ciutat més meridional de l’Argentina. Vol tornar al lloc on va néixer i veure si la seva mare segueix viva. Durant els darrers vint anys ha treballat de mariner. Beu per oblidar, paga les dones amb qui se’n va al llit, no té amics. En arribar al petit grup de cases cobertes de neu on va créixer, s’endú una sorpresa.",https://pics.filmaffinity.com/liverpool-929551294-large.jpg,https://www.filmaffinity.com/es/evideos.php?movie_id=839872,5.5,6.4,94.0,49.0,Filmoteca de Catalunya — Sales Chomón i Laya,2026-10-11T21:00:00+02:00,VO,es,,35 mm,,unknown,General 4€; reducida 3€; programación infantil 2€,https://www.filmoteca.cat/web/ca/film/liverpool,https://euromus.cultura.gencat.cat/filmoteca/venda/index.jsp?lang=1&nom_cache=FILMOTECA&property=FILMOTECA&codiActiv=966&codiCicle=28,2026-10-08T06:57:52.170947+00:00
En el corazón de la bestia,Heart Of The Beast,2026,David Ayer,"Acción, Aventura","Un ex soldado herido y su perro militar luchan por sobrevivir en la naturaleza salvaje de Alaska. Enfrentando frío, soledad y peligros constantes, su vínculo será clave para regresar a casa.",https://es.web.img3.acsta.net/c_160_213/img/06/8b/068b23e941178cfd676278b44064f0e9.jpg,https://www.youtube.com/watch?v=Rh24D89hFMg,6.4,7.3,85.0,94.0,Cine Yelmo Westfield La Maquinista,2026-10-11T21:00:00+02:00,,,,Digital,,unknown,Tarifa variable; consultar el pase de La Maquinista,https://www.publicine.net/cartelera-cine/barcelona/yelmo-westfield-la-maquinista,https://cine.entradas.com/cine/barcelona/cine-yelmo-westfield-la-maquinista/evento/46707/en-el-corazon-de-la-bestia?mode=widget&change=0&ref=744,2026-10-08T06:58:01.153187+00:00
Digger,Digger,2026,Alejandro González Iñárritu,"Acción, Comedia","El hombre más poderoso del mundo provoca un desastre que amenaza a la humanidad. Para redimirse, emprende una misión arriesgada con el objetivo de convertirse en su salvador.",https://es.web.img3.acsta.net/c_160_213/img/0f/c9/0fc9092d6e2afd046417684533c535c4.jpg,https://www.youtube.com/watch?v=xU2jWSsaWY0,6.4,,,,Cinesa Diagonal Mar,2026-10-11T21:10:00+02:00,VO,,es,,,unknown,"Tarifa variable; seleccionar cine, fecha y sesión",https://www.publicine.net/cartelera-cine/barcelona/cinesa-diagonal-mar,https://web.cinesa.es/compra/butacas/?showtimeId=032-59198,2026-10-08T06:57:49.911074+00:00
Vengadores Endgame: Encore,,,"Joe Russo, Anthony Russo","Aventuras, Fantástico","El grave curso de los acontecimientos puesto en marcha por Thanos, el Titán loco, obliga a los Vengadores y a sus aliados a tomar una última posición para restaurar el orden en el universo al precio que sea.",https://www.publicine.net/img/pel/full/16350f_vengadores-endgame-encore.webp,https://www.youtube.com/watch?v=kJeJTYHUtW0,,,,,Cine Yelmo Westfield La Maquinista,2026-10-11T21:15:00+02:00,,,,3D,,unknown,Tarifa variable; consultar el pase de La Maquinista,https://www.publicine.net/cartelera-cine/barcelona/yelmo-westfield-la-maquinista,https://cine.entradas.com/cine/barcelona/cine-yelmo-westfield-la-maquinista/evento/46706/vengadores-endgame-encore-infinity-vision?mode=widget&change=0&ref=744,2026-10-08T06:58:01.153187+00:00
Ceniza en la boca,Ceniza en la boca,2026,Diego Luna,Drama,"Basada en la novel·la de Brenda Navarro, dos germans s'enfronten a la discriminació, els estigmes i les dificultats que acompanyen el dia a dia de les persones migrants, en viatjar a Espanya per retrobar-se amb la seva mare després de vuit anys.",https://pics.filmaffinity.com/ceniza_en_la_boca-859618471-large.jpg,https://www.filmaffinity.com/es/evideos.php?movie_id=503965,,6.4,76.0,,Zumzeig Cinecooperativa,2026-10-11T21:15:00+02:00,VO,es,,,,unknown,"General 7,50€; miércoles no festivos 5,50€; reducida 6€; socias 4,50€",https://zumzeigcine.coop/cinema/films/ceniza-en-la-boca/,https://www.codetickets.com/portal/zumzeigcooperativa/online/37713/102035,2026-10-08T06:57:20.380539+00:00
Verity. La sombra de un engaño,Verity,2026,Michael Showalter,"Thriller, Drama","Lowen Ashleigh es contratada como escritora fantasma por Jeremy Crawford para escribir las novelas de su esposa Verity, autora de bestsellers, impedida tras un accidente. Lowen descubre las inquietantes verdades de Verity mientras reside en casa de los Crawford para trabajar. (FILMAFFINITY)",https://pics.filmaffinity.com/verity-273395489-large.jpg,https://www.filmaffinity.com/es/evideos.php?movie_id=740344,5.3,6.0,33.0,71.0,Cinesa Diagonal,2026-10-11T21:30:00+02:00,VO,,es,,,unknown,"Tarifa variable; seleccionar cine, fecha y sesión",https://www.publicine.net/cartelera-cine/barcelona/cinesa-diagonal,https://web.cinesa.es/compra/butacas/?showtimeId=012-55560,2026-10-08T06:57:43.478267+00:00
Verity. La sombra de un engaño,Verity,2026,Michael Showalter,"Thriller, Drama","Lowen Ashleigh es contratada como escritora fantasma por Jeremy Crawford para escribir las novelas de su esposa Verity, autora de bestsellers, impedida tras un accidente. Lowen descubre las inquietantes verdades de Verity mientras reside en casa de los Crawford para trabajar. (FILMAFFINITY)",https://pics.filmaffinity.com/verity-273395489-large.jpg,https://www.filmaffinity.com/es/evideos.php?movie_id=740344,5.3,6.0,33.0,71.0,Cinesa Diagonal Mar,2026-10-11T21:30:00+02:00,,,,Digital,,unknown,"Tarifa variable; seleccionar cine, fecha y sesión",https://www.publicine.net/cartelera-cine/barcelona/cinesa-diagonal-mar,https://web.cinesa.es/compra/butacas/?showtimeId=032-59171,2026-10-08T06:57:49.911074+00:00
En el corazón de la bestia,Heart Of The Beast,2026,David Ayer,"Acción, Aventura","Un ex soldado herido y su perro militar luchan por sobrevivir en la naturaleza salvaje de Alaska. Enfrentando frío, soledad y peligros constantes, su vínculo será clave para regresar a casa.",https://es.web.img3.acsta.net/c_160_213/img/06/8b/068b23e941178cfd676278b44064f0e9.jpg,https://www.youtube.com/watch?v=Rh24D89hFMg,6.4,7.3,85.0,94.0,Cinesa SOM Multiespai,2026-10-11T21:40:00+02:00,,,,Digital,,unknown,"Tarifa variable; seleccionar cine, fecha y sesión",https://www.publicine.net/cartelera-cine/barcelona/cinesa-som-multiespai-heron-city,https://web.cinesa.es/compra/butacas/?showtimeId=017-60942,2026-10-08T06:57:56.221234+00:00
LA BOLA NEGRA,La bola negra,2026,"Javier Ambrossi, Javier Calvo",Drama,"ESTRENO EL VIERNES 25 DE SEPTIEMBRE. Las vidas interconectadas de tres hombres en tres épocas distintas. Tres existencias íntimamente ligadas por la sexualidad y el deseo, el dolor y la herencia; y una de las últimas obras, inacabada, de Federico García Lorca. Proyección en Dolby Atmos y 4K",https://phenomena-experience.com/obj/LCinesD_dat/eventos/JPg000fb.jpg,https://www.youtube.com/watch?v=nXkdGP4VVWI,,8.0,92.0,,Cine Yelmo Westfield La Maquinista,2026-10-11T21:40:00+02:00,,,,Digital,,unknown,Tarifa variable; consultar el pase de La Maquinista,https://www.publicine.net/cartelera-cine/barcelona/yelmo-westfield-la-maquinista,https://cine.entradas.com/cine/barcelona/cine-yelmo-westfield-la-maquinista/evento/46705/la-bola-negra?mode=widget&change=0&ref=744,2026-10-08T06:58:01.153187+00:00
LA BOLA NEGRA,La bola negra,2026,"Javier Ambrossi, Javier Calvo",Drama,"ESTRENO EL VIERNES 25 DE SEPTIEMBRE. Las vidas interconectadas de tres hombres en tres épocas distintas. Tres existencias íntimamente ligadas por la sexualidad y el deseo, el dolor y la herencia; y una de las últimas obras, inacabada, de Federico García Lorca. Proyección en Dolby Atmos y 4K",https://phenomena-experience.com/obj/LCinesD_dat/eventos/JPg000fb.jpg,https://www.youtube.com/watch?v=nXkdGP4VVWI,,8.0,92.0,,Cinesa Diagonal,2026-10-11T21:45:00+02:00,,,,Digital,,unknown,"Tarifa variable; seleccionar cine, fecha y sesión",https://www.publicine.net/cartelera-cine/barcelona/cinesa-diagonal,https://web.cinesa.es/compra/butacas/?showtimeId=012-55346,2026-10-08T06:57:43.478267+00:00
LA BOLA NEGRA,La bola negra,2026,"Javier Ambrossi, Javier Calvo",Drama,"ESTRENO EL VIERNES 25 DE SEPTIEMBRE. Las vidas interconectadas de tres hombres en tres épocas distintas. Tres existencias íntimamente ligadas por la sexualidad y el deseo, el dolor y la herencia; y una de las últimas obras, inacabada, de Federico García Lorca. Proyección en Dolby Atmos y 4K",https://phenomena-experience.com/obj/LCinesD_dat/eventos/JPg000fb.jpg,https://www.youtube.com/watch?v=nXkdGP4VVWI,,8.0,92.0,,Cinesa Diagonal Mar,2026-10-11T21:45:00+02:00,,,,Digital,,unknown,"Tarifa variable; seleccionar cine, fecha y sesión",https://www.publicine.net/cartelera-cine/barcelona/cinesa-diagonal-mar,https://web.cinesa.es/compra/butacas/?showtimeId=032-58974,2026-10-08T06:57:49.911074+00:00
LA BOLA NEGRA,La bola negra,2026,"Javier Ambrossi, Javier Calvo",Drama,"ESTRENO EL VIERNES 25 DE SEPTIEMBRE. Las vidas interconectadas de tres hombres en tres épocas distintas. Tres existencias íntimamente ligadas por la sexualidad y el deseo, el dolor y la herencia; y una de las últimas obras, inacabada, de Federico García Lorca. Proyección en Dolby Atmos y 4K",https://phenomena-experience.com/obj/LCinesD_dat/eventos/JPg000fb.jpg,https://www.youtube.com/watch?v=nXkdGP4VVWI,,8.0,92.0,,Cinesa SOM Multiespai,2026-10-11T21:45:00+02:00,,,,Digital,,unknown,"Tarifa variable; seleccionar cine, fecha y sesión",https://www.publicine.net/cartelera-cine/barcelona/cinesa-som-multiespai-heron-city,https://web.cinesa.es/compra/butacas/?showtimeId=017-60723,2026-10-08T06:57:56.221234+00:00
La Odisea,The Odyssey,2026,Christopher Nolan,"Acción, Fantasía","Tras la guerra de Troya, Odiseo se enfrenta un peligroso viaje de 10 años para regresar a Ítaca, superando dioses, monstruos y desafíos épicos. Mientras tanto, su esposa Penélope resiste a los pretendientes que amenazan su reino.",https://es.web.img3.acsta.net/c_160_213/img/1a/23/1a238e79ea26da69c2ff751c232c60e3.png,https://www.youtube.com/watch?v=NUIIc9gZOcQ,7.6,8.4,,,Cinesa Diagonal Mar,2026-10-11T21:50:00+02:00,,,,IMAX,,unknown,"Tarifa variable; seleccionar cine, fecha y sesión",https://www.publicine.net/cartelera-cine/barcelona/cinesa-diagonal-mar,https://web.cinesa.es/compra/butacas/?showtimeId=032-59178,2026-10-08T06:57:49.911074+00:00
Verity. La sombra de un engaño,Verity,2026,Michael Showalter,"Thriller, Drama","Lowen Ashleigh es contratada como escritora fantasma por Jeremy Crawford para escribir las novelas de su esposa Verity, autora de bestsellers, impedida tras un accidente. Lowen descubre las inquietantes verdades de Verity mientras reside en casa de los Crawford para trabajar. (FILMAFFINITY)",https://pics.filmaffinity.com/verity-273395489-large.jpg,https://www.filmaffinity.com/es/evideos.php?movie_id=740344,5.3,6.0,33.0,71.0,Cinesa SOM Multiespai,2026-10-11T21:50:00+02:00,,,,Digital,,unknown,"Tarifa variable; seleccionar cine, fecha y sesión",https://www.publicine.net/cartelera-cine/barcelona/cinesa-som-multiespai-heron-city,https://web.cinesa.es/compra/butacas/?showtimeId=017-60943,2026-10-08T06:57:56.221234+00:00
En el corazón de la bestia,Heart Of The Beast,2026,David Ayer,"Acción, Aventura","Un ex soldado herido y su perro militar luchan por sobrevivir en la naturaleza salvaje de Alaska. Enfrentando frío, soledad y peligros constantes, su vínculo será clave para regresar a casa.",https://es.web.img3.acsta.net/c_160_213/img/06/8b/068b23e941178cfd676278b44064f0e9.jpg,https://www.youtube.com/watch?v=Rh24D89hFMg,6.4,7.3,85.0,94.0,Cinesa Diagonal,2026-10-11T22:00:00+02:00,VO,,es,,,unknown,"Tarifa variable; seleccionar cine, fecha y sesión",https://www.publicine.net/cartelera-cine/barcelona/cinesa-diagonal,https://web.cinesa.es/compra/butacas/?showtimeId=012-55561,2026-10-08T06:57:43.478267+00:00
En el corazón de la bestia,Heart Of The Beast,2026,David Ayer,"Acción, Aventura","Un ex soldado herido y su perro militar luchan por sobrevivir en la naturaleza salvaje de Alaska. Enfrentando frío, soledad y peligros constantes, su vínculo será clave para regresar a casa.",https://es.web.img3.acsta.net/c_160_213/img/06/8b/068b23e941178cfd676278b44064f0e9.jpg,https://www.youtube.com/watch?v=Rh24D89hFMg,6.4,7.3,85.0,94.0,Cinesa Diagonal Mar,2026-10-11T22:00:00+02:00,,,,Digital,,unknown,"Tarifa variable; seleccionar cine, fecha y sesión",https://www.publicine.net/cartelera-cine/barcelona/cinesa-diagonal-mar,https://web.cinesa.es/compra/butacas/?showtimeId=032-59203,2026-10-08T06:57:49.911074+00:00
Digger,Digger,2026,Alejandro González Iñárritu,"Acción, Comedia","El hombre más poderoso del mundo provoca un desastre que amenaza a la humanidad. Para redimirse, emprende una misión arriesgada con el objetivo de convertirse en su salvador.",https://es.web.img3.acsta.net/c_160_213/img/0f/c9/0fc9092d6e2afd046417684533c535c4.jpg,https://www.youtube.com/watch?v=xU2jWSsaWY0,6.4,,,,Cinesa SOM Multiespai,2026-10-11T22:00:00+02:00,,,,Digital,,unknown,"Tarifa variable; seleccionar cine, fecha y sesión",https://www.publicine.net/cartelera-cine/barcelona/cinesa-som-multiespai-heron-city,https://web.cinesa.es/compra/butacas/?showtimeId=017-60937,2026-10-08T06:57:56.221234+00:00
Digger,Digger,2026,Alejandro González Iñárritu,"Acción, Comedia","El hombre más poderoso del mundo provoca un desastre que amenaza a la humanidad. Para redimirse, emprende una misión arriesgada con el objetivo de convertirse en su salvador.",https://es.web.img3.acsta.net/c_160_213/img/0f/c9/0fc9092d6e2afd046417684533c535c4.jpg,https://www.youtube.com/watch?v=xU2jWSsaWY0,6.4,,,,Cine Yelmo Westfield La Maquinista,2026-10-11T22:15:00+02:00,,,,Digital,,unknown,Tarifa variable; consultar el pase de La Maquinista,https://www.publicine.net/cartelera-cine/barcelona/yelmo-westfield-la-maquinista,https://www.publicine.net/venda/16322/59/aHR0cHM6Ly9jaW5lLmVudHJhZGFzLmNvbS9jaW5lL2JhcmNlbG9uYS9jaW5lLXllbG1vLXdlc3RmaWVsZC1sYS1tYXF1aW5pc3RhL2V2ZW50by80NjcwNC9kaWdnZXI/bW9kZT13aWRnZXQmY2hhbmdlPTAmcmVmPTc0NA,2026-10-08T06:58:01.153187+00:00
Resident Evil,Resident Evil,2026,Zach Cregger,"Ciencia ficción, Suspense, Terror","Bryan, un mensajero médico, se ve atrapado inesperadamente en una noche de caos en la que la ciudad empieza a colapsar por una amenaza desconocida. Obligado a sobrevivir, deberá enfrentarse a una peligrosa carrera llena de acción mientras intenta escapar del horror que se desata a su alrededor.",https://es.web.img3.acsta.net/c_160_213/img/40/92/4092e505c00d28878024f17b01002c9c.jpg,https://www.filmaffinity.com/es/evideos.php?movie_id=579353,7.0,7.6,96.0,91.0,Cinesa Diagonal Mar,2026-10-11T22:20:00+02:00,VO,,es,,,unknown,"Tarifa variable; seleccionar cine, fecha y sesión",https://www.publicine.net/cartelera-cine/barcelona/cinesa-diagonal-mar,https://web.cinesa.es/compra/butacas/?showtimeId=032-59196,2026-10-08T06:57:49.911074+00:00
Verity. La sombra de un engaño,Verity,2026,Michael Showalter,"Thriller, Drama","Lowen Ashleigh es contratada como escritora fantasma por Jeremy Crawford para escribir las novelas de su esposa Verity, autora de bestsellers, impedida tras un accidente. Lowen descubre las inquietantes verdades de Verity mientras reside en casa de los Crawford para trabajar. (FILMAFFINITY)",https://pics.filmaffinity.com/verity-273395489-large.jpg,https://www.filmaffinity.com/es/evideos.php?movie_id=740344,5.3,6.0,33.0,71.0,Cine Yelmo Westfield La Maquinista,2026-10-11T22:20:00+02:00,,,,Digital,,unknown,Tarifa variable; consultar el pase de La Maquinista,https://www.publicine.net/cartelera-cine/barcelona/yelmo-westfield-la-maquinista,https://cine.entradas.com/cine/barcelona/cine-yelmo-westfield-la-maquinista/evento/46667/verity-la-sombra-de-un-engano?mode=widget&change=0&ref=744,2026-10-08T06:58:01.153187+00:00
Digger,Digger,2026,Alejandro González Iñárritu,"Acción, Comedia","El hombre más poderoso del mundo provoca un desastre que amenaza a la humanidad. Para redimirse, emprende una misión arriesgada con el objetivo de convertirse en su salvador.",https://es.web.img3.acsta.net/c_160_213/img/0f/c9/0fc9092d6e2afd046417684533c535c4.jpg,https://www.youtube.com/watch?v=xU2jWSsaWY0,6.4,,,,Cinesa Diagonal,2026-10-11T22:25:00+02:00,VO,,es,,,unknown,"Tarifa variable; seleccionar cine, fecha y sesión",https://www.publicine.net/cartelera-cine/barcelona/cinesa-diagonal,https://web.cinesa.es/compra/butacas/?showtimeId=012-55563,2026-10-08T06:57:43.478267+00:00
Resident Evil,Resident Evil,2026,Zach Cregger,"Ciencia ficción, Suspense, Terror","Bryan, un mensajero médico, se ve atrapado inesperadamente en una noche de caos en la que la ciudad empieza a colapsar por una amenaza desconocida. Obligado a sobrevivir, deberá enfrentarse a una peligrosa carrera llena de acción mientras intenta escapar del horror que se desata a su alrededor.",https://es.web.img3.acsta.net/c_160_213/img/40/92/4092e505c00d28878024f17b01002c9c.jpg,https://www.filmaffinity.com/es/evideos.php?movie_id=579353,7.0,7.6,96.0,91.0,Cinesa SOM Multiespai,2026-10-11T22:25:00+02:00,,,,Digital,,unknown,"Tarifa variable; seleccionar cine, fecha y sesión",https://www.publicine.net/cartelera-cine/barcelona/cinesa-som-multiespai-heron-city,https://web.cinesa.es/compra/butacas/?showtimeId=017-60945,2026-10-08T06:57:56.221234+00:00
Resident Evil,Resident Evil,2026,Zach Cregger,"Ciencia ficción, Suspense, Terror","Bryan, un mensajero médico, se ve atrapado inesperadamente en una noche de caos en la que la ciudad empieza a colapsar por una amenaza desconocida. Obligado a sobrevivir, deberá enfrentarse a una peligrosa carrera llena de acción mientras intenta escapar del horror que se desata a su alrededor.",https://es.web.img3.acsta.net/c_160_213/img/40/92/4092e505c00d28878024f17b01002c9c.jpg,https://www.filmaffinity.com/es/evideos.php?movie_id=579353,7.0,7.6,96.0,91.0,Cinesa Diagonal,2026-10-11T22:40:00+02:00,VO,,es,,,unknown,"Tarifa variable; seleccionar cine, fecha y sesión",https://www.publicine.net/cartelera-cine/barcelona/cinesa-diagonal,https://web.cinesa.es/compra/butacas/?showtimeId=012-55565,2026-10-08T06:57:43.478267+00:00
Resident Evil,Resident Evil,2026,Zach Cregger,"Ciencia ficción, Suspense, Terror","Bryan, un mensajero médico, se ve atrapado inesperadamente en una noche de caos en la que la ciudad empieza a colapsar por una amenaza desconocida. Obligado a sobrevivir, deberá enfrentarse a una peligrosa carrera llena de acción mientras intenta escapar del horror que se desata a su alrededor.",https://es.web.img3.acsta.net/c_160_213/img/40/92/4092e505c00d28878024f17b01002c9c.jpg,https://www.filmaffinity.com/es/evideos.php?movie_id=579353,7.0,7.6,96.0,91.0,Cine Yelmo Westfield La Maquinista,2026-10-11T22:40:00+02:00,,,,Digital,,unknown,Tarifa variable; consultar el pase de La Maquinista,https://www.publicine.net/cartelera-cine/barcelona/yelmo-westfield-la-maquinista,https://cine.entradas.com/cine/barcelona/cine-yelmo-westfield-la-maquinista/evento/46674/resident-evil?mode=widget&change=0&ref=744,2026-10-08T06:58:01.153187+00:00
Insidious. Fuera Del Más Allá,Insidious: Out of the Further,2026,Jacob Chase,Terror,"Gemma, una joven madre, descubre que puede viajar a un oscuro plano espiritual y traer entidades de vuelta al mundo real. Cuando fuerzas malignas detectan su poder, convierten la realidad en su terreno para desatar el caos.",https://www.publicine.net/img/pel/full/16457f_insidious-fuera-del-mas-alla.webp,https://www.youtube.com/watch?v=qAv9sb9DmJQ,5.5,6.1,57.0,68.0,Cine Yelmo Westfield La Maquinista,2026-10-11T22:50:00+02:00,,,,Digital,,unknown,Tarifa variable; consultar el pase de La Maquinista,https://www.publicine.net/cartelera-cine/barcelona/yelmo-westfield-la-maquinista,https://cine.entradas.com/cine/barcelona/cine-yelmo-westfield-la-maquinista/evento/46702/insidious-fuera-del-mas-alla?mode=widget&change=0&ref=744,2026-10-08T06:58:01.153187+00:00
HOMENAJE A TIM CURRY: THE ROCKY HORROR PICTURE SHOW,The Rocky Horror Picture Show,1975,Jim Sharman,Musical,"Debido al éxito de la primera sesión, ampliamos nuestro homenaje al recientemente fallecido Tim Curry (1946-2026) con otro pase de The Rocky Horror Picture Show. Cuando una pareja regresa de la boda de unos amigos, estalla una violenta tormenta y el coche se les avería. Así las cosas, no tienen más remedio que refugiarse en un castillo, donde el doctor Frank-N-Furter vive entregado a la fabricación de una especie de Frankenstein. Proyección en VOSE",https://phenomena-experience.com/obj/LCinesD_dat/eventos/JPg000cq.jpg,https://www.filmaffinity.com/es/evideos.php?movie_id=782908,7.0,7.4,82.0,85.0,Phenomena Experience,2026-10-11T23:25:00+02:00,VO,,es,,12.0,published,Precio según pase; consultar la ficha de la película,https://phenomena-experience.com/index?pag=cartelera,https://www.reservaentradas.com/entrada/barcelona/phenomenaexperience/homenaje-a-tim-curry-the-rocky-horror-picture-show-proyeccion-en-vose/13580/,2026-10-08T06:57:05.017772+00:00
La Odisea,The Odyssey,2026,Christopher Nolan,"Acción, Fantasía","Tras la guerra de Troya, Odiseo se enfrenta un peligroso viaje de 10 años para regresar a Ítaca, superando dioses, monstruos y desafíos épicos. Mientras tanto, su esposa Penélope resiste a los pretendientes que amenazan su reino.",https://es.web.img3.acsta.net/c_160_213/img/1a/23/1a238e79ea26da69c2ff751c232c60e3.png,https://www.youtube.com/watch?v=NUIIc9gZOcQ,7.6,8.4,,,Cinesa Diagonal Mar,2026-10-12T11:40:00+02:00,,,,IMAX,,unknown,"Tarifa variable; seleccionar cine, fecha y sesión",https://www.publicine.net/cartelera-cine/barcelona/cinesa-diagonal-mar,https://web.cinesa.es/compra/butacas/?showtimeId=032-59251,2026-10-08T06:57:49.911074+00:00
LA BOLA NEGRA,La bola negra,2026,"Javier Ambrossi, Javier Calvo",Drama,"ESTRENO EL VIERNES 25 DE SEPTIEMBRE. Las vidas interconectadas de tres hombres en tres épocas distintas. Tres existencias íntimamente ligadas por la sexualidad y el deseo, el dolor y la herencia; y una de las últimas obras, inacabada, de Federico García Lorca. Proyección en Dolby Atmos y 4K",https://phenomena-experience.com/obj/LCinesD_dat/eventos/JPg000fb.jpg,https://www.youtube.com/watch?v=nXkdGP4VVWI,,8.0,92.0,,Cinesa Diagonal,2026-10-12T11:50:00+02:00,,,,Digital,,unknown,"Tarifa variable; seleccionar cine, fecha y sesión",https://www.publicine.net/cartelera-cine/barcelona/cinesa-diagonal,https://web.cinesa.es/compra/butacas/?showtimeId=012-55572,2026-10-08T06:57:43.478267+00:00
En el corazón de la bestia,Heart Of The Beast,2026,David Ayer,"Acción, Aventura","Un ex soldado herido y su perro militar luchan por sobrevivir en la naturaleza salvaje de Alaska. Enfrentando frío, soledad y peligros constantes, su vínculo será clave para regresar a casa.",https://es.web.img3.acsta.net/c_160_213/img/06/8b/068b23e941178cfd676278b44064f0e9.jpg,https://www.youtube.com/watch?v=Rh24D89hFMg,6.4,7.3,85.0,94.0,Cinesa Diagonal,2026-10-12T12:00:00+02:00,VO,,es,,,unknown,"Tarifa variable; seleccionar cine, fecha y sesión",https://www.publicine.net/cartelera-cine/barcelona/cinesa-diagonal,https://web.cinesa.es/compra/butacas/?showtimeId=012-55574,2026-10-08T06:57:43.478267+00:00
LA BOLA NEGRA,La bola negra,2026,"Javier Ambrossi, Javier Calvo",Drama,"ESTRENO EL VIERNES 25 DE SEPTIEMBRE. Las vidas interconectadas de tres hombres en tres épocas distintas. Tres existencias íntimamente ligadas por la sexualidad y el deseo, el dolor y la herencia; y una de las últimas obras, inacabada, de Federico García Lorca. Proyección en Dolby Atmos y 4K",https://phenomena-experience.com/obj/LCinesD_dat/eventos/JPg000fb.jpg,https://www.youtube.com/watch?v=nXkdGP4VVWI,,8.0,92.0,,Cinesa Diagonal Mar,2026-10-12T12:00:00+02:00,,,,Digital,,unknown,"Tarifa variable; seleccionar cine, fecha y sesión",https://www.publicine.net/cartelera-cine/barcelona/cinesa-diagonal-mar,https://web.cinesa.es/compra/butacas/?showtimeId=032-59209,2026-10-08T06:57:49.911074+00:00
LA BOLA NEGRA,La bola negra,2026,"Javier Ambrossi, Javier Calvo",Drama,"ESTRENO EL VIERNES 25 DE SEPTIEMBRE. Las vidas interconectadas de tres hombres en tres épocas distintas. Tres existencias íntimamente ligadas por la sexualidad y el deseo, el dolor y la herencia; y una de las últimas obras, inacabada, de Federico García Lorca. Proyección en Dolby Atmos y 4K",https://phenomena-experience.com/obj/LCinesD_dat/eventos/JPg000fb.jpg,https://www.youtube.com/watch?v=nXkdGP4VVWI,,8.0,92.0,,Cinesa SOM Multiespai,2026-10-12T12:00:00+02:00,,,,Digital,,unknown,"Tarifa variable; seleccionar cine, fecha y sesión",https://www.publicine.net/cartelera-cine/barcelona/cinesa-som-multiespai-heron-city,https://web.cinesa.es/compra/butacas/?showtimeId=017-60956,2026-10-08T06:57:56.221234+00:00
Vengadores Endgame: Encore,,,"Joe Russo, Anthony Russo","Aventuras, Fantástico","El grave curso de los acontecimientos puesto en marcha por Thanos, el Titán loco, obliga a los Vengadores y a sus aliados a tomar una última posición para restaurar el orden en el universo al precio que sea.",https://www.publicine.net/img/pel/full/16350f_vengadores-endgame-encore.webp,https://www.youtube.com/watch?v=kJeJTYHUtW0,,,,,Cinesa SOM Multiespai,2026-10-12T12:00:00+02:00,,,,Digital,,unknown,"Tarifa variable; seleccionar cine, fecha y sesión",https://www.publicine.net/cartelera-cine/barcelona/cinesa-som-multiespai-heron-city,https://web.cinesa.es/compra/butacas/?showtimeId=017-60997,2026-10-08T06:57:56.221234+00:00
La isla olvidada,Forgotten Island,2026,"Joel Crawford , Januel P. Mercado","Animación, Aventura, Comedia",Un grupo de personajes se encuentra en una isla mágica de la mitología filipina que había permanecido olvidada durante mucho tiempo.,https://es.web.img2.acsta.net/c_160_213/img/ee/16/ee161d327f52a9e974075b7c17d32d10.jpg,https://www.youtube.com/watch?v=2NNDuXJ7C7E,,7.8,95.0,95.0,Cinesa SOM Multiespai,2026-10-12T12:00:00+02:00,,,,Digital,,unknown,"Tarifa variable; seleccionar cine, fecha y sesión",https://www.publicine.net/cartelera-cine/barcelona/cinesa-som-multiespai-heron-city,https://web.cinesa.es/compra/butacas/?showtimeId=017-60996,2026-10-08T06:57:56.221234+00:00
En el corazón de la bestia,Heart Of The Beast,2026,David Ayer,"Acción, Aventura","Un ex soldado herido y su perro militar luchan por sobrevivir en la naturaleza salvaje de Alaska. Enfrentando frío, soledad y peligros constantes, su vínculo será clave para regresar a casa.",https://es.web.img3.acsta.net/c_160_213/img/06/8b/068b23e941178cfd676278b44064f0e9.jpg,https://www.youtube.com/watch?v=Rh24D89hFMg,6.4,7.3,85.0,94.0,Cinesa Diagonal Mar,2026-10-12T12:05:00+02:00,,,,Digital,,unknown,"Tarifa variable; seleccionar cine, fecha y sesión",https://www.publicine.net/cartelera-cine/barcelona/cinesa-diagonal-mar,https://web.cinesa.es/compra/butacas/?showtimeId=032-59246,2026-10-08T06:57:49.911074+00:00
Verity. La sombra de un engaño,Verity,2026,Michael Showalter,"Thriller, Drama","Lowen Ashleigh es contratada como escritora fantasma por Jeremy Crawford para escribir las novelas de su esposa Verity, autora de bestsellers, impedida tras un accidente. Lowen descubre las inquietantes verdades de Verity mientras reside en casa de los Crawford para trabajar. (FILMAFFINITY)",https://pics.filmaffinity.com/verity-273395489-large.jpg,https://www.filmaffinity.com/es/evideos.php?movie_id=740344,5.3,6.0,33.0,71.0,Cinesa Diagonal Mar,2026-10-12T12:10:00+02:00,,,,Digital,,unknown,"Tarifa variable; seleccionar cine, fecha y sesión",https://www.publicine.net/cartelera-cine/barcelona/cinesa-diagonal-mar,https://web.cinesa.es/compra/butacas/?showtimeId=032-59211,2026-10-08T06:57:49.911074+00:00
Coyote vs. ACME,Coyote vs. Acme,2026,Dave Green,"Animación, Aventura, Comedia","Cansado de que los productos defectuosos de Acme arruinen sus planes, el Coyote contrata a un abogado para demandar a la corporación, ahora dirigida por un despiadado exjefe de su defensor. Juntos forjarán una inesperada amistad mientras luchan en los tribunales.",https://es.web.img3.acsta.net/c_160_213/img/18/4e/184e275eb73de363b01c7c3637407fcd.jpg,https://www.filmaffinity.com/es/evideos.php?movie_id=523116,6.7,7.4,96.0,94.0,Cinesa Diagonal Mar,2026-10-12T12:15:00+02:00,,,,Digital,,unknown,"Tarifa variable; seleccionar cine, fecha y sesión",https://www.publicine.net/cartelera-cine/barcelona/cinesa-diagonal-mar,https://web.cinesa.es/compra/butacas/?showtimeId=032-59252,2026-10-08T06:57:49.911074+00:00
La Llegenda De La Balena Cantaire,,2026,"Reza Memari, Pavel Hrubos, Steven Majaury","Animación, Infantil","En Vincent és una balena geperuda adolescent que ha quedat òrfena. Fill de l’últim Cantor de Balenes, que protegia els oceans amb el seu cant màgic, viu angoixat per la pèrdua dels pares i dubta de les seves pròpies habilitats. Quan el monstruós Leviatan escapa d’un iceberg fosc i comença a amenaçar tota la vida marina amb la seva tinta verinosa, en Vincent ha de trobar el seu propi cant per aturar-lo. Però, aclaparat per la inseguretat, s’embarca en un perillós viatge cap a les profunditats del mar per a rescatar els seus pares del mític Estany Estel·lar, amb l’esperança que sigui el pare qui derroti el Leviatan. Acompanyat d’en Walter, un peix rèmora molt primmirat que li fa de mainadera, i de la Darya, una valenta orca sorda, en Vincent haurà d’afrontar les seves pors i descobrir el seu propi cant per a salvar els oceans.",https://www.publicine.net/img/pel/full/16312f_la-llegenda-de-la-balena-cantaire-cat.webp,https://www.youtube.com/watch?v=kDFRJy0uDA4,,,,,Cinesa Diagonal,2026-10-12T12:20:00+02:00,,ca,,,,unknown,"Tarifa variable; seleccionar cine, fecha y sesión",https://www.publicine.net/cartelera-cine/barcelona/cinesa-diagonal,https://web.cinesa.es/compra/butacas/?showtimeId=012-55577,2026-10-08T06:57:43.478267+00:00
La isla olvidada,Forgotten Island,2026,"Joel Crawford , Januel P. Mercado","Animación, Aventura, Comedia",Un grupo de personajes se encuentra en una isla mágica de la mitología filipina que había permanecido olvidada durante mucho tiempo.,https://es.web.img2.acsta.net/c_160_213/img/ee/16/ee161d327f52a9e974075b7c17d32d10.jpg,https://www.youtube.com/watch?v=2NNDuXJ7C7E,,7.8,95.0,95.0,Cinesa Diagonal,2026-10-12T12:20:00+02:00,,,,Digital,,unknown,"Tarifa variable; seleccionar cine, fecha y sesión",https://www.publicine.net/cartelera-cine/barcelona/cinesa-diagonal,https://web.cinesa.es/compra/butacas/?showtimeId=012-55609,2026-10-08T06:57:43.478267+00:00
Coyote vs. ACME,Coyote vs. Acme,2026,Dave Green,"Animación, Aventura, Comedia","Cansado de que los productos defectuosos de Acme arruinen sus planes, el Coyote contrata a un abogado para demandar a la corporación, ahora dirigida por un despiadado exjefe de su defensor. Juntos forjarán una inesperada amistad mientras luchan en los tribunales.",https://es.web.img3.acsta.net/c_160_213/img/18/4e/184e275eb73de363b01c7c3637407fcd.jpg,https://www.filmaffinity.com/es/evideos.php?movie_id=523116,6.7,7.4,96.0,94.0,Cinesa SOM Multiespai,2026-10-12T12:20:00+02:00,,,,Digital,,unknown,"Tarifa variable; seleccionar cine, fecha y sesión",https://www.publicine.net/cartelera-cine/barcelona/cinesa-som-multiespai-heron-city,https://web.cinesa.es/compra/butacas/?showtimeId=017-61105,2026-10-08T06:57:56.221234+00:00
Digger,Digger,2026,Alejandro González Iñárritu,"Acción, Comedia","El hombre más poderoso del mundo provoca un desastre que amenaza a la humanidad. Para redimirse, emprende una misión arriesgada con el objetivo de convertirse en su salvador.",https://es.web.img3.acsta.net/c_160_213/img/0f/c9/0fc9092d6e2afd046417684533c535c4.jpg,https://www.youtube.com/watch?v=xU2jWSsaWY0,6.4,,,,Cinesa SOM Multiespai,2026-10-12T12:25:00+02:00,,,,Digital,,unknown,"Tarifa variable; seleccionar cine, fecha y sesión",https://www.publicine.net/cartelera-cine/barcelona/cinesa-som-multiespai-heron-city,https://web.cinesa.es/compra/butacas/?showtimeId=017-60992,2026-10-08T06:57:56.221234+00:00
En el corazón de la bestia,Heart Of The Beast,2026,David Ayer,"Acción, Aventura","Un ex soldado herido y su perro militar luchan por sobrevivir en la naturaleza salvaje de Alaska. Enfrentando frío, soledad y peligros constantes, su vínculo será clave para regresar a casa.",https://es.web.img3.acsta.net/c_160_213/img/06/8b/068b23e941178cfd676278b44064f0e9.jpg,https://www.youtube.com/watch?v=Rh24D89hFMg,6.4,7.3,85.0,94.0,Cinesa SOM Multiespai,2026-10-12T12:25:00+02:00,,,,Digital,,unknown,"Tarifa variable; seleccionar cine, fecha y sesión",https://www.publicine.net/cartelera-cine/barcelona/cinesa-som-multiespai-heron-city,https://web.cinesa.es/compra/butacas/?showtimeId=017-60993,2026-10-08T06:57:56.221234+00:00
Verity. La sombra de un engaño,Verity,2026,Michael Showalter,"Thriller, Drama","Lowen Ashleigh es contratada como escritora fantasma por Jeremy Crawford para escribir las novelas de su esposa Verity, autora de bestsellers, impedida tras un accidente. Lowen descubre las inquietantes verdades de Verity mientras reside en casa de los Crawford para trabajar. (FILMAFFINITY)",https://pics.filmaffinity.com/verity-273395489-large.jpg,https://www.filmaffinity.com/es/evideos.php?movie_id=740344,5.3,6.0,33.0,71.0,Cinesa SOM Multiespai,2026-10-12T12:30:00+02:00,,,,Digital,,unknown,"Tarifa variable; seleccionar cine, fecha y sesión",https://www.publicine.net/cartelera-cine/barcelona/cinesa-som-multiespai-heron-city,https://web.cinesa.es/compra/butacas/?showtimeId=017-60961,2026-10-08T06:57:56.221234+00:00
Resident Evil,Resident Evil,2026,Zach Cregger,"Ciencia ficción, Suspense, Terror","Bryan, un mensajero médico, se ve atrapado inesperadamente en una noche de caos en la que la ciudad empieza a colapsar por una amenaza desconocida. Obligado a sobrevivir, deberá enfrentarse a una peligrosa carrera llena de acción mientras intenta escapar del horror que se desata a su alrededor.",https://es.web.img3.acsta.net/c_160_213/img/40/92/4092e505c00d28878024f17b01002c9c.jpg,https://www.filmaffinity.com/es/evideos.php?movie_id=579353,7.0,7.6,96.0,91.0,Cinesa Diagonal Mar,2026-10-12T12:35:00+02:00,,,,Digital,,unknown,"Tarifa variable; seleccionar cine, fecha y sesión",https://www.publicine.net/cartelera-cine/barcelona/cinesa-diagonal-mar,https://web.cinesa.es/compra/butacas/?showtimeId=032-59216,2026-10-08T06:57:49.911074+00:00
La Odisea,The Odyssey,2026,Christopher Nolan,"Acción, Fantasía","Tras la guerra de Troya, Odiseo se enfrenta un peligroso viaje de 10 años para regresar a Ítaca, superando dioses, monstruos y desafíos épicos. Mientras tanto, su esposa Penélope resiste a los pretendientes que amenazan su reino.",https://es.web.img3.acsta.net/c_160_213/img/1a/23/1a238e79ea26da69c2ff751c232c60e3.png,https://www.youtube.com/watch?v=NUIIc9gZOcQ,7.6,8.4,,,Phenomena Experience,2026-10-12T15:00:00+02:00,VO,,es,70 mm,18.0,published,Precio según pase; consultar la ficha de la película,https://phenomena-experience.com/index?pag=cartelera,https://www.reservaentradas.com/entrada/barcelona/phenomenaexperience/la-odisea-proyeccion-en-70-mm-dts-y-vose/13585/,2026-10-08T06:57:05.017772+00:00
Coyote vs. ACME,Coyote vs. Acme,2026,Dave Green,"Animación, Aventura, Comedia","Cansado de que los productos defectuosos de Acme arruinen sus planes, el Coyote contrata a un abogado para demandar a la corporación, ahora dirigida por un despiadado exjefe de su defensor. Juntos forjarán una inesperada amistad mientras luchan en los tribunales.",https://es.web.img3.acsta.net/c_160_213/img/18/4e/184e275eb73de363b01c7c3637407fcd.jpg,https://www.filmaffinity.com/es/evideos.php?movie_id=523116,6.7,7.4,96.0,94.0,Cinesa Diagonal,2026-10-12T15:40:00+02:00,,,,Digital,,unknown,"Tarifa variable; seleccionar cine, fecha y sesión",https://www.publicine.net/cartelera-cine/barcelona/cinesa-diagonal,https://web.cinesa.es/compra/butacas/?showtimeId=012-55579,2026-10-08T06:57:43.478267+00:00
En el corazón de la bestia,Heart Of The Beast,2026,David Ayer,"Acción, Aventura","Un ex soldado herido y su perro militar luchan por sobrevivir en la naturaleza salvaje de Alaska. Enfrentando frío, soledad y peligros constantes, su vínculo será clave para regresar a casa.",https://es.web.img3.acsta.net/c_160_213/img/06/8b/068b23e941178cfd676278b44064f0e9.jpg,https://www.youtube.com/watch?v=Rh24D89hFMg,6.4,7.3,85.0,94.0,Cinesa Diagonal Mar,2026-10-12T15:45:00+02:00,,,,Digital,,unknown,"Tarifa variable; seleccionar cine, fecha y sesión",https://www.publicine.net/cartelera-cine/barcelona/cinesa-diagonal-mar,https://web.cinesa.es/compra/butacas/?showtimeId=032-59226,2026-10-08T06:57:49.911074+00:00
La Odisea,The Odyssey,2026,Christopher Nolan,"Acción, Fantasía","Tras la guerra de Troya, Odiseo se enfrenta un peligroso viaje de 10 años para regresar a Ítaca, superando dioses, monstruos y desafíos épicos. Mientras tanto, su esposa Penélope resiste a los pretendientes que amenazan su reino.",https://es.web.img3.acsta.net/c_160_213/img/1a/23/1a238e79ea26da69c2ff751c232c60e3.png,https://www.youtube.com/watch?v=NUIIc9gZOcQ,7.6,8.4,,,Cinesa Diagonal Mar,2026-10-12T15:45:00+02:00,,,,IMAX,,unknown,"Tarifa variable; seleccionar cine, fecha y sesión",https://www.publicine.net/cartelera-cine/barcelona/cinesa-diagonal-mar,https://web.cinesa.es/compra/butacas/?showtimeId=032-59219,2026-10-08T06:57:49.911074+00:00
LA BOLA NEGRA,La bola negra,2026,"Javier Ambrossi, Javier Calvo",Drama,"ESTRENO EL VIERNES 25 DE SEPTIEMBRE. Las vidas interconectadas de tres hombres en tres épocas distintas. Tres existencias íntimamente ligadas por la sexualidad y el deseo, el dolor y la herencia; y una de las últimas obras, inacabada, de Federico García Lorca. Proyección en Dolby Atmos y 4K",https://phenomena-experience.com/obj/LCinesD_dat/eventos/JPg000fb.jpg,https://www.youtube.com/watch?v=nXkdGP4VVWI,,8.0,92.0,,Cinesa Diagonal,2026-10-12T15:50:00+02:00,,,,Digital,,unknown,"Tarifa variable; seleccionar cine, fecha y sesión",https://www.publicine.net/cartelera-cine/barcelona/cinesa-diagonal,https://web.cinesa.es/compra/butacas/?showtimeId=012-55581,2026-10-08T06:57:43.478267+00:00
Tadeo Jones Y La Lámpara Maravillosa,Tadeo Jones y la lámpara maravillosa,2026,Enrique Gato,"Animación, Aventuras","Tadeo y Sara deben impedir que Momia, celoso de haber perdido protagonismo, altere la historia tras viajar al pasado. Su aventura los lleva desde Londres hasta Paititi, Grecia y la cueva de Alí Babá, para devolver al grupo a su época.",https://www.publicine.net/img/pel/full/16440f_tadeo-jones-y-la-lampara-maravillosa.webp,https://www.youtube.com/watch?v=a7IDTIIFNSo,6.1,6.5,,,Cinesa Diagonal,2026-10-12T16:00:00+02:00,,,,Digital,,unknown,"Tarifa variable; seleccionar cine, fecha y sesión",https://www.publicine.net/cartelera-cine/barcelona/cinesa-diagonal,https://web.cinesa.es/compra/butacas/?showtimeId=012-55582,2026-10-08T06:57:43.478267+00:00
Verity. La sombra de un engaño,Verity,2026,Michael Showalter,"Thriller, Drama","Lowen Ashleigh es contratada como escritora fantasma por Jeremy Crawford para escribir las novelas de su esposa Verity, autora de bestsellers, impedida tras un accidente. Lowen descubre las inquietantes verdades de Verity mientras reside en casa de los Crawford para trabajar. (FILMAFFINITY)",https://pics.filmaffinity.com/verity-273395489-large.jpg,https://www.filmaffinity.com/es/evideos.php?movie_id=740344,5.3,6.0,33.0,71.0,Cinesa Diagonal Mar,2026-10-12T16:00:00+02:00,,,,Digital,,unknown,"Tarifa variable; seleccionar cine, fecha y sesión",https://www.publicine.net/cartelera-cine/barcelona/cinesa-diagonal-mar,https://web.cinesa.es/compra/butacas/?showtimeId=032-59221,2026-10-08T06:57:49.911074+00:00
La isla olvidada,Forgotten Island,2026,"Joel Crawford , Januel P. Mercado","Animación, Aventura, Comedia",Un grupo de personajes se encuentra en una isla mágica de la mitología filipina que había permanecido olvidada durante mucho tiempo.,https://es.web.img2.acsta.net/c_160_213/img/ee/16/ee161d327f52a9e974075b7c17d32d10.jpg,https://www.youtube.com/watch?v=2NNDuXJ7C7E,,7.8,95.0,95.0,Cinesa SOM Multiespai,2026-10-12T16:00:00+02:00,,,,Digital,,unknown,"Tarifa variable; seleccionar cine, fecha y sesión",https://www.publicine.net/cartelera-cine/barcelona/cinesa-som-multiespai-heron-city,https://web.cinesa.es/compra/butacas/?showtimeId=017-60965,2026-10-08T06:57:56.221234+00:00
Resident Evil,Resident Evil,2026,Zach Cregger,"Ciencia ficción, Suspense, Terror","Bryan, un mensajero médico, se ve atrapado inesperadamente en una noche de caos en la que la ciudad empieza a colapsar por una amenaza desconocida. Obligado a sobrevivir, deberá enfrentarse a una peligrosa carrera llena de acción mientras intenta escapar del horror que se desata a su alrededor.",https://es.web.img3.acsta.net/c_160_213/img/40/92/4092e505c00d28878024f17b01002c9c.jpg,https://www.filmaffinity.com/es/evideos.php?movie_id=579353,7.0,7.6,96.0,91.0,Cine Yelmo Westfield La Maquinista,2026-10-12T16:05:00+02:00,,,,Digital,,unknown,Tarifa variable; consultar el pase de La Maquinista,https://www.publicine.net/cartelera-cine/barcelona/yelmo-westfield-la-maquinista,https://cine.entradas.com/cine/barcelona/cine-yelmo-westfield-la-maquinista/evento/46712/resident-evil?mode=widget&change=0&ref=744,2026-10-08T06:58:01.153187+00:00
LA BOLA NEGRA,La bola negra,2026,"Javier Ambrossi, Javier Calvo",Drama,"ESTRENO EL VIERNES 25 DE SEPTIEMBRE. Las vidas interconectadas de tres hombres en tres épocas distintas. Tres existencias íntimamente ligadas por la sexualidad y el deseo, el dolor y la herencia; y una de las últimas obras, inacabada, de Federico García Lorca. Proyección en Dolby Atmos y 4K",https://phenomena-experience.com/obj/LCinesD_dat/eventos/JPg000fb.jpg,https://www.youtube.com/watch?v=nXkdGP4VVWI,,8.0,92.0,,Cinesa Diagonal Mar,2026-10-12T16:15:00+02:00,,,,Digital,,unknown,"Tarifa variable; seleccionar cine, fecha y sesión",https://www.publicine.net/cartelera-cine/barcelona/cinesa-diagonal-mar,https://web.cinesa.es/compra/butacas/?showtimeId=032-59223,2026-10-08T06:57:49.911074+00:00
LA BOLA NEGRA,La bola negra,2026,"Javier Ambrossi, Javier Calvo",Drama,"ESTRENO EL VIERNES 25 DE SEPTIEMBRE. Las vidas interconectadas de tres hombres en tres épocas distintas. Tres existencias íntimamente ligadas por la sexualidad y el deseo, el dolor y la herencia; y una de las últimas obras, inacabada, de Federico García Lorca. Proyección en Dolby Atmos y 4K",https://phenomena-experience.com/obj/LCinesD_dat/eventos/JPg000fb.jpg,https://www.youtube.com/watch?v=nXkdGP4VVWI,,8.0,92.0,,Cinesa SOM Multiespai,2026-10-12T16:15:00+02:00,,,,Digital,,unknown,"Tarifa variable; seleccionar cine, fecha y sesión",https://www.publicine.net/cartelera-cine/barcelona/cinesa-som-multiespai-heron-city,https://web.cinesa.es/compra/butacas/?showtimeId=017-60968,2026-10-08T06:57:56.221234+00:00
La Llegenda De La Balena Cantaire,,2026,"Reza Memari, Pavel Hrubos, Steven Majaury","Animación, Infantil","En Vincent és una balena geperuda adolescent que ha quedat òrfena. Fill de l’últim Cantor de Balenes, que protegia els oceans amb el seu cant màgic, viu angoixat per la pèrdua dels pares i dubta de les seves pròpies habilitats. Quan el monstruós Leviatan escapa d’un iceberg fosc i comença a amenaçar tota la vida marina amb la seva tinta verinosa, en Vincent ha de trobar el seu propi cant per aturar-lo. Però, aclaparat per la inseguretat, s’embarca en un perillós viatge cap a les profunditats del mar per a rescatar els seus pares del mític Estany Estel·lar, amb l’esperança que sigui el pare qui derroti el Leviatan. Acompanyat d’en Walter, un peix rèmora molt primmirat que li fa de mainadera, i de la Darya, una valenta orca sorda, en Vincent haurà d’afrontar les seves pors i descobrir el seu propi cant per a salvar els oceans.",https://www.publicine.net/img/pel/full/16312f_la-llegenda-de-la-balena-cantaire-cat.webp,https://www.youtube.com/watch?v=kDFRJy0uDA4,,,,,Espai Texas — Cinemes Texas,2026-10-12T16:15:00+02:00,Doblada,ca,,,,unknown,Lunes–viernes 6€; jueves del espectador 4€; fin de semana 8€,https://espaitexas.cat/pelicula/la-llegenda-de-la-balena-cantaire/,https://espaitexas.koobin.cat/ca/la-llegenda-de-la-balena-cantaire-dob.-cat-20261012-1615,2026-10-08T06:57:30.683468+00:00
LA BOLA NEGRA,La bola negra,2026,"Javier Ambrossi, Javier Calvo",Drama,"ESTRENO EL VIERNES 25 DE SEPTIEMBRE. Las vidas interconectadas de tres hombres en tres épocas distintas. Tres existencias íntimamente ligadas por la sexualidad y el deseo, el dolor y la herencia; y una de las últimas obras, inacabada, de Federico García Lorca. Proyección en Dolby Atmos y 4K",https://phenomena-experience.com/obj/LCinesD_dat/eventos/JPg000fb.jpg,https://www.youtube.com/watch?v=nXkdGP4VVWI,,8.0,92.0,,Cine Yelmo Westfield La Maquinista,2026-10-12T16:25:00+02:00,,,,Digital,,unknown,Tarifa variable; consultar el pase de La Maquinista,https://www.publicine.net/cartelera-cine/barcelona/yelmo-westfield-la-maquinista,https://cine.entradas.com/cine/barcelona/cine-yelmo-westfield-la-maquinista/evento/46724/la-bola-negra?mode=widget&change=0&ref=744,2026-10-08T06:58:01.153187+00:00
Vengadores Endgame: Encore,,,"Joe Russo, Anthony Russo","Aventuras, Fantástico","El grave curso de los acontecimientos puesto en marcha por Thanos, el Titán loco, obliga a los Vengadores y a sus aliados a tomar una última posición para restaurar el orden en el universo al precio que sea.",https://www.publicine.net/img/pel/full/16350f_vengadores-endgame-encore.webp,https://www.youtube.com/watch?v=kJeJTYHUtW0,,,,,Cine Yelmo Westfield La Maquinista,2026-10-12T16:25:00+02:00,,,,Digital,,unknown,Tarifa variable; consultar el pase de La Maquinista,https://www.publicine.net/cartelera-cine/barcelona/yelmo-westfield-la-maquinista,https://cine.entradas.com/cine/barcelona/cine-yelmo-westfield-la-maquinista/evento/46720/vengadores-endgame-encore?mode=widget&change=0&ref=744,2026-10-08T06:58:01.153187+00:00
ESCAPE ROOM 2,Escape Room 2,2026,Hèctor Claramunt,"Comedia, Thriller, Intriga","Cinc anys després, l’Edu, la Marina, la Viky i en Rai tornen a coincidir misteriosament en un nou local de moda situat a la part alta de la muntanya de Montjuïc, on antigament es trobava el parc d’atraccions. No trigaran a adonar-se que aquell establiment no és el que sembla. Aviat aniran a parar a una antiga atracció, un túnel del terror que havia quedat soterrat, on apareix un comptador acompanyat d’un missatge amenaçador que els resulta inquietantment familiar: tenen 60 minuts per a sortir o moriran.",https://espaitexas.cat/wp-content/uploads/2026/10/6a9fc286373b2.jpg,https://www.filmaffinity.com/es/evideos.php?movie_id=903140,,,,,Espai Texas — Cinemes Texas,2026-10-12T16:30:00+02:00,VO,ca,,,,unknown,Lunes–viernes 6€; jueves del espectador 4€; fin de semana 8€,https://espaitexas.cat/pelicula/escape-room-2/,https://espaitexas.koobin.cat/ca/escape-room-2-vo-20261012-1630,2026-10-08T06:57:24.326842+00:00
En el corazón de la bestia,Heart Of The Beast,2026,David Ayer,"Acción, Aventura","Un ex soldado herido y su perro militar luchan por sobrevivir en la naturaleza salvaje de Alaska. Enfrentando frío, soledad y peligros constantes, su vínculo será clave para regresar a casa.",https://es.web.img3.acsta.net/c_160_213/img/06/8b/068b23e941178cfd676278b44064f0e9.jpg,https://www.youtube.com/watch?v=Rh24D89hFMg,6.4,7.3,85.0,94.0,Cine Yelmo Westfield La Maquinista,2026-10-12T16:35:00+02:00,,,,Digital,,unknown,Tarifa variable; consultar el pase de La Maquinista,https://www.publicine.net/cartelera-cine/barcelona/yelmo-westfield-la-maquinista,https://cine.entradas.com/cine/barcelona/cine-yelmo-westfield-la-maquinista/evento/46725/en-el-corazon-de-la-bestia?mode=widget&change=0&ref=744,2026-10-08T06:58:01.153187+00:00
En el corazón de la bestia,Heart Of The Beast,2026,David Ayer,"Acción, Aventura","Un ex soldado herido y su perro militar luchan por sobrevivir en la naturaleza salvaje de Alaska. Enfrentando frío, soledad y peligros constantes, su vínculo será clave para regresar a casa.",https://es.web.img3.acsta.net/c_160_213/img/06/8b/068b23e941178cfd676278b44064f0e9.jpg,https://www.youtube.com/watch?v=Rh24D89hFMg,6.4,7.3,85.0,94.0,Cinesa Diagonal,2026-10-12T16:40:00+02:00,,,,Digital,,unknown,"Tarifa variable; seleccionar cine, fecha y sesión",https://www.publicine.net/cartelera-cine/barcelona/cinesa-diagonal,https://web.cinesa.es/compra/butacas/?showtimeId=012-55586,2026-10-08T06:57:43.478267+00:00
Verity. La sombra de un engaño,Verity,2026,Michael Showalter,"Thriller, Drama","Lowen Ashleigh es contratada como escritora fantasma por Jeremy Crawford para escribir las novelas de su esposa Verity, autora de bestsellers, impedida tras un accidente. Lowen descubre las inquietantes verdades de Verity mientras reside en casa de los Crawford para trabajar. (FILMAFFINITY)",https://pics.filmaffinity.com/verity-273395489-large.jpg,https://www.filmaffinity.com/es/evideos.php?movie_id=740344,5.3,6.0,33.0,71.0,Cinesa SOM Multiespai,2026-10-12T16:45:00+02:00,,,,Digital,,unknown,"Tarifa variable; seleccionar cine, fecha y sesión",https://www.publicine.net/cartelera-cine/barcelona/cinesa-som-multiespai-heron-city,https://web.cinesa.es/compra/butacas/?showtimeId=017-60971,2026-10-08T06:57:56.221234+00:00
En el corazón de la bestia,Heart Of The Beast,2026,David Ayer,"Acción, Aventura","Un ex soldado herido y su perro militar luchan por sobrevivir en la naturaleza salvaje de Alaska. Enfrentando frío, soledad y peligros constantes, su vínculo será clave para regresar a casa.",https://es.web.img3.acsta.net/c_160_213/img/06/8b/068b23e941178cfd676278b44064f0e9.jpg,https://www.youtube.com/watch?v=Rh24D89hFMg,6.4,7.3,85.0,94.0,Cinesa SOM Multiespai,2026-10-12T16:50:00+02:00,,,,Digital,,unknown,"Tarifa variable; seleccionar cine, fecha y sesión",https://www.publicine.net/cartelera-cine/barcelona/cinesa-som-multiespai-heron-city,https://web.cinesa.es/compra/butacas/?showtimeId=017-60972,2026-10-08T06:57:56.221234+00:00
La isla olvidada,Forgotten Island,2026,"Joel Crawford , Januel P. Mercado","Animación, Aventura, Comedia",Un grupo de personajes se encuentra en una isla mágica de la mitología filipina que había permanecido olvidada durante mucho tiempo.,https://es.web.img2.acsta.net/c_160_213/img/ee/16/ee161d327f52a9e974075b7c17d32d10.jpg,https://www.youtube.com/watch?v=2NNDuXJ7C7E,,7.8,95.0,95.0,Cinesa Diagonal Mar,2026-10-12T17:00:00+02:00,,,,Digital,,unknown,"Tarifa variable; seleccionar cine, fecha y sesión",https://www.publicine.net/cartelera-cine/barcelona/cinesa-diagonal-mar,https://web.cinesa.es/compra/butacas/?showtimeId=032-59286,2026-10-08T06:57:49.911074+00:00
Amílcar,Amílcar,2026,Miguel Eek,Documental,"Un assaig documental sobre Amílcar Cabral, el poeta i revolucionari que va liderar la lluita anticolonial a Guinea-Bissau i Cap Verd. Un retrat poètic que combina material d’arxiu i imatges rodades en 16 mm per mostrar les idees sobre la justícia i la dignitat d’un visionari que avui continuen tenint plena vigència.",https://es.web.img2.acsta.net/c_160_213/img/61/61/616130c84e8059179bf5f8a9781bfc33.jpg,,,,,,Zumzeig Cinecooperativa,2026-10-12T17:00:00+02:00,VO,,es,,,unknown,"General 7,50€; miércoles no festivos 5,50€; reducida 6€; socias 4,50€",https://zumzeigcine.coop/cinema/films/amilcar/,https://www.codetickets.com/portal/zumzeigcooperativa/online/37485/102049,2026-10-08T06:57:25.739544+00:00
LA BOLA NEGRA,La bola negra,2026,"Javier Ambrossi, Javier Calvo",Drama,"ESTRENO EL VIERNES 25 DE SEPTIEMBRE. Las vidas interconectadas de tres hombres en tres épocas distintas. Tres existencias íntimamente ligadas por la sexualidad y el deseo, el dolor y la herencia; y una de las últimas obras, inacabada, de Federico García Lorca. Proyección en Dolby Atmos y 4K",https://phenomena-experience.com/obj/LCinesD_dat/eventos/JPg000fb.jpg,https://www.youtube.com/watch?v=nXkdGP4VVWI,,8.0,92.0,,Cinesa Diagonal,2026-10-12T17:15:00+02:00,,,,Digital,,unknown,"Tarifa variable; seleccionar cine, fecha y sesión",https://www.publicine.net/cartelera-cine/barcelona/cinesa-diagonal,https://web.cinesa.es/compra/butacas/?showtimeId=012-55588,2026-10-08T06:57:43.478267+00:00
LA BOLA NEGRA,La bola negra,2026,"Javier Ambrossi, Javier Calvo",Drama,"ESTRENO EL VIERNES 25 DE SEPTIEMBRE. Las vidas interconectadas de tres hombres en tres épocas distintas. Tres existencias íntimamente ligadas por la sexualidad y el deseo, el dolor y la herencia; y una de las últimas obras, inacabada, de Federico García Lorca. Proyección en Dolby Atmos y 4K",https://phenomena-experience.com/obj/LCinesD_dat/eventos/JPg000fb.jpg,https://www.youtube.com/watch?v=nXkdGP4VVWI,,8.0,92.0,,Cinesa Diagonal Mar,2026-10-12T17:15:00+02:00,,,,Digital,,unknown,"Tarifa variable; seleccionar cine, fecha y sesión",https://www.publicine.net/cartelera-cine/barcelona/cinesa-diagonal-mar,https://web.cinesa.es/compra/butacas/?showtimeId=032-59227,2026-10-08T06:57:49.911074+00:00
LA BOLA NEGRA,La bola negra,2026,"Javier Ambrossi, Javier Calvo",Drama,"ESTRENO EL VIERNES 25 DE SEPTIEMBRE. Las vidas interconectadas de tres hombres en tres épocas distintas. Tres existencias íntimamente ligadas por la sexualidad y el deseo, el dolor y la herencia; y una de las últimas obras, inacabada, de Federico García Lorca. Proyección en Dolby Atmos y 4K",https://phenomena-experience.com/obj/LCinesD_dat/eventos/JPg000fb.jpg,https://www.youtube.com/watch?v=nXkdGP4VVWI,,8.0,92.0,,Cinesa SOM Multiespai,2026-10-12T17:15:00+02:00,,,,Digital,,unknown,"Tarifa variable; seleccionar cine, fecha y sesión",https://www.publicine.net/cartelera-cine/barcelona/cinesa-som-multiespai-heron-city,https://web.cinesa.es/compra/butacas/?showtimeId=017-60974,2026-10-08T06:57:56.221234+00:00
LA BOLA NEGRA,La bola negra,2026,"Javier Ambrossi, Javier Calvo",Drama,"ESTRENO EL VIERNES 25 DE SEPTIEMBRE. Las vidas interconectadas de tres hombres en tres épocas distintas. Tres existencias íntimamente ligadas por la sexualidad y el deseo, el dolor y la herencia; y una de las últimas obras, inacabada, de Federico García Lorca. Proyección en Dolby Atmos y 4K",https://phenomena-experience.com/obj/LCinesD_dat/eventos/JPg000fb.jpg,https://www.youtube.com/watch?v=nXkdGP4VVWI,,8.0,92.0,,Cine Yelmo Westfield La Maquinista,2026-10-12T17:15:00+02:00,,,,Digital,,unknown,Tarifa variable; consultar el pase de La Maquinista,https://www.publicine.net/cartelera-cine/barcelona/yelmo-westfield-la-maquinista,https://cine.entradas.com/cine/barcelona/cine-yelmo-westfield-la-maquinista/evento/46445/la-bola-negra?mode=widget&change=0&ref=744,2026-10-08T06:58:01.153187+00:00
Always Lalisa,Always Lalisa,2026,Sue Kim,Documental,"Documental que sigue a la superestrella mundial LISA durante un año transformador lejos de BLACKPINK, el fenómeno del K-pop que la convirtió en una de las artistas más reconocidas del mundo. El documental recoge un año de riesgos, reinvención y autodescubrimiento, mientras LISA comienza a definir su próxima etapa.",https://pics.filmaffinity.com/always_lalisa-195670178-large.jpg,https://www.filmaffinity.com/es/evideos.php?movie_id=181951,,7.4,,,Mooby Arenas de Barcelona,2026-10-12T17:30:00+02:00,,,,,,unknown,"L–J laborables 9€; mié./jue. 6,50€; vie./sáb./festivos 10€",https://www.filmaffinity.com/es/theater-showtimes.php?id=501,https://moobycinemas-arenas.admit-one.eu/?p=tickets&perfCode=191656&language=esp&theatre=24,2026-09-21T09:17:45.870590+02:00
Verity. La sombra de un engaño,Verity,2026,Michael Showalter,"Thriller, Drama","Lowen Ashleigh es contratada como escritora fantasma por Jeremy Crawford para escribir las novelas de su esposa Verity, autora de bestsellers, impedida tras un accidente. Lowen descubre las inquietantes verdades de Verity mientras reside en casa de los Crawford para trabajar. (FILMAFFINITY)",https://pics.filmaffinity.com/verity-273395489-large.jpg,https://www.filmaffinity.com/es/evideos.php?movie_id=740344,5.3,6.0,33.0,71.0,Cine Yelmo Westfield La Maquinista,2026-10-12T17:30:00+02:00,,,,Digital,,unknown,Tarifa variable; consultar el pase de La Maquinista,https://www.publicine.net/cartelera-cine/barcelona/yelmo-westfield-la-maquinista,https://cine.entradas.com/cine/barcelona/cine-yelmo-westfield-la-maquinista/evento/46716/verity-la-sombra-de-un-engano?mode=widget&change=0&ref=744,2026-10-08T06:58:01.153187+00:00
Resident Evil,Resident Evil,2026,Zach Cregger,"Ciencia ficción, Suspense, Terror","Bryan, un mensajero médico, se ve atrapado inesperadamente en una noche de caos en la que la ciudad empieza a colapsar por una amenaza desconocida. Obligado a sobrevivir, deberá enfrentarse a una peligrosa carrera llena de acción mientras intenta escapar del horror que se desata a su alrededor.",https://es.web.img3.acsta.net/c_160_213/img/40/92/4092e505c00d28878024f17b01002c9c.jpg,https://www.filmaffinity.com/es/evideos.php?movie_id=579353,7.0,7.6,96.0,91.0,Cinesa Diagonal Mar,2026-10-12T17:45:00+02:00,,,,Digital,,unknown,"Tarifa variable; seleccionar cine, fecha y sesión",https://www.publicine.net/cartelera-cine/barcelona/cinesa-diagonal-mar,https://web.cinesa.es/compra/butacas/?showtimeId=032-59228,2026-10-08T06:57:49.911074+00:00
Always Lalisa,Always Lalisa,2026,Sue Kim,Documental,"Documental que sigue a la superestrella mundial LISA durante un año transformador lejos de BLACKPINK, el fenómeno del K-pop que la convirtió en una de las artistas más reconocidas del mundo. El documental recoge un año de riesgos, reinvención y autodescubrimiento, mientras LISA comienza a definir su próxima etapa.",https://pics.filmaffinity.com/always_lalisa-195670178-large.jpg,https://www.filmaffinity.com/es/evideos.php?movie_id=181951,,7.4,,,Mooby Glòries,2026-10-12T17:45:00+02:00,,,,,,unknown,"L–J laborables 9€; mié./jue. 6,50€; vie./sáb./festivos 10€",https://www.filmaffinity.com/es/theater-showtimes.php?id=226,https://moobycinemas-glorias.admit-one.eu/?p=tickets&perfCode=120530&language=esp&theatre=25,2026-09-21T09:17:45.870590+02:00
Coyote vs. ACME,Coyote vs. Acme,2026,Dave Green,"Animación, Aventura, Comedia","Cansado de que los productos defectuosos de Acme arruinen sus planes, el Coyote contrata a un abogado para demandar a la corporación, ahora dirigida por un despiadado exjefe de su defensor. Juntos forjarán una inesperada amistad mientras luchan en los tribunales.",https://es.web.img3.acsta.net/c_160_213/img/18/4e/184e275eb73de363b01c7c3637407fcd.jpg,https://www.filmaffinity.com/es/evideos.php?movie_id=523116,6.7,7.4,96.0,94.0,Cine Yelmo Westfield La Maquinista,2026-10-12T17:45:00+02:00,,,,Digital,,unknown,Tarifa variable; consultar el pase de La Maquinista,https://www.publicine.net/cartelera-cine/barcelona/yelmo-westfield-la-maquinista,https://cine.entradas.com/cine/barcelona/cine-yelmo-westfield-la-maquinista/evento/46742/coyote-vs-acme?mode=widget&change=0&ref=744,2026-10-08T06:58:01.153187+00:00
La isla olvidada,Forgotten Island,2026,"Joel Crawford , Januel P. Mercado","Animación, Aventura, Comedia",Un grupo de personajes se encuentra en una isla mágica de la mitología filipina que había permanecido olvidada durante mucho tiempo.,https://es.web.img2.acsta.net/c_160_213/img/ee/16/ee161d327f52a9e974075b7c17d32d10.jpg,https://www.youtube.com/watch?v=2NNDuXJ7C7E,,7.8,95.0,95.0,Cinesa Diagonal,2026-10-12T17:55:00+02:00,,,,Digital,,unknown,"Tarifa variable; seleccionar cine, fecha y sesión",https://www.publicine.net/cartelera-cine/barcelona/cinesa-diagonal,https://web.cinesa.es/compra/butacas/?showtimeId=012-55589,2026-10-08T06:57:43.478267+00:00
LA BOLA NEGRA,La bola negra,2026,"Javier Ambrossi, Javier Calvo",Drama,"ESTRENO EL VIERNES 25 DE SEPTIEMBRE. Las vidas interconectadas de tres hombres en tres épocas distintas. Tres existencias íntimamente ligadas por la sexualidad y el deseo, el dolor y la herencia; y una de las últimas obras, inacabada, de Federico García Lorca. Proyección en Dolby Atmos y 4K",https://phenomena-experience.com/obj/LCinesD_dat/eventos/JPg000fb.jpg,https://www.youtube.com/watch?v=nXkdGP4VVWI,,8.0,92.0,,Cinesa Diagonal,2026-10-12T18:15:00+02:00,,,,Digital,,unknown,"Tarifa variable; seleccionar cine, fecha y sesión",https://www.publicine.net/cartelera-cine/barcelona/cinesa-diagonal,https://web.cinesa.es/compra/butacas/?showtimeId=012-55343,2026-10-08T06:57:43.478267+00:00
LA BOLA NEGRA,La bola negra,2026,"Javier Ambrossi, Javier Calvo",Drama,"ESTRENO EL VIERNES 25 DE SEPTIEMBRE. Las vidas interconectadas de tres hombres en tres épocas distintas. Tres existencias íntimamente ligadas por la sexualidad y el deseo, el dolor y la herencia; y una de las últimas obras, inacabada, de Federico García Lorca. Proyección en Dolby Atmos y 4K",https://phenomena-experience.com/obj/LCinesD_dat/eventos/JPg000fb.jpg,https://www.youtube.com/watch?v=nXkdGP4VVWI,,8.0,92.0,,Cinesa Diagonal Mar,2026-10-12T18:15:00+02:00,,,,Digital,,unknown,"Tarifa variable; seleccionar cine, fecha y sesión",https://www.publicine.net/cartelera-cine/barcelona/cinesa-diagonal-mar,https://web.cinesa.es/compra/butacas/?showtimeId=032-58971,2026-10-08T06:57:49.911074+00:00
LA BOLA NEGRA,La bola negra,2026,"Javier Ambrossi, Javier Calvo",Drama,"ESTRENO EL VIERNES 25 DE SEPTIEMBRE. Las vidas interconectadas de tres hombres en tres épocas distintas. Tres existencias íntimamente ligadas por la sexualidad y el deseo, el dolor y la herencia; y una de las últimas obras, inacabada, de Federico García Lorca. Proyección en Dolby Atmos y 4K",https://phenomena-experience.com/obj/LCinesD_dat/eventos/JPg000fb.jpg,https://www.youtube.com/watch?v=nXkdGP4VVWI,,8.0,92.0,,Cinesa SOM Multiespai,2026-10-12T18:15:00+02:00,,,,Digital,,unknown,"Tarifa variable; seleccionar cine, fecha y sesión",https://www.publicine.net/cartelera-cine/barcelona/cinesa-som-multiespai-heron-city,https://web.cinesa.es/compra/butacas/?showtimeId=017-60736,2026-10-08T06:57:56.221234+00:00
ESCAPE ROOM 2,Escape Room 2,2026,Hèctor Claramunt,"Comedia, Thriller, Intriga","Cinc anys després, l’Edu, la Marina, la Viky i en Rai tornen a coincidir misteriosament en un nou local de moda situat a la part alta de la muntanya de Montjuïc, on antigament es trobava el parc d’atraccions. No trigaran a adonar-se que aquell establiment no és el que sembla. Aviat aniran a parar a una antiga atracció, un túnel del terror que havia quedat soterrat, on apareix un comptador acompanyat d’un missatge amenaçador que els resulta inquietantment familiar: tenen 60 minuts per a sortir o moriran.",https://espaitexas.cat/wp-content/uploads/2026/10/6a9fc286373b2.jpg,https://www.filmaffinity.com/es/evideos.php?movie_id=903140,,,,,Espai Texas — Cinemes Texas,2026-10-12T18:15:00+02:00,VO,ca,,,,unknown,Lunes–viernes 6€; jueves del espectador 4€; fin de semana 8€,https://espaitexas.cat/pelicula/escape-room-2/,https://espaitexas.koobin.cat/ca/escape-room-2-vo-20261012-1815,2026-10-08T06:57:24.326842+00:00
LA INVASIÓ DELS BÀRBARS,La invasió dels bàrbars,2025,Vicent Monsonís,Drama,"València, 1939. Esperanza és conservadora d’art i responsable de les obres del Museu de Prado traslladades a València durant la guerra per a protegir-les dels bombardejos feixistes. Acabada la guerra, Esperanza és detinguda i interrogada per un tinent franquista sobre un quadre de la col·lecció del Prat que no apareix. El seu títol: La invasió dels bàrbars.  80 anys després, l’Aurora s’enfronta a l’alcalde d’un poble pròxim a València per l’exhumació d’una fossa del franquisme descoberta en el seu terme municipal.",https://espaitexas.cat/wp-content/uploads/2026/09/mv5bodeymmnlndmtoge1ny00zty0ltg5ntityzm3ognjzdkwmwjkxkeyxkfqcgcx.-v1-.jpg,https://www.filmaffinity.com/es/evideos.php?movie_id=492711,7.2,7.5,,,Espai Texas — Cinemes Texas,2026-10-12T18:15:00+02:00,VO,ca,,,,unknown,Lunes–viernes 6€; jueves del espectador 4€; fin de semana 8€,https://espaitexas.cat/pelicula/la-invasio-dels-barbars/,https://espaitexas.koobin.cat/ca/la-invasio-dels-barbars-vo-20261012-0000,2026-10-08T06:57:26.397369+00:00
Resident Evil,Resident Evil,2026,Zach Cregger,"Ciencia ficción, Suspense, Terror","Bryan, un mensajero médico, se ve atrapado inesperadamente en una noche de caos en la que la ciudad empieza a colapsar por una amenaza desconocida. Obligado a sobrevivir, deberá enfrentarse a una peligrosa carrera llena de acción mientras intenta escapar del horror que se desata a su alrededor.",https://es.web.img3.acsta.net/c_160_213/img/40/92/4092e505c00d28878024f17b01002c9c.jpg,https://www.filmaffinity.com/es/evideos.php?movie_id=579353,7.0,7.6,96.0,91.0,Cine Yelmo Westfield La Maquinista,2026-10-12T18:15:00+02:00,,,,Digital,,unknown,Tarifa variable; consultar el pase de La Maquinista,https://www.publicine.net/cartelera-cine/barcelona/yelmo-westfield-la-maquinista,https://cine.entradas.com/cine/barcelona/cine-yelmo-westfield-la-maquinista/evento/46713/resident-evil?mode=widget&change=0&ref=744,2026-10-08T06:58:01.153187+00:00
Digger,Digger,2026,Alejandro González Iñárritu,"Acción, Comedia","El hombre más poderoso del mundo provoca un desastre que amenaza a la humanidad. Para redimirse, emprende una misión arriesgada con el objetivo de convertirse en su salvador.",https://es.web.img3.acsta.net/c_160_213/img/0f/c9/0fc9092d6e2afd046417684533c535c4.jpg,https://www.youtube.com/watch?v=xU2jWSsaWY0,6.4,,,,Phenomena Experience,2026-10-12T18:30:00+02:00,VO,,es,Dolby Atmos,12.0,published,Precio según pase; consultar la ficha de la película,https://phenomena-experience.com/index?pag=cartelera,https://www.reservaentradas.com/entrada/barcelona/phenomenaexperience/digger-proyeccion-en-dolby-atmos-y-vose/13595/,2026-10-08T06:57:05.017772+00:00
LA BOLA NEGRA,La bola negra,2026,"Javier Ambrossi, Javier Calvo",Drama,"ESTRENO EL VIERNES 25 DE SEPTIEMBRE. Las vidas interconectadas de tres hombres en tres épocas distintas. Tres existencias íntimamente ligadas por la sexualidad y el deseo, el dolor y la herencia; y una de las últimas obras, inacabada, de Federico García Lorca. Proyección en Dolby Atmos y 4K",https://phenomena-experience.com/obj/LCinesD_dat/eventos/JPg000fb.jpg,https://www.youtube.com/watch?v=nXkdGP4VVWI,,8.0,92.0,,Cine Yelmo Westfield La Maquinista,2026-10-12T18:30:00+02:00,,,,Digital,,unknown,Tarifa variable; consultar el pase de La Maquinista,https://www.publicine.net/cartelera-cine/barcelona/yelmo-westfield-la-maquinista,https://cine.entradas.com/cine/barcelona/cine-yelmo-westfield-la-maquinista/evento/46737/la-bola-negra?mode=widget&change=0&ref=744,2026-10-08T06:58:01.153187+00:00
Verity. La sombra de un engaño,Verity,2026,Michael Showalter,"Thriller, Drama","Lowen Ashleigh es contratada como escritora fantasma por Jeremy Crawford para escribir las novelas de su esposa Verity, autora de bestsellers, impedida tras un accidente. Lowen descubre las inquietantes verdades de Verity mientras reside en casa de los Crawford para trabajar. (FILMAFFINITY)",https://pics.filmaffinity.com/verity-273395489-large.jpg,https://www.filmaffinity.com/es/evideos.php?movie_id=740344,5.3,6.0,33.0,71.0,Cinesa Diagonal Mar,2026-10-12T18:40:00+02:00,,,,Digital,,unknown,"Tarifa variable; seleccionar cine, fecha y sesión",https://www.publicine.net/cartelera-cine/barcelona/cinesa-diagonal-mar,https://web.cinesa.es/compra/butacas/?showtimeId=032-59231,2026-10-08T06:57:49.911074+00:00
Verity. La sombra de un engaño,Verity,2026,Michael Showalter,"Thriller, Drama","Lowen Ashleigh es contratada como escritora fantasma por Jeremy Crawford para escribir las novelas de su esposa Verity, autora de bestsellers, impedida tras un accidente. Lowen descubre las inquietantes verdades de Verity mientras reside en casa de los Crawford para trabajar. (FILMAFFINITY)",https://pics.filmaffinity.com/verity-273395489-large.jpg,https://www.filmaffinity.com/es/evideos.php?movie_id=740344,5.3,6.0,33.0,71.0,Cinesa Diagonal,2026-10-12T18:45:00+02:00,,,,Digital,,unknown,"Tarifa variable; seleccionar cine, fecha y sesión",https://www.publicine.net/cartelera-cine/barcelona/cinesa-diagonal,https://web.cinesa.es/compra/butacas/?showtimeId=012-55593,2026-10-08T06:57:43.478267+00:00
En el corazón de la bestia,Heart Of The Beast,2026,David Ayer,"Acción, Aventura","Un ex soldado herido y su perro militar luchan por sobrevivir en la naturaleza salvaje de Alaska. Enfrentando frío, soledad y peligros constantes, su vínculo será clave para regresar a casa.",https://es.web.img3.acsta.net/c_160_213/img/06/8b/068b23e941178cfd676278b44064f0e9.jpg,https://www.youtube.com/watch?v=Rh24D89hFMg,6.4,7.3,85.0,94.0,Cine Yelmo Westfield La Maquinista,2026-10-12T18:50:00+02:00,,,,Digital,,unknown,Tarifa variable; consultar el pase de La Maquinista,https://www.publicine.net/cartelera-cine/barcelona/yelmo-westfield-la-maquinista,https://cine.entradas.com/cine/barcelona/cine-yelmo-westfield-la-maquinista/evento/46738/en-el-corazon-de-la-bestia?mode=widget&change=0&ref=744,2026-10-08T06:58:01.153187+00:00
Digger,Digger,2026,Alejandro González Iñárritu,"Acción, Comedia","El hombre más poderoso del mundo provoca un desastre que amenaza a la humanidad. Para redimirse, emprende una misión arriesgada con el objetivo de convertirse en su salvador.",https://es.web.img3.acsta.net/c_160_213/img/0f/c9/0fc9092d6e2afd046417684533c535c4.jpg,https://www.youtube.com/watch?v=xU2jWSsaWY0,6.4,,,,Cinesa SOM Multiespai,2026-10-12T19:00:00+02:00,,,,Digital,,unknown,"Tarifa variable; seleccionar cine, fecha y sesión",https://www.publicine.net/cartelera-cine/barcelona/cinesa-som-multiespai-heron-city,https://web.cinesa.es/compra/butacas/?showtimeId=017-60983,2026-10-08T06:57:56.221234+00:00
Naza,"Naza (נז""א)",2026,"Yuval Abraham, Rachel Szor",Documental,"Dos dels autors de la guanyadora de l'Óscar ""No Other Land"" documenten els mecanismes i sistemes automatitzats (incloent intel·ligència artificial) utilitzats per les Forces de Defensa d'Israel (FDI) per a la selecció d'objectius i el bombardeig massiu de civils en la Franja de Gaza. Premi Especial de Jurat al festival de Venècia.",https://pics.filmaffinity.com/naza-969777841-large.jpg,https://www.filmaffinity.com/es/evideos.php?movie_id=105520,7.6,7.9,100.0,,Zumzeig Cinecooperativa,2026-10-12T19:00:00+02:00,VO,,es,,,unknown,"General 7,50€; miércoles no festivos 5,50€; reducida 6€; socias 4,50€",https://zumzeigcine.coop/cinema/films/naza/,https://www.codetickets.com/portal/zumzeigcooperativa/online/37717/102043,2026-10-08T06:57:17.882975+00:00
En el corazón de la bestia,Heart Of The Beast,2026,David Ayer,"Acción, Aventura","Un ex soldado herido y su perro militar luchan por sobrevivir en la naturaleza salvaje de Alaska. Enfrentando frío, soledad y peligros constantes, su vínculo será clave para regresar a casa.",https://es.web.img3.acsta.net/c_160_213/img/06/8b/068b23e941178cfd676278b44064f0e9.jpg,https://www.youtube.com/watch?v=Rh24D89hFMg,6.4,7.3,85.0,94.0,Cinesa Diagonal,2026-10-12T19:10:00+02:00,,,,Digital,,unknown,"Tarifa variable; seleccionar cine, fecha y sesión",https://www.publicine.net/cartelera-cine/barcelona/cinesa-diagonal,https://web.cinesa.es/compra/butacas/?showtimeId=012-55594,2026-10-08T06:57:43.478267+00:00
Digger,Digger,2026,Alejandro González Iñárritu,"Acción, Comedia","El hombre más poderoso del mundo provoca un desastre que amenaza a la humanidad. Para redimirse, emprende una misión arriesgada con el objetivo de convertirse en su salvador.",https://es.web.img3.acsta.net/c_160_213/img/0f/c9/0fc9092d6e2afd046417684533c535c4.jpg,https://www.youtube.com/watch?v=xU2jWSsaWY0,6.4,,,,Cinesa Diagonal Mar,2026-10-12T19:10:00+02:00,,,,IMAX,,unknown,"Tarifa variable; seleccionar cine, fecha y sesión",https://www.publicine.net/cartelera-cine/barcelona/cinesa-diagonal-mar,https://web.cinesa.es/compra/butacas/?showtimeId=032-59234,2026-10-08T06:57:49.911074+00:00
LA BOLA NEGRA,La bola negra,2026,"Javier Ambrossi, Javier Calvo",Drama,"ESTRENO EL VIERNES 25 DE SEPTIEMBRE. Las vidas interconectadas de tres hombres en tres épocas distintas. Tres existencias íntimamente ligadas por la sexualidad y el deseo, el dolor y la herencia; y una de las últimas obras, inacabada, de Federico García Lorca. Proyección en Dolby Atmos y 4K",https://phenomena-experience.com/obj/LCinesD_dat/eventos/JPg000fb.jpg,https://www.youtube.com/watch?v=nXkdGP4VVWI,,8.0,92.0,,Cinesa Diagonal,2026-10-12T19:15:00+02:00,,,,Digital,,unknown,"Tarifa variable; seleccionar cine, fecha y sesión",https://www.publicine.net/cartelera-cine/barcelona/cinesa-diagonal,https://web.cinesa.es/compra/butacas/?showtimeId=012-55595,2026-10-08T06:57:43.478267+00:00
LA BOLA NEGRA,La bola negra,2026,"Javier Ambrossi, Javier Calvo",Drama,"ESTRENO EL VIERNES 25 DE SEPTIEMBRE. Las vidas interconectadas de tres hombres en tres épocas distintas. Tres existencias íntimamente ligadas por la sexualidad y el deseo, el dolor y la herencia; y una de las últimas obras, inacabada, de Federico García Lorca. Proyección en Dolby Atmos y 4K",https://phenomena-experience.com/obj/LCinesD_dat/eventos/JPg000fb.jpg,https://www.youtube.com/watch?v=nXkdGP4VVWI,,8.0,92.0,,Cinesa Diagonal Mar,2026-10-12T19:15:00+02:00,,,,Digital,,unknown,"Tarifa variable; seleccionar cine, fecha y sesión",https://www.publicine.net/cartelera-cine/barcelona/cinesa-diagonal-mar,https://web.cinesa.es/compra/butacas/?showtimeId=032-59235,2026-10-08T06:57:49.911074+00:00
En el corazón de la bestia,Heart Of The Beast,2026,David Ayer,"Acción, Aventura","Un ex soldado herido y su perro militar luchan por sobrevivir en la naturaleza salvaje de Alaska. Enfrentando frío, soledad y peligros constantes, su vínculo será clave para regresar a casa.",https://es.web.img3.acsta.net/c_160_213/img/06/8b/068b23e941178cfd676278b44064f0e9.jpg,https://www.youtube.com/watch?v=Rh24D89hFMg,6.4,7.3,85.0,94.0,Cinesa SOM Multiespai,2026-10-12T19:15:00+02:00,,,,Digital,,unknown,"Tarifa variable; seleccionar cine, fecha y sesión",https://www.publicine.net/cartelera-cine/barcelona/cinesa-som-multiespai-heron-city,https://web.cinesa.es/compra/butacas/?showtimeId=017-60979,2026-10-08T06:57:56.221234+00:00
Verity. La sombra de un engaño,Verity,2026,Michael Showalter,"Thriller, Drama","Lowen Ashleigh es contratada como escritora fantasma por Jeremy Crawford para escribir las novelas de su esposa Verity, autora de bestsellers, impedida tras un accidente. Lowen descubre las inquietantes verdades de Verity mientras reside en casa de los Crawford para trabajar. (FILMAFFINITY)",https://pics.filmaffinity.com/verity-273395489-large.jpg,https://www.filmaffinity.com/es/evideos.php?movie_id=740344,5.3,6.0,33.0,71.0,Cinesa SOM Multiespai,2026-10-12T19:20:00+02:00,,,,Digital,,unknown,"Tarifa variable; seleccionar cine, fecha y sesión",https://www.publicine.net/cartelera-cine/barcelona/cinesa-som-multiespai-heron-city,https://web.cinesa.es/compra/butacas/?showtimeId=017-60980,2026-10-08T06:57:56.221234+00:00
Digger,Digger,2026,Alejandro González Iñárritu,"Acción, Comedia","El hombre más poderoso del mundo provoca un desastre que amenaza a la humanidad. Para redimirse, emprende una misión arriesgada con el objetivo de convertirse en su salvador.",https://es.web.img3.acsta.net/c_160_213/img/0f/c9/0fc9092d6e2afd046417684533c535c4.jpg,https://www.youtube.com/watch?v=xU2jWSsaWY0,6.4,,,,Cinesa Diagonal,2026-10-12T19:30:00+02:00,,,,Digital,,unknown,"Tarifa variable; seleccionar cine, fecha y sesión",https://www.publicine.net/cartelera-cine/barcelona/cinesa-diagonal,https://web.cinesa.es/compra/butacas/?showtimeId=012-55596,2026-10-08T06:57:43.478267+00:00
En el corazón de la bestia,Heart Of The Beast,2026,David Ayer,"Acción, Aventura","Un ex soldado herido y su perro militar luchan por sobrevivir en la naturaleza salvaje de Alaska. Enfrentando frío, soledad y peligros constantes, su vínculo será clave para regresar a casa.",https://es.web.img3.acsta.net/c_160_213/img/06/8b/068b23e941178cfd676278b44064f0e9.jpg,https://www.youtube.com/watch?v=Rh24D89hFMg,6.4,7.3,85.0,94.0,Cinesa Diagonal Mar,2026-10-12T19:30:00+02:00,,,,Digital,,unknown,"Tarifa variable; seleccionar cine, fecha y sesión",https://www.publicine.net/cartelera-cine/barcelona/cinesa-diagonal-mar,https://web.cinesa.es/compra/butacas/?showtimeId=032-59236,2026-10-08T06:57:49.911074+00:00
Resident Evil,Resident Evil,2026,Zach Cregger,"Ciencia ficción, Suspense, Terror","Bryan, un mensajero médico, se ve atrapado inesperadamente en una noche de caos en la que la ciudad empieza a colapsar por una amenaza desconocida. Obligado a sobrevivir, deberá enfrentarse a una peligrosa carrera llena de acción mientras intenta escapar del horror que se desata a su alrededor.",https://es.web.img3.acsta.net/c_160_213/img/40/92/4092e505c00d28878024f17b01002c9c.jpg,https://www.filmaffinity.com/es/evideos.php?movie_id=579353,7.0,7.6,96.0,91.0,Cinesa SOM Multiespai,2026-10-12T19:30:00+02:00,,,,Digital,,unknown,"Tarifa variable; seleccionar cine, fecha y sesión",https://www.publicine.net/cartelera-cine/barcelona/cinesa-som-multiespai-heron-city,https://web.cinesa.es/compra/butacas/?showtimeId=017-60981,2026-10-08T06:57:56.221234+00:00
LA BOLA NEGRA,La bola negra,2026,"Javier Ambrossi, Javier Calvo",Drama,"ESTRENO EL VIERNES 25 DE SEPTIEMBRE. Las vidas interconectadas de tres hombres en tres épocas distintas. Tres existencias íntimamente ligadas por la sexualidad y el deseo, el dolor y la herencia; y una de las últimas obras, inacabada, de Federico García Lorca. Proyección en Dolby Atmos y 4K",https://phenomena-experience.com/obj/LCinesD_dat/eventos/JPg000fb.jpg,https://www.youtube.com/watch?v=nXkdGP4VVWI,,8.0,92.0,,Cine Yelmo Westfield La Maquinista,2026-10-12T19:40:00+02:00,,,,Digital,,unknown,Tarifa variable; consultar el pase de La Maquinista,https://www.publicine.net/cartelera-cine/barcelona/yelmo-westfield-la-maquinista,https://cine.entradas.com/cine/barcelona/cine-yelmo-westfield-la-maquinista/evento/46721/la-bola-negra?mode=widget&change=0&ref=744,2026-10-08T06:58:01.153187+00:00
LA BOLA NEGRA,La bola negra,2026,"Javier Ambrossi, Javier Calvo",Drama,"ESTRENO EL VIERNES 25 DE SEPTIEMBRE. Las vidas interconectadas de tres hombres en tres épocas distintas. Tres existencias íntimamente ligadas por la sexualidad y el deseo, el dolor y la herencia; y una de las últimas obras, inacabada, de Federico García Lorca. Proyección en Dolby Atmos y 4K",https://phenomena-experience.com/obj/LCinesD_dat/eventos/JPg000fb.jpg,https://www.youtube.com/watch?v=nXkdGP4VVWI,,8.0,92.0,,Cinesa Diagonal Mar,2026-10-12T19:45:00+02:00,,,,Digital,,unknown,"Tarifa variable; seleccionar cine, fecha y sesión",https://www.publicine.net/cartelera-cine/barcelona/cinesa-diagonal-mar,https://web.cinesa.es/compra/butacas/?showtimeId=032-59237,2026-10-08T06:57:49.911074+00:00
LA BOLA NEGRA,La bola negra,2026,"Javier Ambrossi, Javier Calvo",Drama,"ESTRENO EL VIERNES 25 DE SEPTIEMBRE. Las vidas interconectadas de tres hombres en tres épocas distintas. Tres existencias íntimamente ligadas por la sexualidad y el deseo, el dolor y la herencia; y una de las últimas obras, inacabada, de Federico García Lorca. Proyección en Dolby Atmos y 4K",https://phenomena-experience.com/obj/LCinesD_dat/eventos/JPg000fb.jpg,https://www.youtube.com/watch?v=nXkdGP4VVWI,,8.0,92.0,,Cinesa SOM Multiespai,2026-10-12T19:45:00+02:00,,,,Digital,,unknown,"Tarifa variable; seleccionar cine, fecha y sesión",https://www.publicine.net/cartelera-cine/barcelona/cinesa-som-multiespai-heron-city,https://web.cinesa.es/compra/butacas/?showtimeId=017-60982,2026-10-08T06:57:56.221234+00:00
Verity. La sombra de un engaño,Verity,2026,Michael Showalter,"Thriller, Drama","Lowen Ashleigh es contratada como escritora fantasma por Jeremy Crawford para escribir las novelas de su esposa Verity, autora de bestsellers, impedida tras un accidente. Lowen descubre las inquietantes verdades de Verity mientras reside en casa de los Crawford para trabajar. (FILMAFFINITY)",https://pics.filmaffinity.com/verity-273395489-large.jpg,https://www.filmaffinity.com/es/evideos.php?movie_id=740344,5.3,6.0,33.0,71.0,Cine Yelmo Westfield La Maquinista,2026-10-12T19:55:00+02:00,,,,Digital,,unknown,Tarifa variable; consultar el pase de La Maquinista,https://www.publicine.net/cartelera-cine/barcelona/yelmo-westfield-la-maquinista,https://cine.entradas.com/cine/barcelona/cine-yelmo-westfield-la-maquinista/evento/46717/verity-la-sombra-de-un-engano?mode=widget&change=0&ref=744,2026-10-08T06:58:01.153187+00:00
Cronos,Cronos,2026,Fernando González Molina,"Drama, Suspense","La película sigue la operación Cronos, activada tras el atentado en Las Ramblas, durante cuatro días de tensión y confusión. La misión culmina con la captura del último terrorista, dejando heridas abiertas y un país marcado por el miedo y la frustración.",https://es.web.img3.acsta.net/c_160_213/img/68/13/6813bcb516cf8f5787c00a1d9a5ea6b0.jpg,https://www.youtube.com/watch?v=XymFT_jUeXY,6.2,6.7,,,Cine Yelmo Westfield La Maquinista,2026-10-12T19:55:00+02:00,,,,Digital,,unknown,Tarifa variable; consultar el pase de La Maquinista,https://www.publicine.net/cartelera-cine/barcelona/yelmo-westfield-la-maquinista,https://www.publicine.net/venda/18172/59/aHR0cHM6Ly9jaW5lLmVudHJhZGFzLmNvbS9jaW5lL2JhcmNlbG9uYS9jaW5lLXllbG1vLXdlc3RmaWVsZC1sYS1tYXF1aW5pc3RhL2V2ZW50by80Njc0My9jcm9ub3M/bW9kZT13aWRnZXQmY2hhbmdlPTAmcmVmPTc0NA,2026-10-08T06:58:01.153187+00:00
Resident Evil,Resident Evil,2026,Zach Cregger,"Ciencia ficción, Suspense, Terror","Bryan, un mensajero médico, se ve atrapado inesperadamente en una noche de caos en la que la ciudad empieza a colapsar por una amenaza desconocida. Obligado a sobrevivir, deberá enfrentarse a una peligrosa carrera llena de acción mientras intenta escapar del horror que se desata a su alrededor.",https://es.web.img3.acsta.net/c_160_213/img/40/92/4092e505c00d28878024f17b01002c9c.jpg,https://www.filmaffinity.com/es/evideos.php?movie_id=579353,7.0,7.6,96.0,91.0,Cinesa Diagonal Mar,2026-10-12T20:00:00+02:00,VO,,es,,,unknown,"Tarifa variable; seleccionar cine, fecha y sesión",https://www.publicine.net/cartelera-cine/barcelona/cinesa-diagonal-mar,https://web.cinesa.es/compra/butacas/?showtimeId=032-59238,2026-10-08T06:57:49.911074+00:00
Always Lalisa,Always Lalisa,2026,Sue Kim,Documental,"Documental que sigue a la superestrella mundial LISA durante un año transformador lejos de BLACKPINK, el fenómeno del K-pop que la convirtió en una de las artistas más reconocidas del mundo. El documental recoge un año de riesgos, reinvención y autodescubrimiento, mientras LISA comienza a definir su próxima etapa.",https://pics.filmaffinity.com/always_lalisa-195670178-large.jpg,https://www.filmaffinity.com/es/evideos.php?movie_id=181951,,7.4,,,Cine Yelmo Westfield La Maquinista,2026-10-12T20:00:00+02:00,,,,Digital,,unknown,Tarifa variable; consultar el pase de La Maquinista,https://www.filmaffinity.com/es/theater-showtimes.php?id=220,https://www.awin1.com/cread.php?awinmid=24761&awinaffid=1474736&ued=https%3A%2F%2Fcine.entradas.com%2Fcine%2Fbarcelona%2Fcine-yelmo-westfield-la-maquinista%2Fevento%2F45508%2Falways-lalisa%3Fmode%3Dwidget%26change%3D0%26language%3DVOSE,2026-09-21T09:17:45.870590+02:00
ESCAPE ROOM 2,Escape Room 2,2026,Hèctor Claramunt,"Comedia, Thriller, Intriga","Cinc anys després, l’Edu, la Marina, la Viky i en Rai tornen a coincidir misteriosament en un nou local de moda situat a la part alta de la muntanya de Montjuïc, on antigament es trobava el parc d’atraccions. No trigaran a adonar-se que aquell establiment no és el que sembla. Aviat aniran a parar a una antiga atracció, un túnel del terror que havia quedat soterrat, on apareix un comptador acompanyat d’un missatge amenaçador que els resulta inquietantment familiar: tenen 60 minuts per a sortir o moriran.",https://espaitexas.cat/wp-content/uploads/2026/10/6a9fc286373b2.jpg,https://www.filmaffinity.com/es/evideos.php?movie_id=903140,,,,,Espai Texas — Cinemes Texas,2026-10-12T20:15:00+02:00,VO,ca,,,,unknown,Lunes–viernes 6€; jueves del espectador 4€; fin de semana 8€,https://espaitexas.cat/pelicula/escape-room-2/,https://espaitexas.koobin.cat/ca/escape-room-2-vo-20261012-2015,2026-10-08T06:57:24.326842+00:00
Resident Evil,Resident Evil,2026,Zach Cregger,"Ciencia ficción, Suspense, Terror","Bryan, un mensajero médico, se ve atrapado inesperadamente en una noche de caos en la que la ciudad empieza a colapsar por una amenaza desconocida. Obligado a sobrevivir, deberá enfrentarse a una peligrosa carrera llena de acción mientras intenta escapar del horror que se desata a su alrededor.",https://es.web.img3.acsta.net/c_160_213/img/40/92/4092e505c00d28878024f17b01002c9c.jpg,https://www.filmaffinity.com/es/evideos.php?movie_id=579353,7.0,7.6,96.0,91.0,Cinesa Diagonal,2026-10-12T20:25:00+02:00,,,,Digital,,unknown,"Tarifa variable; seleccionar cine, fecha y sesión",https://www.publicine.net/cartelera-cine/barcelona/cinesa-diagonal,https://web.cinesa.es/compra/butacas/?showtimeId=012-55599,2026-10-08T06:57:43.478267+00:00
LA BOLA NEGRA,La bola negra,2026,"Javier Ambrossi, Javier Calvo",Drama,"ESTRENO EL VIERNES 25 DE SEPTIEMBRE. Las vidas interconectadas de tres hombres en tres épocas distintas. Tres existencias íntimamente ligadas por la sexualidad y el deseo, el dolor y la herencia; y una de las últimas obras, inacabada, de Federico García Lorca. Proyección en Dolby Atmos y 4K",https://phenomena-experience.com/obj/LCinesD_dat/eventos/JPg000fb.jpg,https://www.youtube.com/watch?v=nXkdGP4VVWI,,8.0,92.0,,Cine Yelmo Westfield La Maquinista,2026-10-12T20:25:00+02:00,,,,Digital,,unknown,Tarifa variable; consultar el pase de La Maquinista,https://www.publicine.net/cartelera-cine/barcelona/yelmo-westfield-la-maquinista,https://cine.entradas.com/cine/barcelona/cine-yelmo-westfield-la-maquinista/evento/46444/la-bola-negra?mode=widget&change=0&ref=744,2026-10-08T06:58:01.153187+00:00
OMBRA NÒMADA,,2026,Eimi Imanishi,,"La Mariam, una jove sahrauí amb un carisma especial, és deportada d’Espanya i forçada a tornar a la llar familiar al Sàhara Occidental. Desesperada per tornar a Barcelona, la Mariam no aconsegueix adaptar-se al seu lloc de naixement. Els seus intents fallits per millorar la seva situació l’enfrontaran de ple amb la seva identitat: ni el seu arrelament al Sàhara ni el seu vincle amb Espanya resulten suficients per a trobar el seu lloc.",https://espaitexas.cat/wp-content/uploads/2026/09/tal-nomad-shadow-poster-2-72.jpg,,,,,,Espai Texas — Cinemes Texas,2026-10-12T20:30:00+02:00,VO,CASTELLÀ I ÀRAB,ca,,,unknown,Lunes–viernes 6€; jueves del espectador 4€; fin de semana 8€,https://espaitexas.cat/pelicula/ombra-nomada/,https://espaitexas.koobin.cat/ca/ombra-nomada-vosc-20261012-2030,2026-10-08T06:57:10.458064+00:00
Always Lalisa,Always Lalisa,2026,Sue Kim,Documental,"Documental que sigue a la superestrella mundial LISA durante un año transformador lejos de BLACKPINK, el fenómeno del K-pop que la convirtió en una de las artistas más reconocidas del mundo. El documental recoge un año de riesgos, reinvención y autodescubrimiento, mientras LISA comienza a definir su próxima etapa.",https://pics.filmaffinity.com/always_lalisa-195670178-large.jpg,https://www.filmaffinity.com/es/evideos.php?movie_id=181951,,7.4,,,Cinesa SOM Multiespai,2026-10-12T20:35:00+02:00,VO,,es,,,unknown,"Tarifa variable; seleccionar cine, fecha y sesión",https://www.filmaffinity.com/es/theater-showtimes.php?id=219,https://web.cinesa.es/compra/butacas/?showtimeId=017-59303,2026-09-21T09:17:45.870590+02:00
Resident Evil,Resident Evil,2026,Zach Cregger,"Ciencia ficción, Suspense, Terror","Bryan, un mensajero médico, se ve atrapado inesperadamente en una noche de caos en la que la ciudad empieza a colapsar por una amenaza desconocida. Obligado a sobrevivir, deberá enfrentarse a una peligrosa carrera llena de acción mientras intenta escapar del horror que se desata a su alrededor.",https://es.web.img3.acsta.net/c_160_213/img/40/92/4092e505c00d28878024f17b01002c9c.jpg,https://www.filmaffinity.com/es/evideos.php?movie_id=579353,7.0,7.6,96.0,91.0,Cine Yelmo Westfield La Maquinista,2026-10-12T20:40:00+02:00,,,,Digital,,unknown,Tarifa variable; consultar el pase de La Maquinista,https://www.publicine.net/cartelera-cine/barcelona/yelmo-westfield-la-maquinista,https://cine.entradas.com/cine/barcelona/cine-yelmo-westfield-la-maquinista/evento/46714/resident-evil?mode=widget&change=0&ref=744,2026-10-08T06:58:01.153187+00:00
LA BOLA NEGRA,La bola negra,2026,"Javier Ambrossi, Javier Calvo",Drama,"ESTRENO EL VIERNES 25 DE SEPTIEMBRE. Las vidas interconectadas de tres hombres en tres épocas distintas. Tres existencias íntimamente ligadas por la sexualidad y el deseo, el dolor y la herencia; y una de las últimas obras, inacabada, de Federico García Lorca. Proyección en Dolby Atmos y 4K",https://phenomena-experience.com/obj/LCinesD_dat/eventos/JPg000fb.jpg,https://www.youtube.com/watch?v=nXkdGP4VVWI,,8.0,92.0,,Cinesa Diagonal,2026-10-12T20:45:00+02:00,,,,Digital,,unknown,"Tarifa variable; seleccionar cine, fecha y sesión",https://www.publicine.net/cartelera-cine/barcelona/cinesa-diagonal,https://web.cinesa.es/compra/butacas/?showtimeId=012-55600,2026-10-08T06:57:43.478267+00:00
LA BOLA NEGRA,La bola negra,2026,"Javier Ambrossi, Javier Calvo",Drama,"ESTRENO EL VIERNES 25 DE SEPTIEMBRE. Las vidas interconectadas de tres hombres en tres épocas distintas. Tres existencias íntimamente ligadas por la sexualidad y el deseo, el dolor y la herencia; y una de las últimas obras, inacabada, de Federico García Lorca. Proyección en Dolby Atmos y 4K",https://phenomena-experience.com/obj/LCinesD_dat/eventos/JPg000fb.jpg,https://www.youtube.com/watch?v=nXkdGP4VVWI,,8.0,92.0,,Cinesa Diagonal Mar,2026-10-12T20:45:00+02:00,,,,Digital,,unknown,"Tarifa variable; seleccionar cine, fecha y sesión",https://www.publicine.net/cartelera-cine/barcelona/cinesa-diagonal-mar,https://web.cinesa.es/compra/butacas/?showtimeId=032-59240,2026-10-08T06:57:49.911074+00:00
LA BOLA NEGRA,La bola negra,2026,"Javier Ambrossi, Javier Calvo",Drama,"ESTRENO EL VIERNES 25 DE SEPTIEMBRE. Las vidas interconectadas de tres hombres en tres épocas distintas. Tres existencias íntimamente ligadas por la sexualidad y el deseo, el dolor y la herencia; y una de las últimas obras, inacabada, de Federico García Lorca. Proyección en Dolby Atmos y 4K",https://phenomena-experience.com/obj/LCinesD_dat/eventos/JPg000fb.jpg,https://www.youtube.com/watch?v=nXkdGP4VVWI,,8.0,92.0,,Cinesa SOM Multiespai,2026-10-12T20:45:00+02:00,,,,Digital,,unknown,"Tarifa variable; seleccionar cine, fecha y sesión",https://www.publicine.net/cartelera-cine/barcelona/cinesa-som-multiespai-heron-city,https://web.cinesa.es/compra/butacas/?showtimeId=017-60984,2026-10-08T06:57:56.221234+00:00
En el corazón de la bestia,Heart Of The Beast,2026,David Ayer,"Acción, Aventura","Un ex soldado herido y su perro militar luchan por sobrevivir en la naturaleza salvaje de Alaska. Enfrentando frío, soledad y peligros constantes, su vínculo será clave para regresar a casa.",https://es.web.img3.acsta.net/c_160_213/img/06/8b/068b23e941178cfd676278b44064f0e9.jpg,https://www.youtube.com/watch?v=Rh24D89hFMg,6.4,7.3,85.0,94.0,Cine Yelmo Westfield La Maquinista,2026-10-12T21:05:00+02:00,,,,Digital,,unknown,Tarifa variable; consultar el pase de La Maquinista,https://www.publicine.net/cartelera-cine/barcelona/yelmo-westfield-la-maquinista,https://cine.entradas.com/cine/barcelona/cine-yelmo-westfield-la-maquinista/evento/46731/en-el-corazon-de-la-bestia?mode=widget&change=0&ref=744,2026-10-08T06:58:01.153187+00:00
Digger,Digger,2026,Alejandro González Iñárritu,"Acción, Comedia","El hombre más poderoso del mundo provoca un desastre que amenaza a la humanidad. Para redimirse, emprende una misión arriesgada con el objetivo de convertirse en su salvador.",https://es.web.img3.acsta.net/c_160_213/img/0f/c9/0fc9092d6e2afd046417684533c535c4.jpg,https://www.youtube.com/watch?v=xU2jWSsaWY0,6.4,,,,Cinesa Diagonal Mar,2026-10-12T21:10:00+02:00,,,,Digital,,unknown,"Tarifa variable; seleccionar cine, fecha y sesión",https://www.publicine.net/cartelera-cine/barcelona/cinesa-diagonal-mar,https://web.cinesa.es/compra/butacas/?showtimeId=032-59250,2026-10-08T06:57:49.911074+00:00
Vengadores Endgame: Encore,,,"Joe Russo, Anthony Russo","Aventuras, Fantástico","El grave curso de los acontecimientos puesto en marcha por Thanos, el Titán loco, obliga a los Vengadores y a sus aliados a tomar una última posición para restaurar el orden en el universo al precio que sea.",https://www.publicine.net/img/pel/full/16350f_vengadores-endgame-encore.webp,https://www.youtube.com/watch?v=kJeJTYHUtW0,,,,,Cine Yelmo Westfield La Maquinista,2026-10-12T21:15:00+02:00,,,,3D,,unknown,Tarifa variable; consultar el pase de La Maquinista,https://www.publicine.net/cartelera-cine/barcelona/yelmo-westfield-la-maquinista,https://cine.entradas.com/cine/barcelona/cine-yelmo-westfield-la-maquinista/evento/46732/vengadores-endgame-encore-infinity-vision?mode=widget&change=0&ref=744,2026-10-08T06:58:01.153187+00:00
La ciudad de las estrellas (La La Land),La La Land,2016,Damien Chazelle,"Musical, Romance, Comedia, Drama","Mia (Emma Stone), una joven aspirante a actriz que trabaja como camarera mientras acude a castings, y Sebastian (Ryan Gosling), un pianista de jazz que se gana la vida tocando en sórdidos tugurios, se enamoran, pero su gran ambición por llegar a la cima en sus carreras artísticas amenaza con separarlos. (FILMAFFINITY)",https://pics.filmaffinity.com/la_la_land-262021831-large.jpg,https://www.filmaffinity.com/es/evideos.php?movie_id=689956,7.5,8.0,91.0,82.0,Phenomena Experience,2026-10-12T21:20:00+02:00,VO,,es,,12.0,published,Precio según pase; consultar la ficha de la película,https://phenomena-experience.com/index?pag=cartelera,https://www.reservaentradas.com/entrada/barcelona/phenomenaexperience/la-la-land-la-ciudad-de-las-estrellas-proyeccion-en-dolby-7-1-y-vose/13581/,2026-10-08T06:57:05.017772+00:00
Verity. La sombra de un engaño,Verity,2026,Michael Showalter,"Thriller, Drama","Lowen Ashleigh es contratada como escritora fantasma por Jeremy Crawford para escribir las novelas de su esposa Verity, autora de bestsellers, impedida tras un accidente. Lowen descubre las inquietantes verdades de Verity mientras reside en casa de los Crawford para trabajar. (FILMAFFINITY)",https://pics.filmaffinity.com/verity-273395489-large.jpg,https://www.filmaffinity.com/es/evideos.php?movie_id=740344,5.3,6.0,33.0,71.0,Cinesa Diagonal,2026-10-12T21:30:00+02:00,VO,,es,,,unknown,"Tarifa variable; seleccionar cine, fecha y sesión",https://www.publicine.net/cartelera-cine/barcelona/cinesa-diagonal,https://web.cinesa.es/compra/butacas/?showtimeId=012-55602,2026-10-08T06:57:43.478267+00:00
Verity. La sombra de un engaño,Verity,2026,Michael Showalter,"Thriller, Drama","Lowen Ashleigh es contratada como escritora fantasma por Jeremy Crawford para escribir las novelas de su esposa Verity, autora de bestsellers, impedida tras un accidente. Lowen descubre las inquietantes verdades de Verity mientras reside en casa de los Crawford para trabajar. (FILMAFFINITY)",https://pics.filmaffinity.com/verity-273395489-large.jpg,https://www.filmaffinity.com/es/evideos.php?movie_id=740344,5.3,6.0,33.0,71.0,Cinesa Diagonal Mar,2026-10-12T21:30:00+02:00,VO,,es,,,unknown,"Tarifa variable; seleccionar cine, fecha y sesión",https://www.publicine.net/cartelera-cine/barcelona/cinesa-diagonal-mar,https://web.cinesa.es/compra/butacas/?showtimeId=032-59243,2026-10-08T06:57:49.911074+00:00
En el corazón de la bestia,Heart Of The Beast,2026,David Ayer,"Acción, Aventura","Un ex soldado herido y su perro militar luchan por sobrevivir en la naturaleza salvaje de Alaska. Enfrentando frío, soledad y peligros constantes, su vínculo será clave para regresar a casa.",https://es.web.img3.acsta.net/c_160_213/img/06/8b/068b23e941178cfd676278b44064f0e9.jpg,https://www.youtube.com/watch?v=Rh24D89hFMg,6.4,7.3,85.0,94.0,Cinesa SOM Multiespai,2026-10-12T21:40:00+02:00,,,,Digital,,unknown,"Tarifa variable; seleccionar cine, fecha y sesión",https://www.publicine.net/cartelera-cine/barcelona/cinesa-som-multiespai-heron-city,https://web.cinesa.es/compra/butacas/?showtimeId=017-60988,2026-10-08T06:57:56.221234+00:00
LA BOLA NEGRA,La bola negra,2026,"Javier Ambrossi, Javier Calvo",Drama,"ESTRENO EL VIERNES 25 DE SEPTIEMBRE. Las vidas interconectadas de tres hombres en tres épocas distintas. Tres existencias íntimamente ligadas por la sexualidad y el deseo, el dolor y la herencia; y una de las últimas obras, inacabada, de Federico García Lorca. Proyección en Dolby Atmos y 4K",https://phenomena-experience.com/obj/LCinesD_dat/eventos/JPg000fb.jpg,https://www.youtube.com/watch?v=nXkdGP4VVWI,,8.0,92.0,,Cine Yelmo Westfield La Maquinista,2026-10-12T21:40:00+02:00,,,,Digital,,unknown,Tarifa variable; consultar el pase de La Maquinista,https://www.publicine.net/cartelera-cine/barcelona/yelmo-westfield-la-maquinista,https://cine.entradas.com/cine/barcelona/cine-yelmo-westfield-la-maquinista/evento/46733/la-bola-negra?mode=widget&change=0&ref=744,2026-10-08T06:58:01.153187+00:00
LA BOLA NEGRA,La bola negra,2026,"Javier Ambrossi, Javier Calvo",Drama,"ESTRENO EL VIERNES 25 DE SEPTIEMBRE. Las vidas interconectadas de tres hombres en tres épocas distintas. Tres existencias íntimamente ligadas por la sexualidad y el deseo, el dolor y la herencia; y una de las últimas obras, inacabada, de Federico García Lorca. Proyección en Dolby Atmos y 4K",https://phenomena-experience.com/obj/LCinesD_dat/eventos/JPg000fb.jpg,https://www.youtube.com/watch?v=nXkdGP4VVWI,,8.0,92.0,,Cinesa Diagonal,2026-10-12T21:45:00+02:00,,,,Digital,,unknown,"Tarifa variable; seleccionar cine, fecha y sesión",https://www.publicine.net/cartelera-cine/barcelona/cinesa-diagonal,https://web.cinesa.es/compra/butacas/?showtimeId=012-55344,2026-10-08T06:57:43.478267+00:00
LA BOLA NEGRA,La bola negra,2026,"Javier Ambrossi, Javier Calvo",Drama,"ESTRENO EL VIERNES 25 DE SEPTIEMBRE. Las vidas interconectadas de tres hombres en tres épocas distintas. Tres existencias íntimamente ligadas por la sexualidad y el deseo, el dolor y la herencia; y una de las últimas obras, inacabada, de Federico García Lorca. Proyección en Dolby Atmos y 4K",https://phenomena-experience.com/obj/LCinesD_dat/eventos/JPg000fb.jpg,https://www.youtube.com/watch?v=nXkdGP4VVWI,,8.0,92.0,,Cinesa Diagonal Mar,2026-10-12T21:45:00+02:00,,,,Digital,,unknown,"Tarifa variable; seleccionar cine, fecha y sesión",https://www.publicine.net/cartelera-cine/barcelona/cinesa-diagonal-mar,https://web.cinesa.es/compra/butacas/?showtimeId=032-58972,2026-10-08T06:57:49.911074+00:00
LA BOLA NEGRA,La bola negra,2026,"Javier Ambrossi, Javier Calvo",Drama,"ESTRENO EL VIERNES 25 DE SEPTIEMBRE. Las vidas interconectadas de tres hombres en tres épocas distintas. Tres existencias íntimamente ligadas por la sexualidad y el deseo, el dolor y la herencia; y una de las últimas obras, inacabada, de Federico García Lorca. Proyección en Dolby Atmos y 4K",https://phenomena-experience.com/obj/LCinesD_dat/eventos/JPg000fb.jpg,https://www.youtube.com/watch?v=nXkdGP4VVWI,,8.0,92.0,,Cinesa SOM Multiespai,2026-10-12T21:45:00+02:00,,,,Digital,,unknown,"Tarifa variable; seleccionar cine, fecha y sesión",https://www.publicine.net/cartelera-cine/barcelona/cinesa-som-multiespai-heron-city,https://web.cinesa.es/compra/butacas/?showtimeId=017-60735,2026-10-08T06:57:56.221234+00:00
La Odisea,The Odyssey,2026,Christopher Nolan,"Acción, Fantasía","Tras la guerra de Troya, Odiseo se enfrenta un peligroso viaje de 10 años para regresar a Ítaca, superando dioses, monstruos y desafíos épicos. Mientras tanto, su esposa Penélope resiste a los pretendientes que amenazan su reino.",https://es.web.img3.acsta.net/c_160_213/img/1a/23/1a238e79ea26da69c2ff751c232c60e3.png,https://www.youtube.com/watch?v=NUIIc9gZOcQ,7.6,8.4,,,Cinesa Diagonal Mar,2026-10-12T21:50:00+02:00,,,,IMAX,,unknown,"Tarifa variable; seleccionar cine, fecha y sesión",https://www.publicine.net/cartelera-cine/barcelona/cinesa-diagonal-mar,https://web.cinesa.es/compra/butacas/?showtimeId=032-59245,2026-10-08T06:57:49.911074+00:00
Verity. La sombra de un engaño,Verity,2026,Michael Showalter,"Thriller, Drama","Lowen Ashleigh es contratada como escritora fantasma por Jeremy Crawford para escribir las novelas de su esposa Verity, autora de bestsellers, impedida tras un accidente. Lowen descubre las inquietantes verdades de Verity mientras reside en casa de los Crawford para trabajar. (FILMAFFINITY)",https://pics.filmaffinity.com/verity-273395489-large.jpg,https://www.filmaffinity.com/es/evideos.php?movie_id=740344,5.3,6.0,33.0,71.0,Cinesa SOM Multiespai,2026-10-12T21:50:00+02:00,,,,Digital,,unknown,"Tarifa variable; seleccionar cine, fecha y sesión",https://www.publicine.net/cartelera-cine/barcelona/cinesa-som-multiespai-heron-city,https://web.cinesa.es/compra/butacas/?showtimeId=017-60989,2026-10-08T06:57:56.221234+00:00
En el corazón de la bestia,Heart Of The Beast,2026,David Ayer,"Acción, Aventura","Un ex soldado herido y su perro militar luchan por sobrevivir en la naturaleza salvaje de Alaska. Enfrentando frío, soledad y peligros constantes, su vínculo será clave para regresar a casa.",https://es.web.img3.acsta.net/c_160_213/img/06/8b/068b23e941178cfd676278b44064f0e9.jpg,https://www.youtube.com/watch?v=Rh24D89hFMg,6.4,7.3,85.0,94.0,Cinesa Diagonal,2026-10-12T22:00:00+02:00,VO,,es,,,unknown,"Tarifa variable; seleccionar cine, fecha y sesión",https://www.publicine.net/cartelera-cine/barcelona/cinesa-diagonal,https://web.cinesa.es/compra/butacas/?showtimeId=012-55603,2026-10-08T06:57:43.478267+00:00
En el corazón de la bestia,Heart Of The Beast,2026,David Ayer,"Acción, Aventura","Un ex soldado herido y su perro militar luchan por sobrevivir en la naturaleza salvaje de Alaska. Enfrentando frío, soledad y peligros constantes, su vínculo será clave para regresar a casa.",https://es.web.img3.acsta.net/c_160_213/img/06/8b/068b23e941178cfd676278b44064f0e9.jpg,https://www.youtube.com/watch?v=Rh24D89hFMg,6.4,7.3,85.0,94.0,Cinesa Diagonal Mar,2026-10-12T22:00:00+02:00,VO,,es,,,unknown,"Tarifa variable; seleccionar cine, fecha y sesión",https://www.publicine.net/cartelera-cine/barcelona/cinesa-diagonal-mar,https://web.cinesa.es/compra/butacas/?showtimeId=032-59210,2026-10-08T06:57:49.911074+00:00
Digger,Digger,2026,Alejandro González Iñárritu,"Acción, Comedia","El hombre más poderoso del mundo provoca un desastre que amenaza a la humanidad. Para redimirse, emprende una misión arriesgada con el objetivo de convertirse en su salvador.",https://es.web.img3.acsta.net/c_160_213/img/0f/c9/0fc9092d6e2afd046417684533c535c4.jpg,https://www.youtube.com/watch?v=xU2jWSsaWY0,6.4,,,,Cinesa SOM Multiespai,2026-10-12T22:00:00+02:00,,,,Digital,,unknown,"Tarifa variable; seleccionar cine, fecha y sesión",https://www.publicine.net/cartelera-cine/barcelona/cinesa-som-multiespai-heron-city,https://web.cinesa.es/compra/butacas/?showtimeId=017-60990,2026-10-08T06:57:56.221234+00:00
Resident Evil,Resident Evil,2026,Zach Cregger,"Ciencia ficción, Suspense, Terror","Bryan, un mensajero médico, se ve atrapado inesperadamente en una noche de caos en la que la ciudad empieza a colapsar por una amenaza desconocida. Obligado a sobrevivir, deberá enfrentarse a una peligrosa carrera llena de acción mientras intenta escapar del horror que se desata a su alrededor.",https://es.web.img3.acsta.net/c_160_213/img/40/92/4092e505c00d28878024f17b01002c9c.jpg,https://www.filmaffinity.com/es/evideos.php?movie_id=579353,7.0,7.6,96.0,91.0,Cinesa SOM Multiespai,2026-10-12T22:15:00+02:00,,,,Digital,,unknown,"Tarifa variable; seleccionar cine, fecha y sesión",https://www.publicine.net/cartelera-cine/barcelona/cinesa-som-multiespai-heron-city,https://web.cinesa.es/compra/butacas/?showtimeId=017-60991,2026-10-08T06:57:56.221234+00:00
Cronos,Cronos,2026,Fernando González Molina,"Drama, Suspense","La película sigue la operación Cronos, activada tras el atentado en Las Ramblas, durante cuatro días de tensión y confusión. La misión culmina con la captura del último terrorista, dejando heridas abiertas y un país marcado por el miedo y la frustración.",https://es.web.img3.acsta.net/c_160_213/img/68/13/6813bcb516cf8f5787c00a1d9a5ea6b0.jpg,https://www.youtube.com/watch?v=XymFT_jUeXY,6.2,6.7,,,Cine Yelmo Westfield La Maquinista,2026-10-12T22:15:00+02:00,,,,Digital,,unknown,Tarifa variable; consultar el pase de La Maquinista,https://www.publicine.net/cartelera-cine/barcelona/yelmo-westfield-la-maquinista,https://www.publicine.net/venda/18172/59/aHR0cHM6Ly9jaW5lLmVudHJhZGFzLmNvbS9jaW5lL2JhcmNlbG9uYS9jaW5lLXllbG1vLXdlc3RmaWVsZC1sYS1tYXF1aW5pc3RhL2V2ZW50by80Njc0MC9jcm9ub3M/bW9kZT13aWRnZXQmY2hhbmdlPTAmcmVmPTc0NA,2026-10-08T06:58:01.153187+00:00
Resident Evil,Resident Evil,2026,Zach Cregger,"Ciencia ficción, Suspense, Terror","Bryan, un mensajero médico, se ve atrapado inesperadamente en una noche de caos en la que la ciudad empieza a colapsar por una amenaza desconocida. Obligado a sobrevivir, deberá enfrentarse a una peligrosa carrera llena de acción mientras intenta escapar del horror que se desata a su alrededor.",https://es.web.img3.acsta.net/c_160_213/img/40/92/4092e505c00d28878024f17b01002c9c.jpg,https://www.filmaffinity.com/es/evideos.php?movie_id=579353,7.0,7.6,96.0,91.0,Cinesa Diagonal Mar,2026-10-12T22:20:00+02:00,,,,Digital,,unknown,"Tarifa variable; seleccionar cine, fecha y sesión",https://www.publicine.net/cartelera-cine/barcelona/cinesa-diagonal-mar,https://web.cinesa.es/compra/butacas/?showtimeId=032-59247,2026-10-08T06:57:49.911074+00:00
Digger,Digger,2026,Alejandro González Iñárritu,"Acción, Comedia","El hombre más poderoso del mundo provoca un desastre que amenaza a la humanidad. Para redimirse, emprende una misión arriesgada con el objetivo de convertirse en su salvador.",https://es.web.img3.acsta.net/c_160_213/img/0f/c9/0fc9092d6e2afd046417684533c535c4.jpg,https://www.youtube.com/watch?v=xU2jWSsaWY0,6.4,,,,Cine Yelmo Westfield La Maquinista,2026-10-12T22:20:00+02:00,,,,Digital,,unknown,Tarifa variable; consultar el pase de La Maquinista,https://www.publicine.net/cartelera-cine/barcelona/yelmo-westfield-la-maquinista,https://www.publicine.net/venda/16322/59/aHR0cHM6Ly9jaW5lLmVudHJhZGFzLmNvbS9jaW5lL2JhcmNlbG9uYS9jaW5lLXllbG1vLXdlc3RmaWVsZC1sYS1tYXF1aW5pc3RhL2V2ZW50by80NjczNC9kaWdnZXI/bW9kZT13aWRnZXQmY2hhbmdlPTAmcmVmPTc0NA,2026-10-08T06:58:01.153187+00:00
Digger,Digger,2026,Alejandro González Iñárritu,"Acción, Comedia","El hombre más poderoso del mundo provoca un desastre que amenaza a la humanidad. Para redimirse, emprende una misión arriesgada con el objetivo de convertirse en su salvador.",https://es.web.img3.acsta.net/c_160_213/img/0f/c9/0fc9092d6e2afd046417684533c535c4.jpg,https://www.youtube.com/watch?v=xU2jWSsaWY0,6.4,,,,Cinesa Diagonal,2026-10-12T22:25:00+02:00,VO,,es,,,unknown,"Tarifa variable; seleccionar cine, fecha y sesión",https://www.publicine.net/cartelera-cine/barcelona/cinesa-diagonal,https://web.cinesa.es/compra/butacas/?showtimeId=012-55605,2026-10-08T06:57:43.478267+00:00
Verity. La sombra de un engaño,Verity,2026,Michael Showalter,"Thriller, Drama","Lowen Ashleigh es contratada como escritora fantasma por Jeremy Crawford para escribir las novelas de su esposa Verity, autora de bestsellers, impedida tras un accidente. Lowen descubre las inquietantes verdades de Verity mientras reside en casa de los Crawford para trabajar. (FILMAFFINITY)",https://pics.filmaffinity.com/verity-273395489-large.jpg,https://www.filmaffinity.com/es/evideos.php?movie_id=740344,5.3,6.0,33.0,71.0,Cine Yelmo Westfield La Maquinista,2026-10-12T22:25:00+02:00,,,,Digital,,unknown,Tarifa variable; consultar el pase de La Maquinista,https://www.publicine.net/cartelera-cine/barcelona/yelmo-westfield-la-maquinista,https://cine.entradas.com/cine/barcelona/cine-yelmo-westfield-la-maquinista/evento/46711/verity-la-sombra-de-un-engano?mode=widget&change=0&ref=744,2026-10-08T06:58:01.153187+00:00
Resident Evil,Resident Evil,2026,Zach Cregger,"Ciencia ficción, Suspense, Terror","Bryan, un mensajero médico, se ve atrapado inesperadamente en una noche de caos en la que la ciudad empieza a colapsar por una amenaza desconocida. Obligado a sobrevivir, deberá enfrentarse a una peligrosa carrera llena de acción mientras intenta escapar del horror que se desata a su alrededor.",https://es.web.img3.acsta.net/c_160_213/img/40/92/4092e505c00d28878024f17b01002c9c.jpg,https://www.filmaffinity.com/es/evideos.php?movie_id=579353,7.0,7.6,96.0,91.0,Cinesa Diagonal,2026-10-12T22:40:00+02:00,VO,,es,,,unknown,"Tarifa variable; seleccionar cine, fecha y sesión",https://www.publicine.net/cartelera-cine/barcelona/cinesa-diagonal,https://web.cinesa.es/compra/butacas/?showtimeId=012-55608,2026-10-08T06:57:43.478267+00:00
Resident Evil,Resident Evil,2026,Zach Cregger,"Ciencia ficción, Suspense, Terror","Bryan, un mensajero médico, se ve atrapado inesperadamente en una noche de caos en la que la ciudad empieza a colapsar por una amenaza desconocida. Obligado a sobrevivir, deberá enfrentarse a una peligrosa carrera llena de acción mientras intenta escapar del horror que se desata a su alrededor.",https://es.web.img3.acsta.net/c_160_213/img/40/92/4092e505c00d28878024f17b01002c9c.jpg,https://www.filmaffinity.com/es/evideos.php?movie_id=579353,7.0,7.6,96.0,91.0,Cine Yelmo Westfield La Maquinista,2026-10-12T22:40:00+02:00,,,,Digital,,unknown,Tarifa variable; consultar el pase de La Maquinista,https://www.publicine.net/cartelera-cine/barcelona/yelmo-westfield-la-maquinista,https://cine.entradas.com/cine/barcelona/cine-yelmo-westfield-la-maquinista/evento/46715/resident-evil?mode=widget&change=0&ref=744,2026-10-08T06:58:01.153187+00:00
Insidious. Fuera Del Más Allá,Insidious: Out of the Further,2026,Jacob Chase,Terror,"Gemma, una joven madre, descubre que puede viajar a un oscuro plano espiritual y traer entidades de vuelta al mundo real. Cuando fuerzas malignas detectan su poder, convierten la realidad en su terreno para desatar el caos.",https://www.publicine.net/img/pel/full/16457f_insidious-fuera-del-mas-alla.webp,https://www.youtube.com/watch?v=qAv9sb9DmJQ,5.5,6.1,57.0,68.0,Cine Yelmo Westfield La Maquinista,2026-10-12T22:45:00+02:00,,,,Digital,,unknown,Tarifa variable; consultar el pase de La Maquinista,https://www.publicine.net/cartelera-cine/barcelona/yelmo-westfield-la-maquinista,https://cine.entradas.com/cine/barcelona/cine-yelmo-westfield-la-maquinista/evento/46736/insidious-fuera-del-mas-alla?mode=widget&change=0&ref=744,2026-10-08T06:58:01.153187+00:00
TWIN PEAKS: FUEGO CAMINA CONMIGO,Twin Peaks: Fire Walk With Me,1992,David Lynch,Thriller,"La joven Laura Palmer es, aparentemente, una chica perfecta. Buena estudiante y modelo de conducta ejemplar. Sin embargo, Laura tiene un lado oscuro y por las noches se descontrola. Su adicción a las drogas y su perturbada vida sexual la está haciendo caer en una espiral de autodestrucción, y su amiga Donna va por el mismo camino. Proyección en 35 mm y VOSE",https://phenomena-experience.com/obj/LCinesD_dat/eventos/JPg000g6.jpg,https://www.filmaffinity.com/es/evideos.php?movie_id=252628,6.9,7.3,67.0,78.0,Phenomena Experience,2026-10-13T15:00:00+02:00,VO,,es,35 mm,11.0,published,Precio según pase; consultar la ficha de la película,https://phenomena-experience.com/index?pag=cartelera,https://www.reservaentradas.com/entrada/barcelona/phenomenaexperience/twin-peaks-fuego-camina-conmigo-proyeccion-en-35-mm-y-vose/13602/,2026-10-08T06:57:05.017772+00:00
En el corazón de la bestia,Heart Of The Beast,2026,David Ayer,"Acción, Aventura","Un ex soldado herido y su perro militar luchan por sobrevivir en la naturaleza salvaje de Alaska. Enfrentando frío, soledad y peligros constantes, su vínculo será clave para regresar a casa.",https://es.web.img3.acsta.net/c_160_213/img/06/8b/068b23e941178cfd676278b44064f0e9.jpg,https://www.youtube.com/watch?v=Rh24D89hFMg,6.4,7.3,85.0,94.0,Cinesa Diagonal Mar,2026-10-13T15:45:00+02:00,,,,Digital,,unknown,"Tarifa variable; seleccionar cine, fecha y sesión",https://www.publicine.net/cartelera-cine/barcelona/cinesa-diagonal-mar,https://web.cinesa.es/compra/butacas/?showtimeId=032-59262,2026-10-08T06:57:49.911074+00:00
La Odisea,The Odyssey,2026,Christopher Nolan,"Acción, Fantasía","Tras la guerra de Troya, Odiseo se enfrenta un peligroso viaje de 10 años para regresar a Ítaca, superando dioses, monstruos y desafíos épicos. Mientras tanto, su esposa Penélope resiste a los pretendientes que amenazan su reino.",https://es.web.img3.acsta.net/c_160_213/img/1a/23/1a238e79ea26da69c2ff751c232c60e3.png,https://www.youtube.com/watch?v=NUIIc9gZOcQ,7.6,8.4,,,Cinesa Diagonal Mar,2026-10-13T15:45:00+02:00,,,,IMAX,,unknown,"Tarifa variable; seleccionar cine, fecha y sesión",https://www.publicine.net/cartelera-cine/barcelona/cinesa-diagonal-mar,https://web.cinesa.es/compra/butacas/?showtimeId=032-59279,2026-10-08T06:57:49.911074+00:00
Digger,Digger,2026,Alejandro González Iñárritu,"Acción, Comedia","El hombre más poderoso del mundo provoca un desastre que amenaza a la humanidad. Para redimirse, emprende una misión arriesgada con el objetivo de convertirse en su salvador.",https://es.web.img3.acsta.net/c_160_213/img/0f/c9/0fc9092d6e2afd046417684533c535c4.jpg,https://www.youtube.com/watch?v=xU2jWSsaWY0,6.4,,,,Cinesa SOM Multiespai,2026-10-13T15:45:00+02:00,,,,Digital,,unknown,"Tarifa variable; seleccionar cine, fecha y sesión",https://www.publicine.net/cartelera-cine/barcelona/cinesa-som-multiespai-heron-city,https://web.cinesa.es/compra/butacas/?showtimeId=017-61034,2026-10-08T06:57:56.221234+00:00
LA BOLA NEGRA,La bola negra,2026,"Javier Ambrossi, Javier Calvo",Drama,"ESTRENO EL VIERNES 25 DE SEPTIEMBRE. Las vidas interconectadas de tres hombres en tres épocas distintas. Tres existencias íntimamente ligadas por la sexualidad y el deseo, el dolor y la herencia; y una de las últimas obras, inacabada, de Federico García Lorca. Proyección en Dolby Atmos y 4K",https://phenomena-experience.com/obj/LCinesD_dat/eventos/JPg000fb.jpg,https://www.youtube.com/watch?v=nXkdGP4VVWI,,8.0,92.0,,Cinesa Diagonal,2026-10-13T15:50:00+02:00,,,,Digital,,unknown,"Tarifa variable; seleccionar cine, fecha y sesión",https://www.publicine.net/cartelera-cine/barcelona/cinesa-diagonal,https://web.cinesa.es/compra/butacas/?showtimeId=012-55611,2026-10-08T06:57:43.478267+00:00
Verity. La sombra de un engaño,Verity,2026,Michael Showalter,"Thriller, Drama","Lowen Ashleigh es contratada como escritora fantasma por Jeremy Crawford para escribir las novelas de su esposa Verity, autora de bestsellers, impedida tras un accidente. Lowen descubre las inquietantes verdades de Verity mientras reside en casa de los Crawford para trabajar. (FILMAFFINITY)",https://pics.filmaffinity.com/verity-273395489-large.jpg,https://www.filmaffinity.com/es/evideos.php?movie_id=740344,5.3,6.0,33.0,71.0,Cinesa Diagonal Mar,2026-10-13T16:00:00+02:00,,,,Digital,,unknown,"Tarifa variable; seleccionar cine, fecha y sesión",https://www.publicine.net/cartelera-cine/barcelona/cinesa-diagonal-mar,https://web.cinesa.es/compra/butacas/?showtimeId=032-59257,2026-10-08T06:57:49.911074+00:00
ESCAPE ROOM 2,Escape Room 2,2026,Hèctor Claramunt,"Comedia, Thriller, Intriga","Cinc anys després, l’Edu, la Marina, la Viky i en Rai tornen a coincidir misteriosament en un nou local de moda situat a la part alta de la muntanya de Montjuïc, on antigament es trobava el parc d’atraccions. No trigaran a adonar-se que aquell establiment no és el que sembla. Aviat aniran a parar a una antiga atracció, un túnel del terror que havia quedat soterrat, on apareix un comptador acompanyat d’un missatge amenaçador que els resulta inquietantment familiar: tenen 60 minuts per a sortir o moriran.",https://espaitexas.cat/wp-content/uploads/2026/10/6a9fc286373b2.jpg,https://www.filmaffinity.com/es/evideos.php?movie_id=903140,,,,,Espai Texas — Cinemes Texas,2026-10-13T16:00:00+02:00,VO,ca,,,,unknown,Lunes–viernes 6€; jueves del espectador 4€; fin de semana 8€,https://espaitexas.cat/pelicula/escape-room-2/,https://espaitexas.koobin.cat/ca/escape-room-2-vo-20261013-1630,2026-10-08T06:57:24.326842+00:00
LA INVASIÓ DELS BÀRBARS,La invasió dels bàrbars,2025,Vicent Monsonís,Drama,"València, 1939. Esperanza és conservadora d’art i responsable de les obres del Museu de Prado traslladades a València durant la guerra per a protegir-les dels bombardejos feixistes. Acabada la guerra, Esperanza és detinguda i interrogada per un tinent franquista sobre un quadre de la col·lecció del Prat que no apareix. El seu títol: La invasió dels bàrbars.  80 anys després, l’Aurora s’enfronta a l’alcalde d’un poble pròxim a València per l’exhumació d’una fossa del franquisme descoberta en el seu terme municipal.",https://espaitexas.cat/wp-content/uploads/2026/09/mv5bodeymmnlndmtoge1ny00zty0ltg5ntityzm3ognjzdkwmwjkxkeyxkfqcgcx.-v1-.jpg,https://www.filmaffinity.com/es/evideos.php?movie_id=492711,7.2,7.5,,,Espai Texas — Cinemes Texas,2026-10-13T16:00:00+02:00,VO,ca,,,,unknown,Lunes–viernes 6€; jueves del espectador 4€; fin de semana 8€,https://espaitexas.cat/pelicula/la-invasio-dels-barbars/,https://espaitexas.koobin.cat/ca/la-invasio-dels-barbars-vo-20261013-0000,2026-10-08T06:57:26.397369+00:00
Resident Evil,Resident Evil,2026,Zach Cregger,"Ciencia ficción, Suspense, Terror","Bryan, un mensajero médico, se ve atrapado inesperadamente en una noche de caos en la que la ciudad empieza a colapsar por una amenaza desconocida. Obligado a sobrevivir, deberá enfrentarse a una peligrosa carrera llena de acción mientras intenta escapar del horror que se desata a su alrededor.",https://es.web.img3.acsta.net/c_160_213/img/40/92/4092e505c00d28878024f17b01002c9c.jpg,https://www.filmaffinity.com/es/evideos.php?movie_id=579353,7.0,7.6,96.0,91.0,Cine Yelmo Westfield La Maquinista,2026-10-13T16:05:00+02:00,,,,Digital,,unknown,Tarifa variable; consultar el pase de La Maquinista,https://www.publicine.net/cartelera-cine/barcelona/yelmo-westfield-la-maquinista,https://cine.entradas.com/cine/barcelona/cine-yelmo-westfield-la-maquinista/evento/46806/resident-evil?mode=widget&change=0&ref=744,2026-10-08T06:58:01.153187+00:00
LA BOLA NEGRA,La bola negra,2026,"Javier Ambrossi, Javier Calvo",Drama,"ESTRENO EL VIERNES 25 DE SEPTIEMBRE. Las vidas interconectadas de tres hombres en tres épocas distintas. Tres existencias íntimamente ligadas por la sexualidad y el deseo, el dolor y la herencia; y una de las últimas obras, inacabada, de Federico García Lorca. Proyección en Dolby Atmos y 4K",https://phenomena-experience.com/obj/LCinesD_dat/eventos/JPg000fb.jpg,https://www.youtube.com/watch?v=nXkdGP4VVWI,,8.0,92.0,,Cinesa Diagonal Mar,2026-10-13T16:15:00+02:00,,,,Digital,,unknown,"Tarifa variable; seleccionar cine, fecha y sesión",https://www.publicine.net/cartelera-cine/barcelona/cinesa-diagonal-mar,https://web.cinesa.es/compra/butacas/?showtimeId=032-59259,2026-10-08T06:57:49.911074+00:00
LA BOLA NEGRA,La bola negra,2026,"Javier Ambrossi, Javier Calvo",Drama,"ESTRENO EL VIERNES 25 DE SEPTIEMBRE. Las vidas interconectadas de tres hombres en tres épocas distintas. Tres existencias íntimamente ligadas por la sexualidad y el deseo, el dolor y la herencia; y una de las últimas obras, inacabada, de Federico García Lorca. Proyección en Dolby Atmos y 4K",https://phenomena-experience.com/obj/LCinesD_dat/eventos/JPg000fb.jpg,https://www.youtube.com/watch?v=nXkdGP4VVWI,,8.0,92.0,,Cinesa SOM Multiespai,2026-10-13T16:15:00+02:00,,,,Digital,,unknown,"Tarifa variable; seleccionar cine, fecha y sesión",https://www.publicine.net/cartelera-cine/barcelona/cinesa-som-multiespai-heron-city,https://web.cinesa.es/compra/butacas/?showtimeId=017-61003,2026-10-08T06:57:56.221234+00:00
LA BOLA NEGRA,La bola negra,2026,"Javier Ambrossi, Javier Calvo",Drama,"ESTRENO EL VIERNES 25 DE SEPTIEMBRE. Las vidas interconectadas de tres hombres en tres épocas distintas. Tres existencias íntimamente ligadas por la sexualidad y el deseo, el dolor y la herencia; y una de las últimas obras, inacabada, de Federico García Lorca. Proyección en Dolby Atmos y 4K",https://phenomena-experience.com/obj/LCinesD_dat/eventos/JPg000fb.jpg,https://www.youtube.com/watch?v=nXkdGP4VVWI,,8.0,92.0,,Cine Yelmo Westfield La Maquinista,2026-10-13T16:25:00+02:00,,,,Digital,,unknown,Tarifa variable; consultar el pase de La Maquinista,https://www.publicine.net/cartelera-cine/barcelona/yelmo-westfield-la-maquinista,https://cine.entradas.com/cine/barcelona/cine-yelmo-westfield-la-maquinista/evento/46818/la-bola-negra?mode=widget&change=0&ref=744,2026-10-08T06:58:01.153187+00:00
En el corazón de la bestia,Heart Of The Beast,2026,David Ayer,"Acción, Aventura","Un ex soldado herido y su perro militar luchan por sobrevivir en la naturaleza salvaje de Alaska. Enfrentando frío, soledad y peligros constantes, su vínculo será clave para regresar a casa.",https://es.web.img3.acsta.net/c_160_213/img/06/8b/068b23e941178cfd676278b44064f0e9.jpg,https://www.youtube.com/watch?v=Rh24D89hFMg,6.4,7.3,85.0,94.0,Cine Yelmo Westfield La Maquinista,2026-10-13T16:35:00+02:00,,,,Digital,,unknown,Tarifa variable; consultar el pase de La Maquinista,https://www.publicine.net/cartelera-cine/barcelona/yelmo-westfield-la-maquinista,https://cine.entradas.com/cine/barcelona/cine-yelmo-westfield-la-maquinista/evento/46819/en-el-corazon-de-la-bestia?mode=widget&change=0&ref=744,2026-10-08T06:58:01.153187+00:00
En el corazón de la bestia,Heart Of The Beast,2026,David Ayer,"Acción, Aventura","Un ex soldado herido y su perro militar luchan por sobrevivir en la naturaleza salvaje de Alaska. Enfrentando frío, soledad y peligros constantes, su vínculo será clave para regresar a casa.",https://es.web.img3.acsta.net/c_160_213/img/06/8b/068b23e941178cfd676278b44064f0e9.jpg,https://www.youtube.com/watch?v=Rh24D89hFMg,6.4,7.3,85.0,94.0,Cinesa Diagonal,2026-10-13T16:40:00+02:00,,,,Digital,,unknown,"Tarifa variable; seleccionar cine, fecha y sesión",https://www.publicine.net/cartelera-cine/barcelona/cinesa-diagonal,https://web.cinesa.es/compra/butacas/?showtimeId=012-55616,2026-10-08T06:57:43.478267+00:00
Digger,Digger,2026,Alejandro González Iñárritu,"Acción, Comedia","El hombre más poderoso del mundo provoca un desastre que amenaza a la humanidad. Para redimirse, emprende una misión arriesgada con el objetivo de convertirse en su salvador.",https://es.web.img3.acsta.net/c_160_213/img/0f/c9/0fc9092d6e2afd046417684533c535c4.jpg,https://www.youtube.com/watch?v=xU2jWSsaWY0,6.4,,,,Cine Yelmo Westfield La Maquinista,2026-10-13T16:40:00+02:00,VO,,es,,,unknown,Tarifa variable; consultar el pase de La Maquinista,https://www.publicine.net/cartelera-cine/barcelona/yelmo-westfield-la-maquinista,https://www.publicine.net/venda/16322/59/aHR0cHM6Ly9jaW5lLmVudHJhZGFzLmNvbS9jaW5lL2JhcmNlbG9uYS9jaW5lLXllbG1vLXdlc3RmaWVsZC1sYS1tYXF1aW5pc3RhL2V2ZW50by80NjgzNS9kaWdnZXI/bW9kZT13aWRnZXQmY2hhbmdlPTAmcmVmPTc0NCZsYW5ndWFnZT1WT1NF,2026-10-08T06:58:01.153187+00:00
Verity. La sombra de un engaño,Verity,2026,Michael Showalter,"Thriller, Drama","Lowen Ashleigh es contratada como escritora fantasma por Jeremy Crawford para escribir las novelas de su esposa Verity, autora de bestsellers, impedida tras un accidente. Lowen descubre las inquietantes verdades de Verity mientras reside en casa de los Crawford para trabajar. (FILMAFFINITY)",https://pics.filmaffinity.com/verity-273395489-large.jpg,https://www.filmaffinity.com/es/evideos.php?movie_id=740344,5.3,6.0,33.0,71.0,Cinesa SOM Multiespai,2026-10-13T16:45:00+02:00,,,,Digital,,unknown,"Tarifa variable; seleccionar cine, fecha y sesión",https://www.publicine.net/cartelera-cine/barcelona/cinesa-som-multiespai-heron-city,https://web.cinesa.es/compra/butacas/?showtimeId=017-61007,2026-10-08T06:57:56.221234+00:00
Verity. La sombra de un engaño,Verity,2026,Michael Showalter,"Thriller, Drama","Lowen Ashleigh es contratada como escritora fantasma por Jeremy Crawford para escribir las novelas de su esposa Verity, autora de bestsellers, impedida tras un accidente. Lowen descubre las inquietantes verdades de Verity mientras reside en casa de los Crawford para trabajar. (FILMAFFINITY)",https://pics.filmaffinity.com/verity-273395489-large.jpg,https://www.filmaffinity.com/es/evideos.php?movie_id=740344,5.3,6.0,33.0,71.0,Cinesa Diagonal,2026-10-13T16:50:00+02:00,,,,Digital,,unknown,"Tarifa variable; seleccionar cine, fecha y sesión",https://www.publicine.net/cartelera-cine/barcelona/cinesa-diagonal,https://web.cinesa.es/compra/butacas/?showtimeId=012-55638,2026-10-08T06:57:43.478267+00:00
En el corazón de la bestia,Heart Of The Beast,2026,David Ayer,"Acción, Aventura","Un ex soldado herido y su perro militar luchan por sobrevivir en la naturaleza salvaje de Alaska. Enfrentando frío, soledad y peligros constantes, su vínculo será clave para regresar a casa.",https://es.web.img3.acsta.net/c_160_213/img/06/8b/068b23e941178cfd676278b44064f0e9.jpg,https://www.youtube.com/watch?v=Rh24D89hFMg,6.4,7.3,85.0,94.0,Cinesa SOM Multiespai,2026-10-13T16:50:00+02:00,,,,Digital,,unknown,"Tarifa variable; seleccionar cine, fecha y sesión",https://www.publicine.net/cartelera-cine/barcelona/cinesa-som-multiespai-heron-city,https://web.cinesa.es/compra/butacas/?showtimeId=017-61008,2026-10-08T06:57:56.221234+00:00
La isla olvidada,Forgotten Island,2026,"Joel Crawford , Januel P. Mercado","Animación, Aventura, Comedia",Un grupo de personajes se encuentra en una isla mágica de la mitología filipina que había permanecido olvidada durante mucho tiempo.,https://es.web.img2.acsta.net/c_160_213/img/ee/16/ee161d327f52a9e974075b7c17d32d10.jpg,https://www.youtube.com/watch?v=2NNDuXJ7C7E,,7.8,95.0,95.0,Cinesa Diagonal Mar,2026-10-13T17:00:00+02:00,,,,Digital,,unknown,"Tarifa variable; seleccionar cine, fecha y sesión",https://www.publicine.net/cartelera-cine/barcelona/cinesa-diagonal-mar,https://web.cinesa.es/compra/butacas/?showtimeId=032-59287,2026-10-08T06:57:49.911074+00:00
The Master,The Master,2012,Paul Thomas Anderson,Drama,"Una radiografia brillant de l’Amèrica de la postguerra a partir del retrat de la creació individual d’una organització religiosa, inspirada directament en l’Església de la Cienciologia",https://pics.filmaffinity.com/the_master-521616486-large.jpg,https://www.youtube.com/embed/jXM5VTSL7Hg,6.3,7.1,85.0,62.0,Filmoteca de Catalunya — Sales Chomón i Laya,2026-10-13T17:00:00+02:00,VO,,ca,Digital,,unknown,General 4€; reducida 3€; programación infantil 2€,https://www.filmoteca.cat/web/ca/film/master,https://euromus.cultura.gencat.cat/filmoteca/venda/index.jsp?lang=1&nom_cache=FILMOTECA&property=FILMOTECA&codiActiv=1017&codiCicle=17,2026-10-08T06:57:56.852073+00:00
LA BOLA NEGRA,La bola negra,2026,"Javier Ambrossi, Javier Calvo",Drama,"ESTRENO EL VIERNES 25 DE SEPTIEMBRE. Las vidas interconectadas de tres hombres en tres épocas distintas. Tres existencias íntimamente ligadas por la sexualidad y el deseo, el dolor y la herencia; y una de las últimas obras, inacabada, de Federico García Lorca. Proyección en Dolby Atmos y 4K",https://phenomena-experience.com/obj/LCinesD_dat/eventos/JPg000fb.jpg,https://www.youtube.com/watch?v=nXkdGP4VVWI,,8.0,92.0,,Cinesa Diagonal,2026-10-13T17:15:00+02:00,,,,Digital,,unknown,"Tarifa variable; seleccionar cine, fecha y sesión",https://www.publicine.net/cartelera-cine/barcelona/cinesa-diagonal,https://web.cinesa.es/compra/butacas/?showtimeId=012-55618,2026-10-08T06:57:43.478267+00:00
LA BOLA NEGRA,La bola negra,2026,"Javier Ambrossi, Javier Calvo",Drama,"ESTRENO EL VIERNES 25 DE SEPTIEMBRE. Las vidas interconectadas de tres hombres en tres épocas distintas. Tres existencias íntimamente ligadas por la sexualidad y el deseo, el dolor y la herencia; y una de las últimas obras, inacabada, de Federico García Lorca. Proyección en Dolby Atmos y 4K",https://phenomena-experience.com/obj/LCinesD_dat/eventos/JPg000fb.jpg,https://www.youtube.com/watch?v=nXkdGP4VVWI,,8.0,92.0,,Cinesa Diagonal Mar,2026-10-13T17:15:00+02:00,,,,Digital,,unknown,"Tarifa variable; seleccionar cine, fecha y sesión",https://www.publicine.net/cartelera-cine/barcelona/cinesa-diagonal-mar,https://web.cinesa.es/compra/butacas/?showtimeId=032-59263,2026-10-08T06:57:49.911074+00:00
LA BOLA NEGRA,La bola negra,2026,"Javier Ambrossi, Javier Calvo",Drama,"ESTRENO EL VIERNES 25 DE SEPTIEMBRE. Las vidas interconectadas de tres hombres en tres épocas distintas. Tres existencias íntimamente ligadas por la sexualidad y el deseo, el dolor y la herencia; y una de las últimas obras, inacabada, de Federico García Lorca. Proyección en Dolby Atmos y 4K",https://phenomena-experience.com/obj/LCinesD_dat/eventos/JPg000fb.jpg,https://www.youtube.com/watch?v=nXkdGP4VVWI,,8.0,92.0,,Cinesa SOM Multiespai,2026-10-13T17:15:00+02:00,,,,Digital,,unknown,"Tarifa variable; seleccionar cine, fecha y sesión",https://www.publicine.net/cartelera-cine/barcelona/cinesa-som-multiespai-heron-city,https://web.cinesa.es/compra/butacas/?showtimeId=017-61010,2026-10-08T06:57:56.221234+00:00
LA BOLA NEGRA,La bola negra,2026,"Javier Ambrossi, Javier Calvo",Drama,"ESTRENO EL VIERNES 25 DE SEPTIEMBRE. Las vidas interconectadas de tres hombres en tres épocas distintas. Tres existencias íntimamente ligadas por la sexualidad y el deseo, el dolor y la herencia; y una de las últimas obras, inacabada, de Federico García Lorca. Proyección en Dolby Atmos y 4K",https://phenomena-experience.com/obj/LCinesD_dat/eventos/JPg000fb.jpg,https://www.youtube.com/watch?v=nXkdGP4VVWI,,8.0,92.0,,Cine Yelmo Westfield La Maquinista,2026-10-13T17:15:00+02:00,,,,Digital,,unknown,Tarifa variable; consultar el pase de La Maquinista,https://www.publicine.net/cartelera-cine/barcelona/yelmo-westfield-la-maquinista,https://cine.entradas.com/cine/barcelona/cine-yelmo-westfield-la-maquinista/evento/46447/la-bola-negra?mode=widget&change=0&ref=744,2026-10-08T06:58:01.153187+00:00
Verity. La sombra de un engaño,Verity,2026,Michael Showalter,"Thriller, Drama","Lowen Ashleigh es contratada como escritora fantasma por Jeremy Crawford para escribir las novelas de su esposa Verity, autora de bestsellers, impedida tras un accidente. Lowen descubre las inquietantes verdades de Verity mientras reside en casa de los Crawford para trabajar. (FILMAFFINITY)",https://pics.filmaffinity.com/verity-273395489-large.jpg,https://www.filmaffinity.com/es/evideos.php?movie_id=740344,5.3,6.0,33.0,71.0,Cine Yelmo Westfield La Maquinista,2026-10-13T17:30:00+02:00,,,,Digital,,unknown,Tarifa variable; consultar el pase de La Maquinista,https://www.publicine.net/cartelera-cine/barcelona/yelmo-westfield-la-maquinista,https://cine.entradas.com/cine/barcelona/cine-yelmo-westfield-la-maquinista/evento/46810/verity-la-sombra-de-un-engano?mode=widget&change=0&ref=744,2026-10-08T06:58:01.153187+00:00
LA BOLA NEGRA,La bola negra,2026,"Javier Ambrossi, Javier Calvo",Drama,"ESTRENO EL VIERNES 25 DE SEPTIEMBRE. Las vidas interconectadas de tres hombres en tres épocas distintas. Tres existencias íntimamente ligadas por la sexualidad y el deseo, el dolor y la herencia; y una de las últimas obras, inacabada, de Federico García Lorca. Proyección en Dolby Atmos y 4K",https://phenomena-experience.com/obj/LCinesD_dat/eventos/JPg000fb.jpg,https://www.youtube.com/watch?v=nXkdGP4VVWI,,8.0,92.0,,Phenomena Experience,2026-10-13T17:45:00+02:00,,,,"4K, Dolby Atmos, Digital",12.0,published,Precio según pase; consultar la ficha de la película,https://phenomena-experience.com/index?pag=cartelera,https://www.reservaentradas.com/entrada/barcelona/phenomenaexperience/la-bola-negra-proyeccion-en-dolby-atmos-y-4k/13603/,2026-10-08T06:57:05.017772+00:00
Coyote vs. ACME,Coyote vs. Acme,2026,Dave Green,"Animación, Aventura, Comedia","Cansado de que los productos defectuosos de Acme arruinen sus planes, el Coyote contrata a un abogado para demandar a la corporación, ahora dirigida por un despiadado exjefe de su defensor. Juntos forjarán una inesperada amistad mientras luchan en los tribunales.",https://es.web.img3.acsta.net/c_160_213/img/18/4e/184e275eb73de363b01c7c3637407fcd.jpg,https://www.filmaffinity.com/es/evideos.php?movie_id=523116,6.7,7.4,96.0,94.0,Cine Yelmo Westfield La Maquinista,2026-10-13T17:45:00+02:00,,,,Digital,,unknown,Tarifa variable; consultar el pase de La Maquinista,https://www.publicine.net/cartelera-cine/barcelona/yelmo-westfield-la-maquinista,https://cine.entradas.com/cine/barcelona/cine-yelmo-westfield-la-maquinista/evento/46833/coyote-vs-acme?mode=widget&change=0&ref=744,2026-10-08T06:58:01.153187+00:00
Tasio,Tasio,1984,Montxo Armendáriz,Drama,"L’òpera prima de Montxo Armendáriz narra la vida de Tasio, un carboner navarrès obligat a treballar des de la infància per plantar cara a les dificultats econòmiques familiars.",https://pics.filmaffinity.com/tasio-579811390-large.jpg,https://www.filmaffinity.com/es/evideos.php?movie_id=524638,7.1,7.1,,,Filmoteca de Catalunya — Sales Chomón i Laya,2026-10-13T18:00:00+02:00,VO,,ca,DCP,,unknown,General 4€; reducida 3€; programación infantil 2€,https://www.filmoteca.cat/web/ca/film/tasio,https://euromus.cultura.gencat.cat/filmoteca/venda/index.jsp?lang=1&nom_cache=FILMOTECA&property=FILMOTECA&codiActiv=967&codiCicle=28,2026-10-08T06:57:13.210409+00:00
LA BOLA NEGRA,La bola negra,2026,"Javier Ambrossi, Javier Calvo",Drama,"ESTRENO EL VIERNES 25 DE SEPTIEMBRE. Las vidas interconectadas de tres hombres en tres épocas distintas. Tres existencias íntimamente ligadas por la sexualidad y el deseo, el dolor y la herencia; y una de las últimas obras, inacabada, de Federico García Lorca. Proyección en Dolby Atmos y 4K",https://phenomena-experience.com/obj/LCinesD_dat/eventos/JPg000fb.jpg,https://www.youtube.com/watch?v=nXkdGP4VVWI,,8.0,92.0,,Cinesa Diagonal,2026-10-13T18:15:00+02:00,,,,Digital,,unknown,"Tarifa variable; seleccionar cine, fecha y sesión",https://www.publicine.net/cartelera-cine/barcelona/cinesa-diagonal,https://web.cinesa.es/compra/butacas/?showtimeId=012-55338,2026-10-08T06:57:43.478267+00:00
LA BOLA NEGRA,La bola negra,2026,"Javier Ambrossi, Javier Calvo",Drama,"ESTRENO EL VIERNES 25 DE SEPTIEMBRE. Las vidas interconectadas de tres hombres en tres épocas distintas. Tres existencias íntimamente ligadas por la sexualidad y el deseo, el dolor y la herencia; y una de las últimas obras, inacabada, de Federico García Lorca. Proyección en Dolby Atmos y 4K",https://phenomena-experience.com/obj/LCinesD_dat/eventos/JPg000fb.jpg,https://www.youtube.com/watch?v=nXkdGP4VVWI,,8.0,92.0,,Cinesa Diagonal Mar,2026-10-13T18:15:00+02:00,,,,Digital,,unknown,"Tarifa variable; seleccionar cine, fecha y sesión",https://www.publicine.net/cartelera-cine/barcelona/cinesa-diagonal-mar,https://web.cinesa.es/compra/butacas/?showtimeId=032-58966,2026-10-08T06:57:49.911074+00:00
LA BOLA NEGRA,La bola negra,2026,"Javier Ambrossi, Javier Calvo",Drama,"ESTRENO EL VIERNES 25 DE SEPTIEMBRE. Las vidas interconectadas de tres hombres en tres épocas distintas. Tres existencias íntimamente ligadas por la sexualidad y el deseo, el dolor y la herencia; y una de las últimas obras, inacabada, de Federico García Lorca. Proyección en Dolby Atmos y 4K",https://phenomena-experience.com/obj/LCinesD_dat/eventos/JPg000fb.jpg,https://www.youtube.com/watch?v=nXkdGP4VVWI,,8.0,92.0,,Cinesa SOM Multiespai,2026-10-13T18:15:00+02:00,,,,Digital,,unknown,"Tarifa variable; seleccionar cine, fecha y sesión",https://www.publicine.net/cartelera-cine/barcelona/cinesa-som-multiespai-heron-city,https://web.cinesa.es/compra/butacas/?showtimeId=017-60734,2026-10-08T06:57:56.221234+00:00
ESCAPE ROOM 2,Escape Room 2,2026,Hèctor Claramunt,"Comedia, Thriller, Intriga","Cinc anys després, l’Edu, la Marina, la Viky i en Rai tornen a coincidir misteriosament en un nou local de moda situat a la part alta de la muntanya de Montjuïc, on antigament es trobava el parc d’atraccions. No trigaran a adonar-se que aquell establiment no és el que sembla. Aviat aniran a parar a una antiga atracció, un túnel del terror que havia quedat soterrat, on apareix un comptador acompanyat d’un missatge amenaçador que els resulta inquietantment familiar: tenen 60 minuts per a sortir o moriran.",https://espaitexas.cat/wp-content/uploads/2026/10/6a9fc286373b2.jpg,https://www.filmaffinity.com/es/evideos.php?movie_id=903140,,,,,Espai Texas — Cinemes Texas,2026-10-13T18:15:00+02:00,VO,ca,,,,unknown,Lunes–viernes 6€; jueves del espectador 4€; fin de semana 8€,https://espaitexas.cat/pelicula/escape-room-2/,https://espaitexas.koobin.cat/ca/escape-room-2-vo-20261013-0000,2026-10-08T06:57:24.326842+00:00
Resident Evil,Resident Evil,2026,Zach Cregger,"Ciencia ficción, Suspense, Terror","Bryan, un mensajero médico, se ve atrapado inesperadamente en una noche de caos en la que la ciudad empieza a colapsar por una amenaza desconocida. Obligado a sobrevivir, deberá enfrentarse a una peligrosa carrera llena de acción mientras intenta escapar del horror que se desata a su alrededor.",https://es.web.img3.acsta.net/c_160_213/img/40/92/4092e505c00d28878024f17b01002c9c.jpg,https://www.filmaffinity.com/es/evideos.php?movie_id=579353,7.0,7.6,96.0,91.0,Cine Yelmo Westfield La Maquinista,2026-10-13T18:15:00+02:00,,,,Digital,,unknown,Tarifa variable; consultar el pase de La Maquinista,https://www.publicine.net/cartelera-cine/barcelona/yelmo-westfield-la-maquinista,https://cine.entradas.com/cine/barcelona/cine-yelmo-westfield-la-maquinista/evento/46807/resident-evil?mode=widget&change=0&ref=744,2026-10-08T06:58:01.153187+00:00
LA BOLA NEGRA,La bola negra,2026,"Javier Ambrossi, Javier Calvo",Drama,"ESTRENO EL VIERNES 25 DE SEPTIEMBRE. Las vidas interconectadas de tres hombres en tres épocas distintas. Tres existencias íntimamente ligadas por la sexualidad y el deseo, el dolor y la herencia; y una de las últimas obras, inacabada, de Federico García Lorca. Proyección en Dolby Atmos y 4K",https://phenomena-experience.com/obj/LCinesD_dat/eventos/JPg000fb.jpg,https://www.youtube.com/watch?v=nXkdGP4VVWI,,8.0,92.0,,Cine Yelmo Westfield La Maquinista,2026-10-13T18:30:00+02:00,,,,Digital,,unknown,Tarifa variable; consultar el pase de La Maquinista,https://www.publicine.net/cartelera-cine/barcelona/yelmo-westfield-la-maquinista,https://cine.entradas.com/cine/barcelona/cine-yelmo-westfield-la-maquinista/evento/46830/la-bola-negra?mode=widget&change=0&ref=744,2026-10-08T06:58:01.153187+00:00
Verity. La sombra de un engaño,Verity,2026,Michael Showalter,"Thriller, Drama","Lowen Ashleigh es contratada como escritora fantasma por Jeremy Crawford para escribir las novelas de su esposa Verity, autora de bestsellers, impedida tras un accidente. Lowen descubre las inquietantes verdades de Verity mientras reside en casa de los Crawford para trabajar. (FILMAFFINITY)",https://pics.filmaffinity.com/verity-273395489-large.jpg,https://www.filmaffinity.com/es/evideos.php?movie_id=740344,5.3,6.0,33.0,71.0,Cinesa Diagonal Mar,2026-10-13T18:40:00+02:00,,,,Digital,,unknown,"Tarifa variable; seleccionar cine, fecha y sesión",https://www.publicine.net/cartelera-cine/barcelona/cinesa-diagonal-mar,https://web.cinesa.es/compra/butacas/?showtimeId=032-59266,2026-10-08T06:57:49.911074+00:00
Verity. La sombra de un engaño,Verity,2026,Michael Showalter,"Thriller, Drama","Lowen Ashleigh es contratada como escritora fantasma por Jeremy Crawford para escribir las novelas de su esposa Verity, autora de bestsellers, impedida tras un accidente. Lowen descubre las inquietantes verdades de Verity mientras reside en casa de los Crawford para trabajar. (FILMAFFINITY)",https://pics.filmaffinity.com/verity-273395489-large.jpg,https://www.filmaffinity.com/es/evideos.php?movie_id=740344,5.3,6.0,33.0,71.0,Cinesa Diagonal,2026-10-13T18:45:00+02:00,,,,Digital,,unknown,"Tarifa variable; seleccionar cine, fecha y sesión",https://www.publicine.net/cartelera-cine/barcelona/cinesa-diagonal,https://web.cinesa.es/compra/butacas/?showtimeId=012-55622,2026-10-08T06:57:43.478267+00:00
En el corazón de la bestia,Heart Of The Beast,2026,David Ayer,"Acción, Aventura","Un ex soldado herido y su perro militar luchan por sobrevivir en la naturaleza salvaje de Alaska. Enfrentando frío, soledad y peligros constantes, su vínculo será clave para regresar a casa.",https://es.web.img3.acsta.net/c_160_213/img/06/8b/068b23e941178cfd676278b44064f0e9.jpg,https://www.youtube.com/watch?v=Rh24D89hFMg,6.4,7.3,85.0,94.0,Cine Yelmo Westfield La Maquinista,2026-10-13T18:50:00+02:00,,,,Digital,,unknown,Tarifa variable; consultar el pase de La Maquinista,https://www.publicine.net/cartelera-cine/barcelona/yelmo-westfield-la-maquinista,https://cine.entradas.com/cine/barcelona/cine-yelmo-westfield-la-maquinista/evento/46831/en-el-corazon-de-la-bestia?mode=widget&change=0&ref=744,2026-10-08T06:58:01.153187+00:00
LA BOLA NEGRA,La bola negra,2026,"Javier Ambrossi, Javier Calvo",Drama,"ESTRENO EL VIERNES 25 DE SEPTIEMBRE. Las vidas interconectadas de tres hombres en tres épocas distintas. Tres existencias íntimamente ligadas por la sexualidad y el deseo, el dolor y la herencia; y una de las últimas obras, inacabada, de Federico García Lorca. Proyección en Dolby Atmos y 4K",https://phenomena-experience.com/obj/LCinesD_dat/eventos/JPg000fb.jpg,https://www.youtube.com/watch?v=nXkdGP4VVWI,,8.0,92.0,,Cinesa SOM Multiespai,2026-10-13T19:00:00+02:00,,,,Digital,,unknown,"Tarifa variable; seleccionar cine, fecha y sesión",https://www.publicine.net/cartelera-cine/barcelona/cinesa-som-multiespai-heron-city,https://web.cinesa.es/compra/butacas/?showtimeId=017-61033,2026-10-08T06:57:56.221234+00:00
Aniversario Las Pibas Producen: Ruido,Ruido,2025,Ingride Santos,Drama,"Una sessió que celebra el vuitè aniversari del col·lectiu de músiques i activistes Las Pibas Producen, amb la projecció de la història d’una jove rapera afrodescendent que desafia la seva família i els seus propis límits per fer-se un lloc en el món del freestyle.",https://pics.filmaffinity.com/ruido-620544140-large.jpg,https://www.filmaffinity.com/es/evideos.php?movie_id=111461,5.4,,,,Zumzeig Cinecooperativa,2026-10-13T19:00:00+02:00,VO,,es,,7.5,published,"General 7,50€; miércoles no festivos 5,50€; reducida 6€; socias 4,50€",https://zumzeigcine.coop/cinema/films/ruido/,https://www.codetickets.com/portal/zumzeigcooperativa/online/37243/101178,2026-10-08T06:57:28.263277+00:00
En el corazón de la bestia,Heart Of The Beast,2026,David Ayer,"Acción, Aventura","Un ex soldado herido y su perro militar luchan por sobrevivir en la naturaleza salvaje de Alaska. Enfrentando frío, soledad y peligros constantes, su vínculo será clave para regresar a casa.",https://es.web.img3.acsta.net/c_160_213/img/06/8b/068b23e941178cfd676278b44064f0e9.jpg,https://www.youtube.com/watch?v=Rh24D89hFMg,6.4,7.3,85.0,94.0,Cinesa Diagonal,2026-10-13T19:10:00+02:00,,,,Digital,,unknown,"Tarifa variable; seleccionar cine, fecha y sesión",https://www.publicine.net/cartelera-cine/barcelona/cinesa-diagonal,https://web.cinesa.es/compra/butacas/?showtimeId=012-55623,2026-10-08T06:57:43.478267+00:00
Digger,Digger,2026,Alejandro González Iñárritu,"Acción, Comedia","El hombre más poderoso del mundo provoca un desastre que amenaza a la humanidad. Para redimirse, emprende una misión arriesgada con el objetivo de convertirse en su salvador.",https://es.web.img3.acsta.net/c_160_213/img/0f/c9/0fc9092d6e2afd046417684533c535c4.jpg,https://www.youtube.com/watch?v=xU2jWSsaWY0,6.4,,,,Cinesa Diagonal Mar,2026-10-13T19:10:00+02:00,,,,IMAX,,unknown,"Tarifa variable; seleccionar cine, fecha y sesión",https://www.publicine.net/cartelera-cine/barcelona/cinesa-diagonal-mar,https://web.cinesa.es/compra/butacas/?showtimeId=032-59269,2026-10-08T06:57:49.911074+00:00
LA BOLA NEGRA,La bola negra,2026,"Javier Ambrossi, Javier Calvo",Drama,"ESTRENO EL VIERNES 25 DE SEPTIEMBRE. Las vidas interconectadas de tres hombres en tres épocas distintas. Tres existencias íntimamente ligadas por la sexualidad y el deseo, el dolor y la herencia; y una de las últimas obras, inacabada, de Federico García Lorca. Proyección en Dolby Atmos y 4K",https://phenomena-experience.com/obj/LCinesD_dat/eventos/JPg000fb.jpg,https://www.youtube.com/watch?v=nXkdGP4VVWI,,8.0,92.0,,Cinesa Diagonal,2026-10-13T19:15:00+02:00,,,,Digital,,unknown,"Tarifa variable; seleccionar cine, fecha y sesión",https://www.publicine.net/cartelera-cine/barcelona/cinesa-diagonal,https://web.cinesa.es/compra/butacas/?showtimeId=012-55624,2026-10-08T06:57:43.478267+00:00
LA BOLA NEGRA,La bola negra,2026,"Javier Ambrossi, Javier Calvo",Drama,"ESTRENO EL VIERNES 25 DE SEPTIEMBRE. Las vidas interconectadas de tres hombres en tres épocas distintas. Tres existencias íntimamente ligadas por la sexualidad y el deseo, el dolor y la herencia; y una de las últimas obras, inacabada, de Federico García Lorca. Proyección en Dolby Atmos y 4K",https://phenomena-experience.com/obj/LCinesD_dat/eventos/JPg000fb.jpg,https://www.youtube.com/watch?v=nXkdGP4VVWI,,8.0,92.0,,Cinesa Diagonal Mar,2026-10-13T19:15:00+02:00,,,,Digital,,unknown,"Tarifa variable; seleccionar cine, fecha y sesión",https://www.publicine.net/cartelera-cine/barcelona/cinesa-diagonal-mar,https://web.cinesa.es/compra/butacas/?showtimeId=032-59270,2026-10-08T06:57:49.911074+00:00
En el corazón de la bestia,Heart Of The Beast,2026,David Ayer,"Acción, Aventura","Un ex soldado herido y su perro militar luchan por sobrevivir en la naturaleza salvaje de Alaska. Enfrentando frío, soledad y peligros constantes, su vínculo será clave para regresar a casa.",https://es.web.img3.acsta.net/c_160_213/img/06/8b/068b23e941178cfd676278b44064f0e9.jpg,https://www.youtube.com/watch?v=Rh24D89hFMg,6.4,7.3,85.0,94.0,Cinesa SOM Multiespai,2026-10-13T19:15:00+02:00,,,,Digital,,unknown,"Tarifa variable; seleccionar cine, fecha y sesión",https://www.publicine.net/cartelera-cine/barcelona/cinesa-som-multiespai-heron-city,https://web.cinesa.es/compra/butacas/?showtimeId=017-61018,2026-10-08T06:57:56.221234+00:00
Verity. La sombra de un engaño,Verity,2026,Michael Showalter,"Thriller, Drama","Lowen Ashleigh es contratada como escritora fantasma por Jeremy Crawford para escribir las novelas de su esposa Verity, autora de bestsellers, impedida tras un accidente. Lowen descubre las inquietantes verdades de Verity mientras reside en casa de los Crawford para trabajar. (FILMAFFINITY)",https://pics.filmaffinity.com/verity-273395489-large.jpg,https://www.filmaffinity.com/es/evideos.php?movie_id=740344,5.3,6.0,33.0,71.0,Cinesa SOM Multiespai,2026-10-13T19:20:00+02:00,,,,Digital,,unknown,"Tarifa variable; seleccionar cine, fecha y sesión",https://www.publicine.net/cartelera-cine/barcelona/cinesa-som-multiespai-heron-city,https://web.cinesa.es/compra/butacas/?showtimeId=017-61019,2026-10-08T06:57:56.221234+00:00
Digger,Digger,2026,Alejandro González Iñárritu,"Acción, Comedia","El hombre más poderoso del mundo provoca un desastre que amenaza a la humanidad. Para redimirse, emprende una misión arriesgada con el objetivo de convertirse en su salvador.",https://es.web.img3.acsta.net/c_160_213/img/0f/c9/0fc9092d6e2afd046417684533c535c4.jpg,https://www.youtube.com/watch?v=xU2jWSsaWY0,6.4,,,,Cinesa Diagonal,2026-10-13T19:30:00+02:00,,,,Digital,,unknown,"Tarifa variable; seleccionar cine, fecha y sesión",https://www.publicine.net/cartelera-cine/barcelona/cinesa-diagonal,https://web.cinesa.es/compra/butacas/?showtimeId=012-55625,2026-10-08T06:57:43.478267+00:00
En el corazón de la bestia,Heart Of The Beast,2026,David Ayer,"Acción, Aventura","Un ex soldado herido y su perro militar luchan por sobrevivir en la naturaleza salvaje de Alaska. Enfrentando frío, soledad y peligros constantes, su vínculo será clave para regresar a casa.",https://es.web.img3.acsta.net/c_160_213/img/06/8b/068b23e941178cfd676278b44064f0e9.jpg,https://www.youtube.com/watch?v=Rh24D89hFMg,6.4,7.3,85.0,94.0,Cinesa Diagonal Mar,2026-10-13T19:30:00+02:00,,,,Digital,,unknown,"Tarifa variable; seleccionar cine, fecha y sesión",https://www.publicine.net/cartelera-cine/barcelona/cinesa-diagonal-mar,https://web.cinesa.es/compra/butacas/?showtimeId=032-59271,2026-10-08T06:57:49.911074+00:00
Resident Evil,Resident Evil,2026,Zach Cregger,"Ciencia ficción, Suspense, Terror","Bryan, un mensajero médico, se ve atrapado inesperadamente en una noche de caos en la que la ciudad empieza a colapsar por una amenaza desconocida. Obligado a sobrevivir, deberá enfrentarse a una peligrosa carrera llena de acción mientras intenta escapar del horror que se desata a su alrededor.",https://es.web.img3.acsta.net/c_160_213/img/40/92/4092e505c00d28878024f17b01002c9c.jpg,https://www.filmaffinity.com/es/evideos.php?movie_id=579353,7.0,7.6,96.0,91.0,Cinesa SOM Multiespai,2026-10-13T19:30:00+02:00,,,,Digital,,unknown,"Tarifa variable; seleccionar cine, fecha y sesión",https://www.publicine.net/cartelera-cine/barcelona/cinesa-som-multiespai-heron-city,https://web.cinesa.es/compra/butacas/?showtimeId=017-61020,2026-10-08T06:57:56.221234+00:00
LA BOLA NEGRA,La bola negra,2026,"Javier Ambrossi, Javier Calvo",Drama,"ESTRENO EL VIERNES 25 DE SEPTIEMBRE. Las vidas interconectadas de tres hombres en tres épocas distintas. Tres existencias íntimamente ligadas por la sexualidad y el deseo, el dolor y la herencia; y una de las últimas obras, inacabada, de Federico García Lorca. Proyección en Dolby Atmos y 4K",https://phenomena-experience.com/obj/LCinesD_dat/eventos/JPg000fb.jpg,https://www.youtube.com/watch?v=nXkdGP4VVWI,,8.0,92.0,,Cine Yelmo Westfield La Maquinista,2026-10-13T19:40:00+02:00,,,,Digital,,unknown,Tarifa variable; consultar el pase de La Maquinista,https://www.publicine.net/cartelera-cine/barcelona/yelmo-westfield-la-maquinista,https://cine.entradas.com/cine/barcelona/cine-yelmo-westfield-la-maquinista/evento/46815/la-bola-negra?mode=widget&change=0&ref=744,2026-10-08T06:58:01.153187+00:00
Vengadores Endgame: Encore,,,"Joe Russo, Anthony Russo","Aventuras, Fantástico","El grave curso de los acontecimientos puesto en marcha por Thanos, el Titán loco, obliga a los Vengadores y a sus aliados a tomar una última posición para restaurar el orden en el universo al precio que sea.",https://www.publicine.net/img/pel/full/16350f_vengadores-endgame-encore.webp,https://www.youtube.com/watch?v=kJeJTYHUtW0,,,,,Cine Yelmo Westfield La Maquinista,2026-10-13T19:40:00+02:00,,,,Digital,,unknown,Tarifa variable; consultar el pase de La Maquinista,https://www.publicine.net/cartelera-cine/barcelona/yelmo-westfield-la-maquinista,https://cine.entradas.com/cine/barcelona/cine-yelmo-westfield-la-maquinista/evento/46814/vengadores-endgame-encore?mode=widget&change=0&ref=744,2026-10-08T06:58:01.153187+00:00
Resident Evil,Resident Evil,2026,Zach Cregger,"Ciencia ficción, Suspense, Terror","Bryan, un mensajero médico, se ve atrapado inesperadamente en una noche de caos en la que la ciudad empieza a colapsar por una amenaza desconocida. Obligado a sobrevivir, deberá enfrentarse a una peligrosa carrera llena de acción mientras intenta escapar del horror que se desata a su alrededor.",https://es.web.img3.acsta.net/c_160_213/img/40/92/4092e505c00d28878024f17b01002c9c.jpg,https://www.filmaffinity.com/es/evideos.php?movie_id=579353,7.0,7.6,96.0,91.0,Cinesa Diagonal,2026-10-13T19:45:00+02:00,,,,Digital,,unknown,"Tarifa variable; seleccionar cine, fecha y sesión",https://www.publicine.net/cartelera-cine/barcelona/cinesa-diagonal,https://web.cinesa.es/compra/butacas/?showtimeId=012-55628,2026-10-08T06:57:43.478267+00:00
LA BOLA NEGRA,La bola negra,2026,"Javier Ambrossi, Javier Calvo",Drama,"ESTRENO EL VIERNES 25 DE SEPTIEMBRE. Las vidas interconectadas de tres hombres en tres épocas distintas. Tres existencias íntimamente ligadas por la sexualidad y el deseo, el dolor y la herencia; y una de las últimas obras, inacabada, de Federico García Lorca. Proyección en Dolby Atmos y 4K",https://phenomena-experience.com/obj/LCinesD_dat/eventos/JPg000fb.jpg,https://www.youtube.com/watch?v=nXkdGP4VVWI,,8.0,92.0,,Cinesa Diagonal Mar,2026-10-13T19:45:00+02:00,,,,Digital,,unknown,"Tarifa variable; seleccionar cine, fecha y sesión",https://www.publicine.net/cartelera-cine/barcelona/cinesa-diagonal-mar,https://web.cinesa.es/compra/butacas/?showtimeId=032-59272,2026-10-08T06:57:49.911074+00:00
LA BOLA NEGRA,La bola negra,2026,"Javier Ambrossi, Javier Calvo",Drama,"ESTRENO EL VIERNES 25 DE SEPTIEMBRE. Las vidas interconectadas de tres hombres en tres épocas distintas. Tres existencias íntimamente ligadas por la sexualidad y el deseo, el dolor y la herencia; y una de las últimas obras, inacabada, de Federico García Lorca. Proyección en Dolby Atmos y 4K",https://phenomena-experience.com/obj/LCinesD_dat/eventos/JPg000fb.jpg,https://www.youtube.com/watch?v=nXkdGP4VVWI,,8.0,92.0,,Cinesa SOM Multiespai,2026-10-13T19:45:00+02:00,,,,Digital,,unknown,"Tarifa variable; seleccionar cine, fecha y sesión",https://www.publicine.net/cartelera-cine/barcelona/cinesa-som-multiespai-heron-city,https://web.cinesa.es/compra/butacas/?showtimeId=017-61021,2026-10-08T06:57:56.221234+00:00
Verity. La sombra de un engaño,Verity,2026,Michael Showalter,"Thriller, Drama","Lowen Ashleigh es contratada como escritora fantasma por Jeremy Crawford para escribir las novelas de su esposa Verity, autora de bestsellers, impedida tras un accidente. Lowen descubre las inquietantes verdades de Verity mientras reside en casa de los Crawford para trabajar. (FILMAFFINITY)",https://pics.filmaffinity.com/verity-273395489-large.jpg,https://www.filmaffinity.com/es/evideos.php?movie_id=740344,5.3,6.0,33.0,71.0,Cine Yelmo Westfield La Maquinista,2026-10-13T19:55:00+02:00,,,,Digital,,unknown,Tarifa variable; consultar el pase de La Maquinista,https://www.publicine.net/cartelera-cine/barcelona/yelmo-westfield-la-maquinista,https://cine.entradas.com/cine/barcelona/cine-yelmo-westfield-la-maquinista/evento/46811/verity-la-sombra-de-un-engano?mode=widget&change=0&ref=744,2026-10-08T06:58:01.153187+00:00
Cronos,Cronos,2026,Fernando González Molina,"Drama, Suspense","La película sigue la operación Cronos, activada tras el atentado en Las Ramblas, durante cuatro días de tensión y confusión. La misión culmina con la captura del último terrorista, dejando heridas abiertas y un país marcado por el miedo y la frustración.",https://es.web.img3.acsta.net/c_160_213/img/68/13/6813bcb516cf8f5787c00a1d9a5ea6b0.jpg,https://www.youtube.com/watch?v=XymFT_jUeXY,6.2,6.7,,,Cine Yelmo Westfield La Maquinista,2026-10-13T19:55:00+02:00,,,,Digital,,unknown,Tarifa variable; consultar el pase de La Maquinista,https://www.publicine.net/cartelera-cine/barcelona/yelmo-westfield-la-maquinista,https://www.publicine.net/venda/18172/59/aHR0cHM6Ly9jaW5lLmVudHJhZGFzLmNvbS9jaW5lL2JhcmNlbG9uYS9jaW5lLXllbG1vLXdlc3RmaWVsZC1sYS1tYXF1aW5pc3RhL2V2ZW50by80NjgzNC9jcm9ub3M/bW9kZT13aWRnZXQmY2hhbmdlPTAmcmVmPTc0NA,2026-10-08T06:58:01.153187+00:00
Resident Evil,Resident Evil,2026,Zach Cregger,"Ciencia ficción, Suspense, Terror","Bryan, un mensajero médico, se ve atrapado inesperadamente en una noche de caos en la que la ciudad empieza a colapsar por una amenaza desconocida. Obligado a sobrevivir, deberá enfrentarse a una peligrosa carrera llena de acción mientras intenta escapar del horror que se desata a su alrededor.",https://es.web.img3.acsta.net/c_160_213/img/40/92/4092e505c00d28878024f17b01002c9c.jpg,https://www.filmaffinity.com/es/evideos.php?movie_id=579353,7.0,7.6,96.0,91.0,Cinesa Diagonal Mar,2026-10-13T20:00:00+02:00,VO,,es,,,unknown,"Tarifa variable; seleccionar cine, fecha y sesión",https://www.publicine.net/cartelera-cine/barcelona/cinesa-diagonal-mar,https://web.cinesa.es/compra/butacas/?showtimeId=032-59273,2026-10-08T06:57:49.911074+00:00
Les mille et un jours du Hajj Edmond,Les mille et un jours du Hajj Edmond,2024,Simone Bitton,Documental,"Militant, exiliat, escriptor i pensador, Edmond Amran El Maleh (1917-2010) va escriure fins al final. Els seus amics l’anomenaven Hajj, en àrab ‘el pelegrí’, signe de pertinença al poble marroquí.",https://pics.filmaffinity.com/les_mille_et_un_jours_du_hajj_edmond-441610260-large.jpg,,,7.3,,,Filmoteca de Catalunya — Sales Chomón i Laya,2026-10-13T20:00:00+02:00,VO,,ca,DCP,,unknown,General 4€; reducida 3€; programación infantil 2€,https://www.filmoteca.cat/web/ca/film/les-mille-et-un-jours-du-hajj-edmond,https://euromus.cultura.gencat.cat/filmoteca/venda/index.jsp?lang=1&nom_cache=FILMOTECA&property=FILMOTECA&codiActiv=1022&codiCicle=1,2026-10-08T06:58:07.842263+00:00
Digger,Digger,2026,Alejandro González Iñárritu,"Acción, Comedia","El hombre más poderoso del mundo provoca un desastre que amenaza a la humanidad. Para redimirse, emprende una misión arriesgada con el objetivo de convertirse en su salvador.",https://es.web.img3.acsta.net/c_160_213/img/0f/c9/0fc9092d6e2afd046417684533c535c4.jpg,https://www.youtube.com/watch?v=xU2jWSsaWY0,6.4,,,,Cinesa SOM Multiespai,2026-10-13T20:05:00+02:00,,,,Digital,,unknown,"Tarifa variable; seleccionar cine, fecha y sesión",https://www.publicine.net/cartelera-cine/barcelona/cinesa-som-multiespai-heron-city,https://web.cinesa.es/compra/butacas/?showtimeId=017-61016,2026-10-08T06:57:56.221234+00:00
LES CULPABLES,,2026,Marta Duran Lozano,,"Després d’anys de silenci sobre l’avortament que va viure d’adolescent, la Marta rep un centenar de testimonis anònims de dones que han viscut el mateix que ella. Portant aquestes històries a la pantalla, juntament amb sis noies que posen veu i rostre a aquests relats silenciats, obre un espai compartit on el que s’ha silenciat esdevé col·lectiu.",https://espaitexas.cat/wp-content/uploads/2026/09/aaff-lesculpables-cat-dina0-768x1084.jpg,,,,,,Espai Texas — Cinemes Texas,2026-10-13T20:15:00+02:00,VO,ca,,,,unknown,Lunes–viernes 6€; jueves del espectador 4€; fin de semana 8€,https://espaitexas.cat/pelicula/les-culpables/,,2026-10-08T06:57:34.327232+00:00
LA BOLA NEGRA,La bola negra,2026,"Javier Ambrossi, Javier Calvo",Drama,"ESTRENO EL VIERNES 25 DE SEPTIEMBRE. Las vidas interconectadas de tres hombres en tres épocas distintas. Tres existencias íntimamente ligadas por la sexualidad y el deseo, el dolor y la herencia; y una de las últimas obras, inacabada, de Federico García Lorca. Proyección en Dolby Atmos y 4K",https://phenomena-experience.com/obj/LCinesD_dat/eventos/JPg000fb.jpg,https://www.youtube.com/watch?v=nXkdGP4VVWI,,8.0,92.0,,Cine Yelmo Westfield La Maquinista,2026-10-13T20:25:00+02:00,,,,Digital,,unknown,Tarifa variable; consultar el pase de La Maquinista,https://www.publicine.net/cartelera-cine/barcelona/yelmo-westfield-la-maquinista,https://cine.entradas.com/cine/barcelona/cine-yelmo-westfield-la-maquinista/evento/46446/la-bola-negra?mode=widget&change=0&ref=744,2026-10-08T06:58:01.153187+00:00
ESCAPE ROOM 2,Escape Room 2,2026,Hèctor Claramunt,"Comedia, Thriller, Intriga","Cinc anys després, l’Edu, la Marina, la Viky i en Rai tornen a coincidir misteriosament en un nou local de moda situat a la part alta de la muntanya de Montjuïc, on antigament es trobava el parc d’atraccions. No trigaran a adonar-se que aquell establiment no és el que sembla. Aviat aniran a parar a una antiga atracció, un túnel del terror que havia quedat soterrat, on apareix un comptador acompanyat d’un missatge amenaçador que els resulta inquietantment familiar: tenen 60 minuts per a sortir o moriran.",https://espaitexas.cat/wp-content/uploads/2026/10/6a9fc286373b2.jpg,https://www.filmaffinity.com/es/evideos.php?movie_id=903140,,,,,Espai Texas — Cinemes Texas,2026-10-13T20:30:00+02:00,VO,ca,,,,unknown,Lunes–viernes 6€; jueves del espectador 4€; fin de semana 8€,https://espaitexas.cat/pelicula/escape-room-2/,https://espaitexas.koobin.cat/ca/escape-room-2-vo-20261013-2015,2026-10-08T06:57:24.326842+00:00
Resident Evil,Resident Evil,2026,Zach Cregger,"Ciencia ficción, Suspense, Terror","Bryan, un mensajero médico, se ve atrapado inesperadamente en una noche de caos en la que la ciudad empieza a colapsar por una amenaza desconocida. Obligado a sobrevivir, deberá enfrentarse a una peligrosa carrera llena de acción mientras intenta escapar del horror que se desata a su alrededor.",https://es.web.img3.acsta.net/c_160_213/img/40/92/4092e505c00d28878024f17b01002c9c.jpg,https://www.filmaffinity.com/es/evideos.php?movie_id=579353,7.0,7.6,96.0,91.0,Cine Yelmo Westfield La Maquinista,2026-10-13T20:40:00+02:00,,,,Digital,,unknown,Tarifa variable; consultar el pase de La Maquinista,https://www.publicine.net/cartelera-cine/barcelona/yelmo-westfield-la-maquinista,https://cine.entradas.com/cine/barcelona/cine-yelmo-westfield-la-maquinista/evento/46808/resident-evil?mode=widget&change=0&ref=744,2026-10-08T06:58:01.153187+00:00
LA BOLA NEGRA,La bola negra,2026,"Javier Ambrossi, Javier Calvo",Drama,"ESTRENO EL VIERNES 25 DE SEPTIEMBRE. Las vidas interconectadas de tres hombres en tres épocas distintas. Tres existencias íntimamente ligadas por la sexualidad y el deseo, el dolor y la herencia; y una de las últimas obras, inacabada, de Federico García Lorca. Proyección en Dolby Atmos y 4K",https://phenomena-experience.com/obj/LCinesD_dat/eventos/JPg000fb.jpg,https://www.youtube.com/watch?v=nXkdGP4VVWI,,8.0,92.0,,Cinesa Diagonal,2026-10-13T20:45:00+02:00,,,,Digital,,unknown,"Tarifa variable; seleccionar cine, fecha y sesión",https://www.publicine.net/cartelera-cine/barcelona/cinesa-diagonal,https://web.cinesa.es/compra/butacas/?showtimeId=012-55629,2026-10-08T06:57:43.478267+00:00
LA BOLA NEGRA,La bola negra,2026,"Javier Ambrossi, Javier Calvo",Drama,"ESTRENO EL VIERNES 25 DE SEPTIEMBRE. Las vidas interconectadas de tres hombres en tres épocas distintas. Tres existencias íntimamente ligadas por la sexualidad y el deseo, el dolor y la herencia; y una de las últimas obras, inacabada, de Federico García Lorca. Proyección en Dolby Atmos y 4K",https://phenomena-experience.com/obj/LCinesD_dat/eventos/JPg000fb.jpg,https://www.youtube.com/watch?v=nXkdGP4VVWI,,8.0,92.0,,Cinesa Diagonal Mar,2026-10-13T20:45:00+02:00,,,,Digital,,unknown,"Tarifa variable; seleccionar cine, fecha y sesión",https://www.publicine.net/cartelera-cine/barcelona/cinesa-diagonal-mar,https://web.cinesa.es/compra/butacas/?showtimeId=032-59275,2026-10-08T06:57:49.911074+00:00
LA BOLA NEGRA,La bola negra,2026,"Javier Ambrossi, Javier Calvo",Drama,"ESTRENO EL VIERNES 25 DE SEPTIEMBRE. Las vidas interconectadas de tres hombres en tres épocas distintas. Tres existencias íntimamente ligadas por la sexualidad y el deseo, el dolor y la herencia; y una de las últimas obras, inacabada, de Federico García Lorca. Proyección en Dolby Atmos y 4K",https://phenomena-experience.com/obj/LCinesD_dat/eventos/JPg000fb.jpg,https://www.youtube.com/watch?v=nXkdGP4VVWI,,8.0,92.0,,Cinesa SOM Multiespai,2026-10-13T20:45:00+02:00,,,,Digital,,unknown,"Tarifa variable; seleccionar cine, fecha y sesión",https://www.publicine.net/cartelera-cine/barcelona/cinesa-som-multiespai-heron-city,https://web.cinesa.es/compra/butacas/?showtimeId=017-61023,2026-10-08T06:57:56.221234+00:00
Jakten,Jakten,1959,Erik Løchen,"Drama, Romance, Thriller","Federació Internacional de Cineclubs Concebut de manera simultània al naixement de la Nouvelle Vague, Jakten és un dels films més innovadors del cinema noruec. A partir d’un triangle amorós durant una partida de caça s’estructura un drama psicològic que trenca la narració lineal mitjançant salts temporals, veus interiors i personatges que trenquen la quarta paret.",https://pics.filmaffinity.com/jakten-614815739-large.jpg,,,7.3,,,Filmoteca de Catalunya — Sales Chomón i Laya,2026-10-13T21:00:00+02:00,VO,,ca,DCP,,unknown,General 4€; reducida 3€; programación infantil 2€,https://www.filmoteca.cat/web/ca/film/jakten,https://euromus.cultura.gencat.cat/filmoteca/venda/index.jsp?lang=1&nom_cache=FILMOTECA&property=FILMOTECA&codiActiv=1018&codiCicle=9,2026-10-08T06:58:05.462708+00:00
LA BOLA NEGRA,La bola negra,2026,"Javier Ambrossi, Javier Calvo",Drama,"ESTRENO EL VIERNES 25 DE SEPTIEMBRE. Las vidas interconectadas de tres hombres en tres épocas distintas. Tres existencias íntimamente ligadas por la sexualidad y el deseo, el dolor y la herencia; y una de las últimas obras, inacabada, de Federico García Lorca. Proyección en Dolby Atmos y 4K",https://phenomena-experience.com/obj/LCinesD_dat/eventos/JPg000fb.jpg,https://www.youtube.com/watch?v=nXkdGP4VVWI,,8.0,92.0,,Phenomena Experience,2026-10-13T21:00:00+02:00,,,,"4K, Dolby Atmos, Digital",12.0,published,Precio según pase; consultar la ficha de la película,https://phenomena-experience.com/index?pag=cartelera,https://www.reservaentradas.com/entrada/barcelona/phenomenaexperience/la-bola-negra-proyeccion-en-dolby-atmos-y-4k/13605/,2026-10-08T06:57:05.017772+00:00
En el corazón de la bestia,Heart Of The Beast,2026,David Ayer,"Acción, Aventura","Un ex soldado herido y su perro militar luchan por sobrevivir en la naturaleza salvaje de Alaska. Enfrentando frío, soledad y peligros constantes, su vínculo será clave para regresar a casa.",https://es.web.img3.acsta.net/c_160_213/img/06/8b/068b23e941178cfd676278b44064f0e9.jpg,https://www.youtube.com/watch?v=Rh24D89hFMg,6.4,7.3,85.0,94.0,Cine Yelmo Westfield La Maquinista,2026-10-13T21:05:00+02:00,,,,Digital,,unknown,Tarifa variable; consultar el pase de La Maquinista,https://www.publicine.net/cartelera-cine/barcelona/yelmo-westfield-la-maquinista,https://cine.entradas.com/cine/barcelona/cine-yelmo-westfield-la-maquinista/evento/46823/en-el-corazon-de-la-bestia?mode=widget&change=0&ref=744,2026-10-08T06:58:01.153187+00:00
Digger,Digger,2026,Alejandro González Iñárritu,"Acción, Comedia","El hombre más poderoso del mundo provoca un desastre que amenaza a la humanidad. Para redimirse, emprende una misión arriesgada con el objetivo de convertirse en su salvador.",https://es.web.img3.acsta.net/c_160_213/img/0f/c9/0fc9092d6e2afd046417684533c535c4.jpg,https://www.youtube.com/watch?v=xU2jWSsaWY0,6.4,,,,Cinesa Diagonal Mar,2026-10-13T21:10:00+02:00,,,,Digital,,unknown,"Tarifa variable; seleccionar cine, fecha y sesión",https://www.publicine.net/cartelera-cine/barcelona/cinesa-diagonal-mar,https://web.cinesa.es/compra/butacas/?showtimeId=032-59276,2026-10-08T06:57:49.911074+00:00
Vengadores Endgame: Encore,,,"Joe Russo, Anthony Russo","Aventuras, Fantástico","El grave curso de los acontecimientos puesto en marcha por Thanos, el Titán loco, obliga a los Vengadores y a sus aliados a tomar una última posición para restaurar el orden en el universo al precio que sea.",https://www.publicine.net/img/pel/full/16350f_vengadores-endgame-encore.webp,https://www.youtube.com/watch?v=kJeJTYHUtW0,,,,,Cine Yelmo Westfield La Maquinista,2026-10-13T21:15:00+02:00,,,,3D,,unknown,Tarifa variable; consultar el pase de La Maquinista,https://www.publicine.net/cartelera-cine/barcelona/yelmo-westfield-la-maquinista,https://cine.entradas.com/cine/barcelona/cine-yelmo-westfield-la-maquinista/evento/46824/vengadores-endgame-encore-infinity-vision?mode=widget&change=0&ref=744,2026-10-08T06:58:01.153187+00:00
Ceniza en la boca,Ceniza en la boca,2026,Diego Luna,Drama,"Basada en la novel·la de Brenda Navarro, dos germans s'enfronten a la discriminació, els estigmes i les dificultats que acompanyen el dia a dia de les persones migrants, en viatjar a Espanya per retrobar-se amb la seva mare després de vuit anys.",https://pics.filmaffinity.com/ceniza_en_la_boca-859618471-large.jpg,https://www.filmaffinity.com/es/evideos.php?movie_id=503965,,6.4,76.0,,Zumzeig Cinecooperativa,2026-10-13T21:15:00+02:00,VO,es,,,,unknown,"General 7,50€; miércoles no festivos 5,50€; reducida 6€; socias 4,50€",https://zumzeigcine.coop/cinema/films/ceniza-en-la-boca/,https://www.codetickets.com/portal/zumzeigcooperativa/online/37713/102036,2026-10-08T06:57:20.380539+00:00
La Odisea,The Odyssey,2026,Christopher Nolan,"Acción, Fantasía","Tras la guerra de Troya, Odiseo se enfrenta un peligroso viaje de 10 años para regresar a Ítaca, superando dioses, monstruos y desafíos épicos. Mientras tanto, su esposa Penélope resiste a los pretendientes que amenazan su reino.",https://es.web.img3.acsta.net/c_160_213/img/1a/23/1a238e79ea26da69c2ff751c232c60e3.png,https://www.youtube.com/watch?v=NUIIc9gZOcQ,7.6,8.4,,,Cinesa Diagonal,2026-10-13T21:30:00+02:00,,,,Digital,,unknown,"Tarifa variable; seleccionar cine, fecha y sesión",https://www.publicine.net/cartelera-cine/barcelona/cinesa-diagonal,https://web.cinesa.es/compra/butacas/?showtimeId=012-55715,2026-10-08T06:57:43.478267+00:00
Verity. La sombra de un engaño,Verity,2026,Michael Showalter,"Thriller, Drama","Lowen Ashleigh es contratada como escritora fantasma por Jeremy Crawford para escribir las novelas de su esposa Verity, autora de bestsellers, impedida tras un accidente. Lowen descubre las inquietantes verdades de Verity mientras reside en casa de los Crawford para trabajar. (FILMAFFINITY)",https://pics.filmaffinity.com/verity-273395489-large.jpg,https://www.filmaffinity.com/es/evideos.php?movie_id=740344,5.3,6.0,33.0,71.0,Cinesa Diagonal Mar,2026-10-13T21:30:00+02:00,VO,,es,,,unknown,"Tarifa variable; seleccionar cine, fecha y sesión",https://www.publicine.net/cartelera-cine/barcelona/cinesa-diagonal-mar,https://web.cinesa.es/compra/butacas/?showtimeId=032-59278,2026-10-08T06:57:49.911074+00:00
En el corazón de la bestia,Heart Of The Beast,2026,David Ayer,"Acción, Aventura","Un ex soldado herido y su perro militar luchan por sobrevivir en la naturaleza salvaje de Alaska. Enfrentando frío, soledad y peligros constantes, su vínculo será clave para regresar a casa.",https://es.web.img3.acsta.net/c_160_213/img/06/8b/068b23e941178cfd676278b44064f0e9.jpg,https://www.youtube.com/watch?v=Rh24D89hFMg,6.4,7.3,85.0,94.0,Cinesa SOM Multiespai,2026-10-13T21:40:00+02:00,,,,Digital,,unknown,"Tarifa variable; seleccionar cine, fecha y sesión",https://www.publicine.net/cartelera-cine/barcelona/cinesa-som-multiespai-heron-city,https://web.cinesa.es/compra/butacas/?showtimeId=017-61027,2026-10-08T06:57:56.221234+00:00
LA BOLA NEGRA,La bola negra,2026,"Javier Ambrossi, Javier Calvo",Drama,"ESTRENO EL VIERNES 25 DE SEPTIEMBRE. Las vidas interconectadas de tres hombres en tres épocas distintas. Tres existencias íntimamente ligadas por la sexualidad y el deseo, el dolor y la herencia; y una de las últimas obras, inacabada, de Federico García Lorca. Proyección en Dolby Atmos y 4K",https://phenomena-experience.com/obj/LCinesD_dat/eventos/JPg000fb.jpg,https://www.youtube.com/watch?v=nXkdGP4VVWI,,8.0,92.0,,Cine Yelmo Westfield La Maquinista,2026-10-13T21:40:00+02:00,,,,Digital,,unknown,Tarifa variable; consultar el pase de La Maquinista,https://www.publicine.net/cartelera-cine/barcelona/yelmo-westfield-la-maquinista,https://cine.entradas.com/cine/barcelona/cine-yelmo-westfield-la-maquinista/evento/46826/la-bola-negra?mode=widget&change=0&ref=744,2026-10-08T06:58:01.153187+00:00
LA BOLA NEGRA,La bola negra,2026,"Javier Ambrossi, Javier Calvo",Drama,"ESTRENO EL VIERNES 25 DE SEPTIEMBRE. Las vidas interconectadas de tres hombres en tres épocas distintas. Tres existencias íntimamente ligadas por la sexualidad y el deseo, el dolor y la herencia; y una de las últimas obras, inacabada, de Federico García Lorca. Proyección en Dolby Atmos y 4K",https://phenomena-experience.com/obj/LCinesD_dat/eventos/JPg000fb.jpg,https://www.youtube.com/watch?v=nXkdGP4VVWI,,8.0,92.0,,Cinesa Diagonal,2026-10-13T21:45:00+02:00,,,,Digital,,unknown,"Tarifa variable; seleccionar cine, fecha y sesión",https://www.publicine.net/cartelera-cine/barcelona/cinesa-diagonal,https://web.cinesa.es/compra/butacas/?showtimeId=012-55337,2026-10-08T06:57:43.478267+00:00
LA BOLA NEGRA,La bola negra,2026,"Javier Ambrossi, Javier Calvo",Drama,"ESTRENO EL VIERNES 25 DE SEPTIEMBRE. Las vidas interconectadas de tres hombres en tres épocas distintas. Tres existencias íntimamente ligadas por la sexualidad y el deseo, el dolor y la herencia; y una de las últimas obras, inacabada, de Federico García Lorca. Proyección en Dolby Atmos y 4K",https://phenomena-experience.com/obj/LCinesD_dat/eventos/JPg000fb.jpg,https://www.youtube.com/watch?v=nXkdGP4VVWI,,8.0,92.0,,Cinesa Diagonal Mar,2026-10-13T21:45:00+02:00,,,,Digital,,unknown,"Tarifa variable; seleccionar cine, fecha y sesión",https://www.publicine.net/cartelera-cine/barcelona/cinesa-diagonal-mar,https://web.cinesa.es/compra/butacas/?showtimeId=032-58965,2026-10-08T06:57:49.911074+00:00
LA BOLA NEGRA,La bola negra,2026,"Javier Ambrossi, Javier Calvo",Drama,"ESTRENO EL VIERNES 25 DE SEPTIEMBRE. Las vidas interconectadas de tres hombres en tres épocas distintas. Tres existencias íntimamente ligadas por la sexualidad y el deseo, el dolor y la herencia; y una de las últimas obras, inacabada, de Federico García Lorca. Proyección en Dolby Atmos y 4K",https://phenomena-experience.com/obj/LCinesD_dat/eventos/JPg000fb.jpg,https://www.youtube.com/watch?v=nXkdGP4VVWI,,8.0,92.0,,Cinesa SOM Multiespai,2026-10-13T21:45:00+02:00,,,,Digital,,unknown,"Tarifa variable; seleccionar cine, fecha y sesión",https://www.publicine.net/cartelera-cine/barcelona/cinesa-som-multiespai-heron-city,https://web.cinesa.es/compra/butacas/?showtimeId=017-60733,2026-10-08T06:57:56.221234+00:00
La Odisea,The Odyssey,2026,Christopher Nolan,"Acción, Fantasía","Tras la guerra de Troya, Odiseo se enfrenta un peligroso viaje de 10 años para regresar a Ítaca, superando dioses, monstruos y desafíos épicos. Mientras tanto, su esposa Penélope resiste a los pretendientes que amenazan su reino.",https://es.web.img3.acsta.net/c_160_213/img/1a/23/1a238e79ea26da69c2ff751c232c60e3.png,https://www.youtube.com/watch?v=NUIIc9gZOcQ,7.6,8.4,,,Cinesa Diagonal Mar,2026-10-13T21:50:00+02:00,,,,IMAX,,unknown,"Tarifa variable; seleccionar cine, fecha y sesión",https://www.publicine.net/cartelera-cine/barcelona/cinesa-diagonal-mar,https://web.cinesa.es/compra/butacas/?showtimeId=032-59256,2026-10-08T06:57:49.911074+00:00
Verity. La sombra de un engaño,Verity,2026,Michael Showalter,"Thriller, Drama","Lowen Ashleigh es contratada como escritora fantasma por Jeremy Crawford para escribir las novelas de su esposa Verity, autora de bestsellers, impedida tras un accidente. Lowen descubre las inquietantes verdades de Verity mientras reside en casa de los Crawford para trabajar. (FILMAFFINITY)",https://pics.filmaffinity.com/verity-273395489-large.jpg,https://www.filmaffinity.com/es/evideos.php?movie_id=740344,5.3,6.0,33.0,71.0,Cinesa SOM Multiespai,2026-10-13T21:50:00+02:00,,,,Digital,,unknown,"Tarifa variable; seleccionar cine, fecha y sesión",https://www.publicine.net/cartelera-cine/barcelona/cinesa-som-multiespai-heron-city,https://web.cinesa.es/compra/butacas/?showtimeId=017-61029,2026-10-08T06:57:56.221234+00:00
En el corazón de la bestia,Heart Of The Beast,2026,David Ayer,"Acción, Aventura","Un ex soldado herido y su perro militar luchan por sobrevivir en la naturaleza salvaje de Alaska. Enfrentando frío, soledad y peligros constantes, su vínculo será clave para regresar a casa.",https://es.web.img3.acsta.net/c_160_213/img/06/8b/068b23e941178cfd676278b44064f0e9.jpg,https://www.youtube.com/watch?v=Rh24D89hFMg,6.4,7.3,85.0,94.0,Cinesa Diagonal,2026-10-13T22:00:00+02:00,VO,,es,,,unknown,"Tarifa variable; seleccionar cine, fecha y sesión",https://www.publicine.net/cartelera-cine/barcelona/cinesa-diagonal,https://web.cinesa.es/compra/butacas/?showtimeId=012-55632,2026-10-08T06:57:43.478267+00:00
En el corazón de la bestia,Heart Of The Beast,2026,David Ayer,"Acción, Aventura","Un ex soldado herido y su perro militar luchan por sobrevivir en la naturaleza salvaje de Alaska. Enfrentando frío, soledad y peligros constantes, su vínculo será clave para regresar a casa.",https://es.web.img3.acsta.net/c_160_213/img/06/8b/068b23e941178cfd676278b44064f0e9.jpg,https://www.youtube.com/watch?v=Rh24D89hFMg,6.4,7.3,85.0,94.0,Cinesa Diagonal Mar,2026-10-13T22:00:00+02:00,,,,Digital,,unknown,"Tarifa variable; seleccionar cine, fecha y sesión",https://www.publicine.net/cartelera-cine/barcelona/cinesa-diagonal-mar,https://web.cinesa.es/compra/butacas/?showtimeId=032-59288,2026-10-08T06:57:49.911074+00:00
Digger,Digger,2026,Alejandro González Iñárritu,"Acción, Comedia","El hombre más poderoso del mundo provoca un desastre que amenaza a la humanidad. Para redimirse, emprende una misión arriesgada con el objetivo de convertirse en su salvador.",https://es.web.img3.acsta.net/c_160_213/img/0f/c9/0fc9092d6e2afd046417684533c535c4.jpg,https://www.youtube.com/watch?v=xU2jWSsaWY0,6.4,,,,Cinesa SOM Multiespai,2026-10-13T22:00:00+02:00,,,,Digital,,unknown,"Tarifa variable; seleccionar cine, fecha y sesión",https://www.publicine.net/cartelera-cine/barcelona/cinesa-som-multiespai-heron-city,https://web.cinesa.es/compra/butacas/?showtimeId=017-61030,2026-10-08T06:57:56.221234+00:00
Resident Evil,Resident Evil,2026,Zach Cregger,"Ciencia ficción, Suspense, Terror","Bryan, un mensajero médico, se ve atrapado inesperadamente en una noche de caos en la que la ciudad empieza a colapsar por una amenaza desconocida. Obligado a sobrevivir, deberá enfrentarse a una peligrosa carrera llena de acción mientras intenta escapar del horror que se desata a su alrededor.",https://es.web.img3.acsta.net/c_160_213/img/40/92/4092e505c00d28878024f17b01002c9c.jpg,https://www.filmaffinity.com/es/evideos.php?movie_id=579353,7.0,7.6,96.0,91.0,Cinesa Diagonal,2026-10-13T22:05:00+02:00,VO,,es,,,unknown,"Tarifa variable; seleccionar cine, fecha y sesión",https://www.publicine.net/cartelera-cine/barcelona/cinesa-diagonal,https://web.cinesa.es/compra/butacas/?showtimeId=012-55637,2026-10-08T06:57:43.478267+00:00
Resident Evil,Resident Evil,2026,Zach Cregger,"Ciencia ficción, Suspense, Terror","Bryan, un mensajero médico, se ve atrapado inesperadamente en una noche de caos en la que la ciudad empieza a colapsar por una amenaza desconocida. Obligado a sobrevivir, deberá enfrentarse a una peligrosa carrera llena de acción mientras intenta escapar del horror que se desata a su alrededor.",https://es.web.img3.acsta.net/c_160_213/img/40/92/4092e505c00d28878024f17b01002c9c.jpg,https://www.filmaffinity.com/es/evideos.php?movie_id=579353,7.0,7.6,96.0,91.0,Cinesa Diagonal Mar,2026-10-13T22:20:00+02:00,,,,Digital,,unknown,"Tarifa variable; seleccionar cine, fecha y sesión",https://www.publicine.net/cartelera-cine/barcelona/cinesa-diagonal-mar,https://web.cinesa.es/compra/butacas/?showtimeId=032-59281,2026-10-08T06:57:49.911074+00:00
Digger,Digger,2026,Alejandro González Iñárritu,"Acción, Comedia","El hombre más poderoso del mundo provoca un desastre que amenaza a la humanidad. Para redimirse, emprende una misión arriesgada con el objetivo de convertirse en su salvador.",https://es.web.img3.acsta.net/c_160_213/img/0f/c9/0fc9092d6e2afd046417684533c535c4.jpg,https://www.youtube.com/watch?v=xU2jWSsaWY0,6.4,,,,Cine Yelmo Westfield La Maquinista,2026-10-13T22:20:00+02:00,,,,Digital,,unknown,Tarifa variable; consultar el pase de La Maquinista,https://www.publicine.net/cartelera-cine/barcelona/yelmo-westfield-la-maquinista,https://www.publicine.net/venda/16322/59/aHR0cHM6Ly9jaW5lLmVudHJhZGFzLmNvbS9jaW5lL2JhcmNlbG9uYS9jaW5lLXllbG1vLXdlc3RmaWVsZC1sYS1tYXF1aW5pc3RhL2V2ZW50by80NjgyNy9kaWdnZXI/bW9kZT13aWRnZXQmY2hhbmdlPTAmcmVmPTc0NA,2026-10-08T06:58:01.153187+00:00
Digger,Digger,2026,Alejandro González Iñárritu,"Acción, Comedia","El hombre más poderoso del mundo provoca un desastre que amenaza a la humanidad. Para redimirse, emprende una misión arriesgada con el objetivo de convertirse en su salvador.",https://es.web.img3.acsta.net/c_160_213/img/0f/c9/0fc9092d6e2afd046417684533c535c4.jpg,https://www.youtube.com/watch?v=xU2jWSsaWY0,6.4,,,,Cinesa Diagonal,2026-10-13T22:25:00+02:00,VO,,es,,,unknown,"Tarifa variable; seleccionar cine, fecha y sesión",https://www.publicine.net/cartelera-cine/barcelona/cinesa-diagonal,https://web.cinesa.es/compra/butacas/?showtimeId=012-55634,2026-10-08T06:57:43.478267+00:00
Resident Evil,Resident Evil,2026,Zach Cregger,"Ciencia ficción, Suspense, Terror","Bryan, un mensajero médico, se ve atrapado inesperadamente en una noche de caos en la que la ciudad empieza a colapsar por una amenaza desconocida. Obligado a sobrevivir, deberá enfrentarse a una peligrosa carrera llena de acción mientras intenta escapar del horror que se desata a su alrededor.",https://es.web.img3.acsta.net/c_160_213/img/40/92/4092e505c00d28878024f17b01002c9c.jpg,https://www.filmaffinity.com/es/evideos.php?movie_id=579353,7.0,7.6,96.0,91.0,Cinesa SOM Multiespai,2026-10-13T22:25:00+02:00,,,,Digital,,unknown,"Tarifa variable; seleccionar cine, fecha y sesión",https://www.publicine.net/cartelera-cine/barcelona/cinesa-som-multiespai-heron-city,https://web.cinesa.es/compra/butacas/?showtimeId=017-61031,2026-10-08T06:57:56.221234+00:00
Verity. La sombra de un engaño,Verity,2026,Michael Showalter,"Thriller, Drama","Lowen Ashleigh es contratada como escritora fantasma por Jeremy Crawford para escribir las novelas de su esposa Verity, autora de bestsellers, impedida tras un accidente. Lowen descubre las inquietantes verdades de Verity mientras reside en casa de los Crawford para trabajar. (FILMAFFINITY)",https://pics.filmaffinity.com/verity-273395489-large.jpg,https://www.filmaffinity.com/es/evideos.php?movie_id=740344,5.3,6.0,33.0,71.0,Cine Yelmo Westfield La Maquinista,2026-10-13T22:25:00+02:00,,,,Digital,,unknown,Tarifa variable; consultar el pase de La Maquinista,https://www.publicine.net/cartelera-cine/barcelona/yelmo-westfield-la-maquinista,https://cine.entradas.com/cine/barcelona/cine-yelmo-westfield-la-maquinista/evento/46805/verity-la-sombra-de-un-engano?mode=widget&change=0&ref=744,2026-10-08T06:58:01.153187+00:00
Resident Evil,Resident Evil,2026,Zach Cregger,"Ciencia ficción, Suspense, Terror","Bryan, un mensajero médico, se ve atrapado inesperadamente en una noche de caos en la que la ciudad empieza a colapsar por una amenaza desconocida. Obligado a sobrevivir, deberá enfrentarse a una peligrosa carrera llena de acción mientras intenta escapar del horror que se desata a su alrededor.",https://es.web.img3.acsta.net/c_160_213/img/40/92/4092e505c00d28878024f17b01002c9c.jpg,https://www.filmaffinity.com/es/evideos.php?movie_id=579353,7.0,7.6,96.0,91.0,Cine Yelmo Westfield La Maquinista,2026-10-13T22:40:00+02:00,,,,Digital,,unknown,Tarifa variable; consultar el pase de La Maquinista,https://www.publicine.net/cartelera-cine/barcelona/yelmo-westfield-la-maquinista,https://cine.entradas.com/cine/barcelona/cine-yelmo-westfield-la-maquinista/evento/46809/resident-evil?mode=widget&change=0&ref=744,2026-10-08T06:58:01.153187+00:00
Insidious. Fuera Del Más Allá,Insidious: Out of the Further,2026,Jacob Chase,Terror,"Gemma, una joven madre, descubre que puede viajar a un oscuro plano espiritual y traer entidades de vuelta al mundo real. Cuando fuerzas malignas detectan su poder, convierten la realidad en su terreno para desatar el caos.",https://www.publicine.net/img/pel/full/16457f_insidious-fuera-del-mas-alla.webp,https://www.youtube.com/watch?v=qAv9sb9DmJQ,5.5,6.1,57.0,68.0,Cine Yelmo Westfield La Maquinista,2026-10-13T22:45:00+02:00,,,,Digital,,unknown,Tarifa variable; consultar el pase de La Maquinista,https://www.publicine.net/cartelera-cine/barcelona/yelmo-westfield-la-maquinista,https://cine.entradas.com/cine/barcelona/cine-yelmo-westfield-la-maquinista/evento/46829/insidious-fuera-del-mas-alla?mode=widget&change=0&ref=744,2026-10-08T06:58:01.153187+00:00
BONNIE Y CLYDE,Bonnie and Clyde,1967,Arthur Penn,"Acción, Drama, Thriller",Bonnie Parker y Clyde Barrow son una pareja de delincuentes que recorre los Estados Unidos asaltando bancos. Su forma de actuar contra las autoridades y de favorecer a los más castigados por la Gran Depresión les convirtieron en verdaderas estrellas de la época a pesar de ser unos criminales. Proyección en VOSE,https://phenomena-experience.com/obj/LCinesD_dat/eventos/JPg000ee.jpg,https://www.filmaffinity.com/es/evideos.php?movie_id=893610,7.3,7.7,91.0,88.0,Phenomena Experience,2026-10-14T15:30:00+02:00,VO,,es,,10.0,published,Precio según pase; consultar la ficha de la película,https://phenomena-experience.com/index?pag=cartelera,https://www.reservaentradas.com/entrada/barcelona/phenomenaexperience/bonnie-y-clyde-proyeccion-en-vose/13587/,2026-10-08T06:57:05.017772+00:00
En el corazón de la bestia,Heart Of The Beast,2026,David Ayer,"Acción, Aventura","Un ex soldado herido y su perro militar luchan por sobrevivir en la naturaleza salvaje de Alaska. Enfrentando frío, soledad y peligros constantes, su vínculo será clave para regresar a casa.",https://es.web.img3.acsta.net/c_160_213/img/06/8b/068b23e941178cfd676278b44064f0e9.jpg,https://www.youtube.com/watch?v=Rh24D89hFMg,6.4,7.3,85.0,94.0,Cinesa Diagonal Mar,2026-10-14T15:45:00+02:00,,,,Digital,,unknown,"Tarifa variable; seleccionar cine, fecha y sesión",https://www.publicine.net/cartelera-cine/barcelona/cinesa-diagonal-mar,https://web.cinesa.es/compra/butacas/?showtimeId=032-59291,2026-10-08T06:57:49.911074+00:00
La Odisea,The Odyssey,2026,Christopher Nolan,"Acción, Fantasía","Tras la guerra de Troya, Odiseo se enfrenta un peligroso viaje de 10 años para regresar a Ítaca, superando dioses, monstruos y desafíos épicos. Mientras tanto, su esposa Penélope resiste a los pretendientes que amenazan su reino.",https://es.web.img3.acsta.net/c_160_213/img/1a/23/1a238e79ea26da69c2ff751c232c60e3.png,https://www.youtube.com/watch?v=NUIIc9gZOcQ,7.6,8.4,,,Cinesa Diagonal Mar,2026-10-14T15:45:00+02:00,,,,IMAX,,unknown,"Tarifa variable; seleccionar cine, fecha y sesión",https://www.publicine.net/cartelera-cine/barcelona/cinesa-diagonal-mar,https://web.cinesa.es/compra/butacas/?showtimeId=032-59292,2026-10-08T06:57:49.911074+00:00
LA BOLA NEGRA,La bola negra,2026,"Javier Ambrossi, Javier Calvo",Drama,"ESTRENO EL VIERNES 25 DE SEPTIEMBRE. Las vidas interconectadas de tres hombres en tres épocas distintas. Tres existencias íntimamente ligadas por la sexualidad y el deseo, el dolor y la herencia; y una de las últimas obras, inacabada, de Federico García Lorca. Proyección en Dolby Atmos y 4K",https://phenomena-experience.com/obj/LCinesD_dat/eventos/JPg000fb.jpg,https://www.youtube.com/watch?v=nXkdGP4VVWI,,8.0,92.0,,Cinesa Diagonal,2026-10-14T15:50:00+02:00,,,,Digital,,unknown,"Tarifa variable; seleccionar cine, fecha y sesión",https://www.publicine.net/cartelera-cine/barcelona/cinesa-diagonal,https://web.cinesa.es/compra/butacas/?showtimeId=012-55642,2026-10-08T06:57:43.478267+00:00
Verity. La sombra de un engaño,Verity,2026,Michael Showalter,"Thriller, Drama","Lowen Ashleigh es contratada como escritora fantasma por Jeremy Crawford para escribir las novelas de su esposa Verity, autora de bestsellers, impedida tras un accidente. Lowen descubre las inquietantes verdades de Verity mientras reside en casa de los Crawford para trabajar. (FILMAFFINITY)",https://pics.filmaffinity.com/verity-273395489-large.jpg,https://www.filmaffinity.com/es/evideos.php?movie_id=740344,5.3,6.0,33.0,71.0,Cinesa Diagonal Mar,2026-10-14T16:00:00+02:00,,,,Digital,,unknown,"Tarifa variable; seleccionar cine, fecha y sesión",https://www.publicine.net/cartelera-cine/barcelona/cinesa-diagonal-mar,https://web.cinesa.es/compra/butacas/?showtimeId=032-59302,2026-10-08T06:57:49.911074+00:00
HOMENATGE A CATALUNYA,,2025,Frédéric Goldbronn,,"Homenatge a Catalunya és el llibre de George Orwell en el qual explica el seu compromís amb la revolució i la Guerra Civil Espanyola. El documental és una obra plena d’imatges que procedeixen majoritàriament dels informes dels anarquistes de la CNT. En tornar a mostrar aquestes imatges, la pel·lícula ens permet compartir l’experiència d’Orwell a Espanya a través d’una mirada cinematogràfica.",https://espaitexas.cat/wp-content/uploads/2026/09/poster-homenatge-a-catalunya-bcn-film-fest-page-0001.jpg,,,,,,Espai Texas — Cinemes Texas,2026-10-14T16:00:00+02:00,VO,fr,ca,,,unknown,Lunes–viernes 6€; jueves del espectador 4€; fin de semana 8€,https://espaitexas.cat/pelicula/homenatge-a-catalunya/,https://espaitexas.koobin.cat/ca/homenatge-a-catalunya-vosc-20261014-1600?_gl=1%2A1kuudc5%2A_gcl_au%2AMTk0Mjg3NzUwMi4xNzg0MjI2NDQ1LjExNDA2ODA3MTcuMTc4OTA2NTA0OC4xNzg5MDY1MDc1LjExNzQwODQ5MjIuMTc4OTA2NTA0OC4xNzg5MDY1MDc1%2A_ga%2ANjkyNDIyMjkzLjE2OTg0MTgwOTI.%2A_ga_6LFH4SLL4V%2AczE3OTEzODk0NDgkbzE5MTMkZzEkdDE3OTEzOTExMzkkajU2JGwwJGg1MTYzOTk2NjA.,2026-10-08T06:57:06.571211+00:00
LA INVASIÓ DELS BÀRBARS,La invasió dels bàrbars,2025,Vicent Monsonís,Drama,"València, 1939. Esperanza és conservadora d’art i responsable de les obres del Museu de Prado traslladades a València durant la guerra per a protegir-les dels bombardejos feixistes. Acabada la guerra, Esperanza és detinguda i interrogada per un tinent franquista sobre un quadre de la col·lecció del Prat que no apareix. El seu títol: La invasió dels bàrbars.  80 anys després, l’Aurora s’enfronta a l’alcalde d’un poble pròxim a València per l’exhumació d’una fossa del franquisme descoberta en el seu terme municipal.",https://espaitexas.cat/wp-content/uploads/2026/09/mv5bodeymmnlndmtoge1ny00zty0ltg5ntityzm3ognjzdkwmwjkxkeyxkfqcgcx.-v1-.jpg,https://www.filmaffinity.com/es/evideos.php?movie_id=492711,7.2,7.5,,,Espai Texas — Cinemes Texas,2026-10-14T16:00:00+02:00,VO,ca,,,,unknown,Lunes–viernes 6€; jueves del espectador 4€; fin de semana 8€,https://espaitexas.cat/pelicula/la-invasio-dels-barbars/,https://espaitexas.koobin.cat/ca/la-invasio-dels-barbars-vo-20261014-0000,2026-10-08T06:57:26.397369+00:00
Resident Evil,Resident Evil,2026,Zach Cregger,"Ciencia ficción, Suspense, Terror","Bryan, un mensajero médico, se ve atrapado inesperadamente en una noche de caos en la que la ciudad empieza a colapsar por una amenaza desconocida. Obligado a sobrevivir, deberá enfrentarse a una peligrosa carrera llena de acción mientras intenta escapar del horror que se desata a su alrededor.",https://es.web.img3.acsta.net/c_160_213/img/40/92/4092e505c00d28878024f17b01002c9c.jpg,https://www.filmaffinity.com/es/evideos.php?movie_id=579353,7.0,7.6,96.0,91.0,Cine Yelmo Westfield La Maquinista,2026-10-14T16:05:00+02:00,,,,Digital,,unknown,Tarifa variable; consultar el pase de La Maquinista,https://www.publicine.net/cartelera-cine/barcelona/yelmo-westfield-la-maquinista,https://cine.entradas.com/cine/barcelona/cine-yelmo-westfield-la-maquinista/evento/46752/resident-evil?mode=widget&change=0&ref=744,2026-10-08T06:58:01.153187+00:00
LA BOLA NEGRA,La bola negra,2026,"Javier Ambrossi, Javier Calvo",Drama,"ESTRENO EL VIERNES 25 DE SEPTIEMBRE. Las vidas interconectadas de tres hombres en tres épocas distintas. Tres existencias íntimamente ligadas por la sexualidad y el deseo, el dolor y la herencia; y una de las últimas obras, inacabada, de Federico García Lorca. Proyección en Dolby Atmos y 4K",https://phenomena-experience.com/obj/LCinesD_dat/eventos/JPg000fb.jpg,https://www.youtube.com/watch?v=nXkdGP4VVWI,,8.0,92.0,,Cinesa Diagonal Mar,2026-10-14T16:15:00+02:00,,,,Digital,,unknown,"Tarifa variable; seleccionar cine, fecha y sesión",https://www.publicine.net/cartelera-cine/barcelona/cinesa-diagonal-mar,https://web.cinesa.es/compra/butacas/?showtimeId=032-59295,2026-10-08T06:57:49.911074+00:00
LA BOLA NEGRA,La bola negra,2026,"Javier Ambrossi, Javier Calvo",Drama,"ESTRENO EL VIERNES 25 DE SEPTIEMBRE. Las vidas interconectadas de tres hombres en tres épocas distintas. Tres existencias íntimamente ligadas por la sexualidad y el deseo, el dolor y la herencia; y una de las últimas obras, inacabada, de Federico García Lorca. Proyección en Dolby Atmos y 4K",https://phenomena-experience.com/obj/LCinesD_dat/eventos/JPg000fb.jpg,https://www.youtube.com/watch?v=nXkdGP4VVWI,,8.0,92.0,,Cinesa SOM Multiespai,2026-10-14T16:15:00+02:00,,,,Digital,,unknown,"Tarifa variable; seleccionar cine, fecha y sesión",https://www.publicine.net/cartelera-cine/barcelona/cinesa-som-multiespai-heron-city,https://web.cinesa.es/compra/butacas/?showtimeId=017-61047,2026-10-08T06:57:56.221234+00:00
LA BOLA NEGRA,La bola negra,2026,"Javier Ambrossi, Javier Calvo",Drama,"ESTRENO EL VIERNES 25 DE SEPTIEMBRE. Las vidas interconectadas de tres hombres en tres épocas distintas. Tres existencias íntimamente ligadas por la sexualidad y el deseo, el dolor y la herencia; y una de las últimas obras, inacabada, de Federico García Lorca. Proyección en Dolby Atmos y 4K",https://phenomena-experience.com/obj/LCinesD_dat/eventos/JPg000fb.jpg,https://www.youtube.com/watch?v=nXkdGP4VVWI,,8.0,92.0,,Cine Yelmo Westfield La Maquinista,2026-10-14T16:25:00+02:00,,,,Digital,,unknown,Tarifa variable; consultar el pase de La Maquinista,https://www.publicine.net/cartelera-cine/barcelona/yelmo-westfield-la-maquinista,https://cine.entradas.com/cine/barcelona/cine-yelmo-westfield-la-maquinista/evento/46760/la-bola-negra?mode=widget&change=0&ref=744,2026-10-08T06:58:01.153187+00:00
Vengadores Endgame: Encore,,,"Joe Russo, Anthony Russo","Aventuras, Fantástico","El grave curso de los acontecimientos puesto en marcha por Thanos, el Titán loco, obliga a los Vengadores y a sus aliados a tomar una última posición para restaurar el orden en el universo al precio que sea.",https://www.publicine.net/img/pel/full/16350f_vengadores-endgame-encore.webp,https://www.youtube.com/watch?v=kJeJTYHUtW0,,,,,Cine Yelmo Westfield La Maquinista,2026-10-14T16:25:00+02:00,,,,Digital,,unknown,Tarifa variable; consultar el pase de La Maquinista,https://www.publicine.net/cartelera-cine/barcelona/yelmo-westfield-la-maquinista,https://cine.entradas.com/cine/barcelona/cine-yelmo-westfield-la-maquinista/evento/46744/vengadores-endgame-encore?mode=widget&change=0&ref=744,2026-10-08T06:58:01.153187+00:00
En el corazón de la bestia,Heart Of The Beast,2026,David Ayer,"Acción, Aventura","Un ex soldado herido y su perro militar luchan por sobrevivir en la naturaleza salvaje de Alaska. Enfrentando frío, soledad y peligros constantes, su vínculo será clave para regresar a casa.",https://es.web.img3.acsta.net/c_160_213/img/06/8b/068b23e941178cfd676278b44064f0e9.jpg,https://www.youtube.com/watch?v=Rh24D89hFMg,6.4,7.3,85.0,94.0,Cine Yelmo Westfield La Maquinista,2026-10-14T16:35:00+02:00,,,,Digital,,unknown,Tarifa variable; consultar el pase de La Maquinista,https://www.publicine.net/cartelera-cine/barcelona/yelmo-westfield-la-maquinista,https://cine.entradas.com/cine/barcelona/cine-yelmo-westfield-la-maquinista/evento/46759/en-el-corazon-de-la-bestia?mode=widget&change=0&ref=744,2026-10-08T06:58:01.153187+00:00
En el corazón de la bestia,Heart Of The Beast,2026,David Ayer,"Acción, Aventura","Un ex soldado herido y su perro militar luchan por sobrevivir en la naturaleza salvaje de Alaska. Enfrentando frío, soledad y peligros constantes, su vínculo será clave para regresar a casa.",https://es.web.img3.acsta.net/c_160_213/img/06/8b/068b23e941178cfd676278b44064f0e9.jpg,https://www.youtube.com/watch?v=Rh24D89hFMg,6.4,7.3,85.0,94.0,Cinesa Diagonal,2026-10-14T16:40:00+02:00,,,,Digital,,unknown,"Tarifa variable; seleccionar cine, fecha y sesión",https://www.publicine.net/cartelera-cine/barcelona/cinesa-diagonal,https://web.cinesa.es/compra/butacas/?showtimeId=012-55652,2026-10-08T06:57:43.478267+00:00
Verity. La sombra de un engaño,Verity,2026,Michael Showalter,"Thriller, Drama","Lowen Ashleigh es contratada como escritora fantasma por Jeremy Crawford para escribir las novelas de su esposa Verity, autora de bestsellers, impedida tras un accidente. Lowen descubre las inquietantes verdades de Verity mientras reside en casa de los Crawford para trabajar. (FILMAFFINITY)",https://pics.filmaffinity.com/verity-273395489-large.jpg,https://www.filmaffinity.com/es/evideos.php?movie_id=740344,5.3,6.0,33.0,71.0,Cinesa SOM Multiespai,2026-10-14T16:45:00+02:00,,,,Digital,,unknown,"Tarifa variable; seleccionar cine, fecha y sesión",https://www.publicine.net/cartelera-cine/barcelona/cinesa-som-multiespai-heron-city,https://web.cinesa.es/compra/butacas/?showtimeId=017-61053,2026-10-08T06:57:56.221234+00:00
Verity. La sombra de un engaño,Verity,2026,Michael Showalter,"Thriller, Drama","Lowen Ashleigh es contratada como escritora fantasma por Jeremy Crawford para escribir las novelas de su esposa Verity, autora de bestsellers, impedida tras un accidente. Lowen descubre las inquietantes verdades de Verity mientras reside en casa de los Crawford para trabajar. (FILMAFFINITY)",https://pics.filmaffinity.com/verity-273395489-large.jpg,https://www.filmaffinity.com/es/evideos.php?movie_id=740344,5.3,6.0,33.0,71.0,Cinesa Diagonal,2026-10-14T16:50:00+02:00,,,,Digital,,unknown,"Tarifa variable; seleccionar cine, fecha y sesión",https://www.publicine.net/cartelera-cine/barcelona/cinesa-diagonal,https://web.cinesa.es/compra/butacas/?showtimeId=012-55654,2026-10-08T06:57:43.478267+00:00
En el corazón de la bestia,Heart Of The Beast,2026,David Ayer,"Acción, Aventura","Un ex soldado herido y su perro militar luchan por sobrevivir en la naturaleza salvaje de Alaska. Enfrentando frío, soledad y peligros constantes, su vínculo será clave para regresar a casa.",https://es.web.img3.acsta.net/c_160_213/img/06/8b/068b23e941178cfd676278b44064f0e9.jpg,https://www.youtube.com/watch?v=Rh24D89hFMg,6.4,7.3,85.0,94.0,Cinesa SOM Multiespai,2026-10-14T16:50:00+02:00,,,,Digital,,unknown,"Tarifa variable; seleccionar cine, fecha y sesión",https://www.publicine.net/cartelera-cine/barcelona/cinesa-som-multiespai-heron-city,https://web.cinesa.es/compra/butacas/?showtimeId=017-61055,2026-10-08T06:57:56.221234+00:00
Filibus,,1915,Mario Rocoroni,,"Canvis d'identitat, disfresses, una base d'operacions flotant i una heroïna desvergonyida.",,,,,,,Filmoteca de Catalunya — Sales Chomón i Laya,2026-10-14T17:00:00+02:00,,,,DCP,,unknown,General 4€; reducida 3€; programación infantil 2€,https://www.filmoteca.cat/web/ca/film/filibus,https://euromus.cultura.gencat.cat/filmoteca/venda/index.jsp?lang=1&nom_cache=FILMOTECA&property=FILMOTECA&codiActiv=960&codiCicle=64,2026-10-08T06:58:10.751417+00:00
Resident Evil,Resident Evil,2026,Zach Cregger,"Ciencia ficción, Suspense, Terror","Bryan, un mensajero médico, se ve atrapado inesperadamente en una noche de caos en la que la ciudad empieza a colapsar por una amenaza desconocida. Obligado a sobrevivir, deberá enfrentarse a una peligrosa carrera llena de acción mientras intenta escapar del horror que se desata a su alrededor.",https://es.web.img3.acsta.net/c_160_213/img/40/92/4092e505c00d28878024f17b01002c9c.jpg,https://www.filmaffinity.com/es/evideos.php?movie_id=579353,7.0,7.6,96.0,91.0,Cinesa SOM Multiespai,2026-10-14T17:10:00+02:00,,,,Digital,,unknown,"Tarifa variable; seleccionar cine, fecha y sesión",https://www.publicine.net/cartelera-cine/barcelona/cinesa-som-multiespai-heron-city,https://web.cinesa.es/compra/butacas/?showtimeId=017-61057,2026-10-08T06:57:56.221234+00:00
LA BOLA NEGRA,La bola negra,2026,"Javier Ambrossi, Javier Calvo",Drama,"ESTRENO EL VIERNES 25 DE SEPTIEMBRE. Las vidas interconectadas de tres hombres en tres épocas distintas. Tres existencias íntimamente ligadas por la sexualidad y el deseo, el dolor y la herencia; y una de las últimas obras, inacabada, de Federico García Lorca. Proyección en Dolby Atmos y 4K",https://phenomena-experience.com/obj/LCinesD_dat/eventos/JPg000fb.jpg,https://www.youtube.com/watch?v=nXkdGP4VVWI,,8.0,92.0,,Cinesa Diagonal,2026-10-14T17:15:00+02:00,,,,Digital,,unknown,"Tarifa variable; seleccionar cine, fecha y sesión",https://www.publicine.net/cartelera-cine/barcelona/cinesa-diagonal,https://web.cinesa.es/compra/butacas/?showtimeId=012-55658,2026-10-08T06:57:43.478267+00:00
LA BOLA NEGRA,La bola negra,2026,"Javier Ambrossi, Javier Calvo",Drama,"ESTRENO EL VIERNES 25 DE SEPTIEMBRE. Las vidas interconectadas de tres hombres en tres épocas distintas. Tres existencias íntimamente ligadas por la sexualidad y el deseo, el dolor y la herencia; y una de las últimas obras, inacabada, de Federico García Lorca. Proyección en Dolby Atmos y 4K",https://phenomena-experience.com/obj/LCinesD_dat/eventos/JPg000fb.jpg,https://www.youtube.com/watch?v=nXkdGP4VVWI,,8.0,92.0,,Cinesa Diagonal Mar,2026-10-14T17:15:00+02:00,,,,Digital,,unknown,"Tarifa variable; seleccionar cine, fecha y sesión",https://www.publicine.net/cartelera-cine/barcelona/cinesa-diagonal-mar,https://web.cinesa.es/compra/butacas/?showtimeId=032-59299,2026-10-08T06:57:49.911074+00:00
LA BOLA NEGRA,La bola negra,2026,"Javier Ambrossi, Javier Calvo",Drama,"ESTRENO EL VIERNES 25 DE SEPTIEMBRE. Las vidas interconectadas de tres hombres en tres épocas distintas. Tres existencias íntimamente ligadas por la sexualidad y el deseo, el dolor y la herencia; y una de las últimas obras, inacabada, de Federico García Lorca. Proyección en Dolby Atmos y 4K",https://phenomena-experience.com/obj/LCinesD_dat/eventos/JPg000fb.jpg,https://www.youtube.com/watch?v=nXkdGP4VVWI,,8.0,92.0,,Cinesa SOM Multiespai,2026-10-14T17:15:00+02:00,,,,Digital,,unknown,"Tarifa variable; seleccionar cine, fecha y sesión",https://www.publicine.net/cartelera-cine/barcelona/cinesa-som-multiespai-heron-city,https://web.cinesa.es/compra/butacas/?showtimeId=017-61059,2026-10-08T06:57:56.221234+00:00
LA BOLA NEGRA,La bola negra,2026,"Javier Ambrossi, Javier Calvo",Drama,"ESTRENO EL VIERNES 25 DE SEPTIEMBRE. Las vidas interconectadas de tres hombres en tres épocas distintas. Tres existencias íntimamente ligadas por la sexualidad y el deseo, el dolor y la herencia; y una de las últimas obras, inacabada, de Federico García Lorca. Proyección en Dolby Atmos y 4K",https://phenomena-experience.com/obj/LCinesD_dat/eventos/JPg000fb.jpg,https://www.youtube.com/watch?v=nXkdGP4VVWI,,8.0,92.0,,Cine Yelmo Westfield La Maquinista,2026-10-14T17:15:00+02:00,,,,Digital,,unknown,Tarifa variable; consultar el pase de La Maquinista,https://www.publicine.net/cartelera-cine/barcelona/yelmo-westfield-la-maquinista,https://cine.entradas.com/cine/barcelona/cine-yelmo-westfield-la-maquinista/evento/46449/la-bola-negra?mode=widget&change=0&ref=744,2026-10-08T06:58:01.153187+00:00
LES CULPABLES,,2026,Marta Duran Lozano,,"Després d’anys de silenci sobre l’avortament que va viure d’adolescent, la Marta rep un centenar de testimonis anònims de dones que han viscut el mateix que ella. Portant aquestes històries a la pantalla, juntament amb sis noies que posen veu i rostre a aquests relats silenciats, obre un espai compartit on el que s’ha silenciat esdevé col·lectiu.",https://espaitexas.cat/wp-content/uploads/2026/09/aaff-lesculpables-cat-dina0-768x1084.jpg,,,,,,Espai Texas — Cinemes Texas,2026-10-14T17:20:00+02:00,VO,ca,,,,unknown,Lunes–viernes 6€; jueves del espectador 4€; fin de semana 8€,https://espaitexas.cat/pelicula/les-culpables/,https://espaitexas.koobin.cat/ca/les-culpables-vo-20261014-1720,2026-10-08T06:57:34.327232+00:00
Always Lalisa,Always Lalisa,2026,Sue Kim,Documental,"Documental que sigue a la superestrella mundial LISA durante un año transformador lejos de BLACKPINK, el fenómeno del K-pop que la convirtió en una de las artistas más reconocidas del mundo. El documental recoge un año de riesgos, reinvención y autodescubrimiento, mientras LISA comienza a definir su próxima etapa.",https://pics.filmaffinity.com/always_lalisa-195670178-large.jpg,https://www.filmaffinity.com/es/evideos.php?movie_id=181951,,7.4,,,Mooby Arenas de Barcelona,2026-10-14T17:30:00+02:00,,,,,,unknown,"L–J laborables 9€; mié./jue. 6,50€; vie./sáb./festivos 10€",https://www.filmaffinity.com/es/theater-showtimes.php?id=501,https://moobycinemas-arenas.admit-one.eu/?p=tickets&perfCode=191654&language=esp&theatre=24,2026-09-21T09:17:45.870590+02:00
Verity. La sombra de un engaño,Verity,2026,Michael Showalter,"Thriller, Drama","Lowen Ashleigh es contratada como escritora fantasma por Jeremy Crawford para escribir las novelas de su esposa Verity, autora de bestsellers, impedida tras un accidente. Lowen descubre las inquietantes verdades de Verity mientras reside en casa de los Crawford para trabajar. (FILMAFFINITY)",https://pics.filmaffinity.com/verity-273395489-large.jpg,https://www.filmaffinity.com/es/evideos.php?movie_id=740344,5.3,6.0,33.0,71.0,Cine Yelmo Westfield La Maquinista,2026-10-14T17:30:00+02:00,,,,Digital,,unknown,Tarifa variable; consultar el pase de La Maquinista,https://www.publicine.net/cartelera-cine/barcelona/yelmo-westfield-la-maquinista,https://cine.entradas.com/cine/barcelona/cine-yelmo-westfield-la-maquinista/evento/46748/verity-la-sombra-de-un-engano?mode=widget&change=0&ref=744,2026-10-08T06:58:01.153187+00:00
Resident Evil,Resident Evil,2026,Zach Cregger,"Ciencia ficción, Suspense, Terror","Bryan, un mensajero médico, se ve atrapado inesperadamente en una noche de caos en la que la ciudad empieza a colapsar por una amenaza desconocida. Obligado a sobrevivir, deberá enfrentarse a una peligrosa carrera llena de acción mientras intenta escapar del horror que se desata a su alrededor.",https://es.web.img3.acsta.net/c_160_213/img/40/92/4092e505c00d28878024f17b01002c9c.jpg,https://www.filmaffinity.com/es/evideos.php?movie_id=579353,7.0,7.6,96.0,91.0,Cinesa Diagonal Mar,2026-10-14T17:45:00+02:00,,,,Digital,,unknown,"Tarifa variable; seleccionar cine, fecha y sesión",https://www.publicine.net/cartelera-cine/barcelona/cinesa-diagonal-mar,https://web.cinesa.es/compra/butacas/?showtimeId=032-59300,2026-10-08T06:57:49.911074+00:00
Always Lalisa,Always Lalisa,2026,Sue Kim,Documental,"Documental que sigue a la superestrella mundial LISA durante un año transformador lejos de BLACKPINK, el fenómeno del K-pop que la convirtió en una de las artistas más reconocidas del mundo. El documental recoge un año de riesgos, reinvención y autodescubrimiento, mientras LISA comienza a definir su próxima etapa.",https://pics.filmaffinity.com/always_lalisa-195670178-large.jpg,https://www.filmaffinity.com/es/evideos.php?movie_id=181951,,7.4,,,Mooby Glòries,2026-10-14T17:45:00+02:00,,,,,,unknown,"L–J laborables 9€; mié./jue. 6,50€; vie./sáb./festivos 10€",https://www.filmaffinity.com/es/theater-showtimes.php?id=226,https://moobycinemas-glorias.admit-one.eu/?p=tickets&perfCode=120531&language=esp&theatre=25,2026-09-21T09:17:45.870590+02:00
Coyote vs. ACME,Coyote vs. Acme,2026,Dave Green,"Animación, Aventura, Comedia","Cansado de que los productos defectuosos de Acme arruinen sus planes, el Coyote contrata a un abogado para demandar a la corporación, ahora dirigida por un despiadado exjefe de su defensor. Juntos forjarán una inesperada amistad mientras luchan en los tribunales.",https://es.web.img3.acsta.net/c_160_213/img/18/4e/184e275eb73de363b01c7c3637407fcd.jpg,https://www.filmaffinity.com/es/evideos.php?movie_id=523116,6.7,7.4,96.0,94.0,Cine Yelmo Westfield La Maquinista,2026-10-14T17:45:00+02:00,,,,Digital,,unknown,Tarifa variable; consultar el pase de La Maquinista,https://www.publicine.net/cartelera-cine/barcelona/yelmo-westfield-la-maquinista,https://cine.entradas.com/cine/barcelona/cine-yelmo-westfield-la-maquinista/evento/46765/coyote-vs-acme?mode=widget&change=0&ref=744,2026-10-08T06:58:01.153187+00:00
Digger,Digger,2026,Alejandro González Iñárritu,"Acción, Comedia","El hombre más poderoso del mundo provoca un desastre que amenaza a la humanidad. Para redimirse, emprende una misión arriesgada con el objetivo de convertirse en su salvador.",https://es.web.img3.acsta.net/c_160_213/img/0f/c9/0fc9092d6e2afd046417684533c535c4.jpg,https://www.youtube.com/watch?v=xU2jWSsaWY0,6.4,,,,Phenomena Experience,2026-10-14T17:50:00+02:00,VO,,es,Dolby Atmos,12.0,published,Precio según pase; consultar la ficha de la película,https://phenomena-experience.com/index?pag=cartelera,https://www.reservaentradas.com/entrada/barcelona/phenomenaexperience/digger-proyeccion-en-dolby-atmos-y-vose/13598/,2026-10-08T06:57:05.017772+00:00
"Mahmoud Darwich: et la terre, comme la langue...",,1998,Simone Bitton,,"El poeta palestí Mahmoud Darwich és un dels poetes més grans del segle XX, traduït a desenes de llengües i recitat de memòria per multituds. Entre entrevistes i fragments de recitals captats en directe, el film s’endinsa en la cadència inimitable dels seus versos i construeix el retrat d’un home que va fer de la paraula la seva única pàtria possible.",,,,,,,Filmoteca de Catalunya — Sales Chomón i Laya,2026-10-14T18:00:00+02:00,VO,,ca,Digital,,unknown,General 4€; reducida 3€; programación infantil 2€,https://www.filmoteca.cat/web/ca/film/mahmoud-darwich-et-la-terre-comme-la-langue,https://euromus.cultura.gencat.cat/filmoteca/venda/index.jsp?lang=1&nom_cache=FILMOTECA&property=FILMOTECA&codiActiv=1022&codiCicle=3,2026-10-08T06:58:13.134889+00:00
LA BOLA NEGRA,La bola negra,2026,"Javier Ambrossi, Javier Calvo",Drama,"ESTRENO EL VIERNES 25 DE SEPTIEMBRE. Las vidas interconectadas de tres hombres en tres épocas distintas. Tres existencias íntimamente ligadas por la sexualidad y el deseo, el dolor y la herencia; y una de las últimas obras, inacabada, de Federico García Lorca. Proyección en Dolby Atmos y 4K",https://phenomena-experience.com/obj/LCinesD_dat/eventos/JPg000fb.jpg,https://www.youtube.com/watch?v=nXkdGP4VVWI,,8.0,92.0,,Cinesa Diagonal,2026-10-14T18:15:00+02:00,,,,Digital,,unknown,"Tarifa variable; seleccionar cine, fecha y sesión",https://www.publicine.net/cartelera-cine/barcelona/cinesa-diagonal,https://web.cinesa.es/compra/butacas/?showtimeId=012-55341,2026-10-08T06:57:43.478267+00:00
LA BOLA NEGRA,La bola negra,2026,"Javier Ambrossi, Javier Calvo",Drama,"ESTRENO EL VIERNES 25 DE SEPTIEMBRE. Las vidas interconectadas de tres hombres en tres épocas distintas. Tres existencias íntimamente ligadas por la sexualidad y el deseo, el dolor y la herencia; y una de las últimas obras, inacabada, de Federico García Lorca. Proyección en Dolby Atmos y 4K",https://phenomena-experience.com/obj/LCinesD_dat/eventos/JPg000fb.jpg,https://www.youtube.com/watch?v=nXkdGP4VVWI,,8.0,92.0,,Cinesa Diagonal Mar,2026-10-14T18:15:00+02:00,,,,Digital,,unknown,"Tarifa variable; seleccionar cine, fecha y sesión",https://www.publicine.net/cartelera-cine/barcelona/cinesa-diagonal-mar,https://web.cinesa.es/compra/butacas/?showtimeId=032-58969,2026-10-08T06:57:49.911074+00:00
LA BOLA NEGRA,La bola negra,2026,"Javier Ambrossi, Javier Calvo",Drama,"ESTRENO EL VIERNES 25 DE SEPTIEMBRE. Las vidas interconectadas de tres hombres en tres épocas distintas. Tres existencias íntimamente ligadas por la sexualidad y el deseo, el dolor y la herencia; y una de las últimas obras, inacabada, de Federico García Lorca. Proyección en Dolby Atmos y 4K",https://phenomena-experience.com/obj/LCinesD_dat/eventos/JPg000fb.jpg,https://www.youtube.com/watch?v=nXkdGP4VVWI,,8.0,92.0,,Cinesa SOM Multiespai,2026-10-14T18:15:00+02:00,,,,Digital,,unknown,"Tarifa variable; seleccionar cine, fecha y sesión",https://www.publicine.net/cartelera-cine/barcelona/cinesa-som-multiespai-heron-city,https://web.cinesa.es/compra/butacas/?showtimeId=017-60732,2026-10-08T06:57:56.221234+00:00
ESCAPE ROOM 2,Escape Room 2,2026,Hèctor Claramunt,"Comedia, Thriller, Intriga","Cinc anys després, l’Edu, la Marina, la Viky i en Rai tornen a coincidir misteriosament en un nou local de moda situat a la part alta de la muntanya de Montjuïc, on antigament es trobava el parc d’atraccions. No trigaran a adonar-se que aquell establiment no és el que sembla. Aviat aniran a parar a una antiga atracció, un túnel del terror que havia quedat soterrat, on apareix un comptador acompanyat d’un missatge amenaçador que els resulta inquietantment familiar: tenen 60 minuts per a sortir o moriran.",https://espaitexas.cat/wp-content/uploads/2026/10/6a9fc286373b2.jpg,https://www.filmaffinity.com/es/evideos.php?movie_id=903140,,,,,Espai Texas — Cinemes Texas,2026-10-14T18:15:00+02:00,VO,ca,,,,unknown,Lunes–viernes 6€; jueves del espectador 4€; fin de semana 8€,https://espaitexas.cat/pelicula/escape-room-2/,https://espaitexas.koobin.cat/ca/escape-room-2-vo-20261012-0000,2026-10-08T06:57:24.326842+00:00
Resident Evil,Resident Evil,2026,Zach Cregger,"Ciencia ficción, Suspense, Terror","Bryan, un mensajero médico, se ve atrapado inesperadamente en una noche de caos en la que la ciudad empieza a colapsar por una amenaza desconocida. Obligado a sobrevivir, deberá enfrentarse a una peligrosa carrera llena de acción mientras intenta escapar del horror que se desata a su alrededor.",https://es.web.img3.acsta.net/c_160_213/img/40/92/4092e505c00d28878024f17b01002c9c.jpg,https://www.filmaffinity.com/es/evideos.php?movie_id=579353,7.0,7.6,96.0,91.0,Cine Yelmo Westfield La Maquinista,2026-10-14T18:15:00+02:00,,,,Digital,,unknown,Tarifa variable; consultar el pase de La Maquinista,https://www.publicine.net/cartelera-cine/barcelona/yelmo-westfield-la-maquinista,https://cine.entradas.com/cine/barcelona/cine-yelmo-westfield-la-maquinista/evento/46751/resident-evil?mode=widget&change=0&ref=744,2026-10-08T06:58:01.153187+00:00
Digger,Digger,2026,Alejandro González Iñárritu,"Acción, Comedia","El hombre más poderoso del mundo provoca un desastre que amenaza a la humanidad. Para redimirse, emprende una misión arriesgada con el objetivo de convertirse en su salvador.",https://es.web.img3.acsta.net/c_160_213/img/0f/c9/0fc9092d6e2afd046417684533c535c4.jpg,https://www.youtube.com/watch?v=xU2jWSsaWY0,6.4,,,,Cinesa SOM Multiespai,2026-10-14T18:30:00+02:00,,,,Digital,,unknown,"Tarifa variable; seleccionar cine, fecha y sesión",https://www.publicine.net/cartelera-cine/barcelona/cinesa-som-multiespai-heron-city,https://web.cinesa.es/compra/butacas/?showtimeId=017-61039,2026-10-08T06:57:56.221234+00:00
LA BOLA NEGRA,La bola negra,2026,"Javier Ambrossi, Javier Calvo",Drama,"ESTRENO EL VIERNES 25 DE SEPTIEMBRE. Las vidas interconectadas de tres hombres en tres épocas distintas. Tres existencias íntimamente ligadas por la sexualidad y el deseo, el dolor y la herencia; y una de las últimas obras, inacabada, de Federico García Lorca. Proyección en Dolby Atmos y 4K",https://phenomena-experience.com/obj/LCinesD_dat/eventos/JPg000fb.jpg,https://www.youtube.com/watch?v=nXkdGP4VVWI,,8.0,92.0,,Cine Yelmo Westfield La Maquinista,2026-10-14T18:30:00+02:00,,,,Digital,,unknown,Tarifa variable; consultar el pase de La Maquinista,https://www.publicine.net/cartelera-cine/barcelona/yelmo-westfield-la-maquinista,https://cine.entradas.com/cine/barcelona/cine-yelmo-westfield-la-maquinista/evento/46769/la-bola-negra?mode=widget&change=0&ref=744,2026-10-08T06:58:01.153187+00:00
Verity. La sombra de un engaño,Verity,2026,Michael Showalter,"Thriller, Drama","Lowen Ashleigh es contratada como escritora fantasma por Jeremy Crawford para escribir las novelas de su esposa Verity, autora de bestsellers, impedida tras un accidente. Lowen descubre las inquietantes verdades de Verity mientras reside en casa de los Crawford para trabajar. (FILMAFFINITY)",https://pics.filmaffinity.com/verity-273395489-large.jpg,https://www.filmaffinity.com/es/evideos.php?movie_id=740344,5.3,6.0,33.0,71.0,Cinesa Diagonal Mar,2026-10-14T18:40:00+02:00,VO,,es,,,unknown,"Tarifa variable; seleccionar cine, fecha y sesión",https://www.publicine.net/cartelera-cine/barcelona/cinesa-diagonal-mar,https://web.cinesa.es/compra/butacas/?showtimeId=032-59314,2026-10-08T06:57:49.911074+00:00
Verity. La sombra de un engaño,Verity,2026,Michael Showalter,"Thriller, Drama","Lowen Ashleigh es contratada como escritora fantasma por Jeremy Crawford para escribir las novelas de su esposa Verity, autora de bestsellers, impedida tras un accidente. Lowen descubre las inquietantes verdades de Verity mientras reside en casa de los Crawford para trabajar. (FILMAFFINITY)",https://pics.filmaffinity.com/verity-273395489-large.jpg,https://www.filmaffinity.com/es/evideos.php?movie_id=740344,5.3,6.0,33.0,71.0,Cinesa Diagonal,2026-10-14T18:45:00+02:00,,,,Digital,,unknown,"Tarifa variable; seleccionar cine, fecha y sesión",https://www.publicine.net/cartelera-cine/barcelona/cinesa-diagonal,https://web.cinesa.es/compra/butacas/?showtimeId=012-55666,2026-10-08T06:57:43.478267+00:00
En el corazón de la bestia,Heart Of The Beast,2026,David Ayer,"Acción, Aventura","Un ex soldado herido y su perro militar luchan por sobrevivir en la naturaleza salvaje de Alaska. Enfrentando frío, soledad y peligros constantes, su vínculo será clave para regresar a casa.",https://es.web.img3.acsta.net/c_160_213/img/06/8b/068b23e941178cfd676278b44064f0e9.jpg,https://www.youtube.com/watch?v=Rh24D89hFMg,6.4,7.3,85.0,94.0,Cine Yelmo Westfield La Maquinista,2026-10-14T18:50:00+02:00,,,,Digital,,unknown,Tarifa variable; consultar el pase de La Maquinista,https://www.publicine.net/cartelera-cine/barcelona/yelmo-westfield-la-maquinista,https://cine.entradas.com/cine/barcelona/cine-yelmo-westfield-la-maquinista/evento/46768/en-el-corazon-de-la-bestia?mode=widget&change=0&ref=744,2026-10-08T06:58:01.153187+00:00
LA FURGO,La furgo,2025,Eloy Calvo,"Drama, Comedia","L’ Ós (Pol López), un home divorciat de 45 anys, viu amb la seva filla de 6 anys en una furgoneta a Barcelona mentre intenta reconstruir la seva vida. Acompanyat per un grup de personatges peculiars, tracta de recuperar estabilitat, però les noces del seu ex el porten al límit. La Furgo és un emotiu drama humà sobre la precarietat, la identitat i la cerca de segones oportunitats.",https://espaitexas.cat/wp-content/uploads/2025/06/lafurgo-poster-esp-45-72ppp-srgb-768x960.jpg,https://www.filmaffinity.com/es/evideos.php?movie_id=719973,5.5,5.9,,,Espai Texas — Cinemes Texas,2026-10-14T19:00:00+02:00,VO,ca,,,,unknown,Lunes–viernes 6€; jueves del espectador 4€; fin de semana 8€,https://espaitexas.cat/pelicula/la-furgo/,https://espaitexas.koobin.cat/ca/la-furgo-vo-20261014-1900,2026-10-08T06:57:38.362668+00:00
LA BOLA NEGRA,La bola negra,2026,"Javier Ambrossi, Javier Calvo",Drama,"ESTRENO EL VIERNES 25 DE SEPTIEMBRE. Las vidas interconectadas de tres hombres en tres épocas distintas. Tres existencias íntimamente ligadas por la sexualidad y el deseo, el dolor y la herencia; y una de las últimas obras, inacabada, de Federico García Lorca. Proyección en Dolby Atmos y 4K",https://phenomena-experience.com/obj/LCinesD_dat/eventos/JPg000fb.jpg,https://www.youtube.com/watch?v=nXkdGP4VVWI,,8.0,92.0,,Cinesa SOM Multiespai,2026-10-14T19:05:00+02:00,,,,Digital,,unknown,"Tarifa variable; seleccionar cine, fecha y sesión",https://www.publicine.net/cartelera-cine/barcelona/cinesa-som-multiespai-heron-city,https://web.cinesa.es/compra/butacas/?showtimeId=017-61072,2026-10-08T06:57:56.221234+00:00
En el corazón de la bestia,Heart Of The Beast,2026,David Ayer,"Acción, Aventura","Un ex soldado herido y su perro militar luchan por sobrevivir en la naturaleza salvaje de Alaska. Enfrentando frío, soledad y peligros constantes, su vínculo será clave para regresar a casa.",https://es.web.img3.acsta.net/c_160_213/img/06/8b/068b23e941178cfd676278b44064f0e9.jpg,https://www.youtube.com/watch?v=Rh24D89hFMg,6.4,7.3,85.0,94.0,Cinesa Diagonal,2026-10-14T19:10:00+02:00,,,,Digital,,unknown,"Tarifa variable; seleccionar cine, fecha y sesión",https://www.publicine.net/cartelera-cine/barcelona/cinesa-diagonal,https://web.cinesa.es/compra/butacas/?showtimeId=012-55668,2026-10-08T06:57:43.478267+00:00
Digger,Digger,2026,Alejandro González Iñárritu,"Acción, Comedia","El hombre más poderoso del mundo provoca un desastre que amenaza a la humanidad. Para redimirse, emprende una misión arriesgada con el objetivo de convertirse en su salvador.",https://es.web.img3.acsta.net/c_160_213/img/0f/c9/0fc9092d6e2afd046417684533c535c4.jpg,https://www.youtube.com/watch?v=xU2jWSsaWY0,6.4,,,,Cinesa Diagonal Mar,2026-10-14T19:10:00+02:00,,,,IMAX,,unknown,"Tarifa variable; seleccionar cine, fecha y sesión",https://www.publicine.net/cartelera-cine/barcelona/cinesa-diagonal-mar,https://web.cinesa.es/compra/butacas/?showtimeId=032-59305,2026-10-08T06:57:49.911074+00:00
LA BOLA NEGRA,La bola negra,2026,"Javier Ambrossi, Javier Calvo",Drama,"ESTRENO EL VIERNES 25 DE SEPTIEMBRE. Las vidas interconectadas de tres hombres en tres épocas distintas. Tres existencias íntimamente ligadas por la sexualidad y el deseo, el dolor y la herencia; y una de las últimas obras, inacabada, de Federico García Lorca. Proyección en Dolby Atmos y 4K",https://phenomena-experience.com/obj/LCinesD_dat/eventos/JPg000fb.jpg,https://www.youtube.com/watch?v=nXkdGP4VVWI,,8.0,92.0,,Cinesa Diagonal,2026-10-14T19:15:00+02:00,,,,Digital,,unknown,"Tarifa variable; seleccionar cine, fecha y sesión",https://www.publicine.net/cartelera-cine/barcelona/cinesa-diagonal,https://web.cinesa.es/compra/butacas/?showtimeId=012-55670,2026-10-08T06:57:43.478267+00:00
LA BOLA NEGRA,La bola negra,2026,"Javier Ambrossi, Javier Calvo",Drama,"ESTRENO EL VIERNES 25 DE SEPTIEMBRE. Las vidas interconectadas de tres hombres en tres épocas distintas. Tres existencias íntimamente ligadas por la sexualidad y el deseo, el dolor y la herencia; y una de las últimas obras, inacabada, de Federico García Lorca. Proyección en Dolby Atmos y 4K",https://phenomena-experience.com/obj/LCinesD_dat/eventos/JPg000fb.jpg,https://www.youtube.com/watch?v=nXkdGP4VVWI,,8.0,92.0,,Cinesa Diagonal Mar,2026-10-14T19:15:00+02:00,,,,Digital,,unknown,"Tarifa variable; seleccionar cine, fecha y sesión",https://www.publicine.net/cartelera-cine/barcelona/cinesa-diagonal-mar,https://web.cinesa.es/compra/butacas/?showtimeId=032-59306,2026-10-08T06:57:49.911074+00:00
En el corazón de la bestia,Heart Of The Beast,2026,David Ayer,"Acción, Aventura","Un ex soldado herido y su perro militar luchan por sobrevivir en la naturaleza salvaje de Alaska. Enfrentando frío, soledad y peligros constantes, su vínculo será clave para regresar a casa.",https://es.web.img3.acsta.net/c_160_213/img/06/8b/068b23e941178cfd676278b44064f0e9.jpg,https://www.youtube.com/watch?v=Rh24D89hFMg,6.4,7.3,85.0,94.0,Cinesa SOM Multiespai,2026-10-14T19:15:00+02:00,,,,Digital,,unknown,"Tarifa variable; seleccionar cine, fecha y sesión",https://www.publicine.net/cartelera-cine/barcelona/cinesa-som-multiespai-heron-city,https://web.cinesa.es/compra/butacas/?showtimeId=017-61074,2026-10-08T06:57:56.221234+00:00
Verity. La sombra de un engaño,Verity,2026,Michael Showalter,"Thriller, Drama","Lowen Ashleigh es contratada como escritora fantasma por Jeremy Crawford para escribir las novelas de su esposa Verity, autora de bestsellers, impedida tras un accidente. Lowen descubre las inquietantes verdades de Verity mientras reside en casa de los Crawford para trabajar. (FILMAFFINITY)",https://pics.filmaffinity.com/verity-273395489-large.jpg,https://www.filmaffinity.com/es/evideos.php?movie_id=740344,5.3,6.0,33.0,71.0,Cinesa SOM Multiespai,2026-10-14T19:20:00+02:00,,,,Digital,,unknown,"Tarifa variable; seleccionar cine, fecha y sesión",https://www.publicine.net/cartelera-cine/barcelona/cinesa-som-multiespai-heron-city,https://web.cinesa.es/compra/butacas/?showtimeId=017-61076,2026-10-08T06:57:56.221234+00:00
Digger,Digger,2026,Alejandro González Iñárritu,"Acción, Comedia","El hombre más poderoso del mundo provoca un desastre que amenaza a la humanidad. Para redimirse, emprende una misión arriesgada con el objetivo de convertirse en su salvador.",https://es.web.img3.acsta.net/c_160_213/img/0f/c9/0fc9092d6e2afd046417684533c535c4.jpg,https://www.youtube.com/watch?v=xU2jWSsaWY0,6.4,,,,Cinesa Diagonal,2026-10-14T19:30:00+02:00,,,,Digital,,unknown,"Tarifa variable; seleccionar cine, fecha y sesión",https://www.publicine.net/cartelera-cine/barcelona/cinesa-diagonal,https://web.cinesa.es/compra/butacas/?showtimeId=012-55672,2026-10-08T06:57:43.478267+00:00
En el corazón de la bestia,Heart Of The Beast,2026,David Ayer,"Acción, Aventura","Un ex soldado herido y su perro militar luchan por sobrevivir en la naturaleza salvaje de Alaska. Enfrentando frío, soledad y peligros constantes, su vínculo será clave para regresar a casa.",https://es.web.img3.acsta.net/c_160_213/img/06/8b/068b23e941178cfd676278b44064f0e9.jpg,https://www.youtube.com/watch?v=Rh24D89hFMg,6.4,7.3,85.0,94.0,Cinesa Diagonal Mar,2026-10-14T19:30:00+02:00,,,,Digital,,unknown,"Tarifa variable; seleccionar cine, fecha y sesión",https://www.publicine.net/cartelera-cine/barcelona/cinesa-diagonal-mar,https://web.cinesa.es/compra/butacas/?showtimeId=032-59307,2026-10-08T06:57:49.911074+00:00
Resident Evil,Resident Evil,2026,Zach Cregger,"Ciencia ficción, Suspense, Terror","Bryan, un mensajero médico, se ve atrapado inesperadamente en una noche de caos en la que la ciudad empieza a colapsar por una amenaza desconocida. Obligado a sobrevivir, deberá enfrentarse a una peligrosa carrera llena de acción mientras intenta escapar del horror que se desata a su alrededor.",https://es.web.img3.acsta.net/c_160_213/img/40/92/4092e505c00d28878024f17b01002c9c.jpg,https://www.filmaffinity.com/es/evideos.php?movie_id=579353,7.0,7.6,96.0,91.0,Cinesa SOM Multiespai,2026-10-14T19:30:00+02:00,,,,Digital,,unknown,"Tarifa variable; seleccionar cine, fecha y sesión",https://www.publicine.net/cartelera-cine/barcelona/cinesa-som-multiespai-heron-city,https://web.cinesa.es/compra/butacas/?showtimeId=017-61078,2026-10-08T06:57:56.221234+00:00
LA BOLA NEGRA,La bola negra,2026,"Javier Ambrossi, Javier Calvo",Drama,"ESTRENO EL VIERNES 25 DE SEPTIEMBRE. Las vidas interconectadas de tres hombres en tres épocas distintas. Tres existencias íntimamente ligadas por la sexualidad y el deseo, el dolor y la herencia; y una de las últimas obras, inacabada, de Federico García Lorca. Proyección en Dolby Atmos y 4K",https://phenomena-experience.com/obj/LCinesD_dat/eventos/JPg000fb.jpg,https://www.youtube.com/watch?v=nXkdGP4VVWI,,8.0,92.0,,Cine Yelmo Westfield La Maquinista,2026-10-14T19:40:00+02:00,,,,Digital,,unknown,Tarifa variable; consultar el pase de La Maquinista,https://www.publicine.net/cartelera-cine/barcelona/yelmo-westfield-la-maquinista,https://cine.entradas.com/cine/barcelona/cine-yelmo-westfield-la-maquinista/evento/46763/la-bola-negra?mode=widget&change=0&ref=744,2026-10-08T06:58:01.153187+00:00
Resident Evil,Resident Evil,2026,Zach Cregger,"Ciencia ficción, Suspense, Terror","Bryan, un mensajero médico, se ve atrapado inesperadamente en una noche de caos en la que la ciudad empieza a colapsar por una amenaza desconocida. Obligado a sobrevivir, deberá enfrentarse a una peligrosa carrera llena de acción mientras intenta escapar del horror que se desata a su alrededor.",https://es.web.img3.acsta.net/c_160_213/img/40/92/4092e505c00d28878024f17b01002c9c.jpg,https://www.filmaffinity.com/es/evideos.php?movie_id=579353,7.0,7.6,96.0,91.0,Cinesa Diagonal,2026-10-14T19:45:00+02:00,,,,Digital,,unknown,"Tarifa variable; seleccionar cine, fecha y sesión",https://www.publicine.net/cartelera-cine/barcelona/cinesa-diagonal,https://web.cinesa.es/compra/butacas/?showtimeId=012-55674,2026-10-08T06:57:43.478267+00:00
LA BOLA NEGRA,La bola negra,2026,"Javier Ambrossi, Javier Calvo",Drama,"ESTRENO EL VIERNES 25 DE SEPTIEMBRE. Las vidas interconectadas de tres hombres en tres épocas distintas. Tres existencias íntimamente ligadas por la sexualidad y el deseo, el dolor y la herencia; y una de las últimas obras, inacabada, de Federico García Lorca. Proyección en Dolby Atmos y 4K",https://phenomena-experience.com/obj/LCinesD_dat/eventos/JPg000fb.jpg,https://www.youtube.com/watch?v=nXkdGP4VVWI,,8.0,92.0,,Cinesa Diagonal Mar,2026-10-14T19:45:00+02:00,,,,Digital,,unknown,"Tarifa variable; seleccionar cine, fecha y sesión",https://www.publicine.net/cartelera-cine/barcelona/cinesa-diagonal-mar,https://web.cinesa.es/compra/butacas/?showtimeId=032-59308,2026-10-08T06:57:49.911074+00:00
LA BOLA NEGRA,La bola negra,2026,"Javier Ambrossi, Javier Calvo",Drama,"ESTRENO EL VIERNES 25 DE SEPTIEMBRE. Las vidas interconectadas de tres hombres en tres épocas distintas. Tres existencias íntimamente ligadas por la sexualidad y el deseo, el dolor y la herencia; y una de las últimas obras, inacabada, de Federico García Lorca. Proyección en Dolby Atmos y 4K",https://phenomena-experience.com/obj/LCinesD_dat/eventos/JPg000fb.jpg,https://www.youtube.com/watch?v=nXkdGP4VVWI,,8.0,92.0,,Cinesa SOM Multiespai,2026-10-14T19:45:00+02:00,,,,Digital,,unknown,"Tarifa variable; seleccionar cine, fecha y sesión",https://www.publicine.net/cartelera-cine/barcelona/cinesa-som-multiespai-heron-city,https://web.cinesa.es/compra/butacas/?showtimeId=017-61080,2026-10-08T06:57:56.221234+00:00
The Crystal Machine,,,,,"Una performance de cinema expandit en 16 mm que invita a entrar en un estat hipnòtic on la pel·lícula, la llum i l'ombra es troben per construir un espai de contemplació i alteració.",,,,,,,Zumzeig Cinecooperativa,2026-10-14T19:45:00+02:00,,,,,,unknown,"General 7,50€; miércoles no festivos 5,50€; reducida 6€; socias 4,50€",https://zumzeigcine.coop/cinema/films/the-crystal-machine/,https://www.codetickets.com/portal/zumzeigcooperativa/online/37487/101706,2026-10-08T06:57:30.877156+00:00
Verity. La sombra de un engaño,Verity,2026,Michael Showalter,"Thriller, Drama","Lowen Ashleigh es contratada como escritora fantasma por Jeremy Crawford para escribir las novelas de su esposa Verity, autora de bestsellers, impedida tras un accidente. Lowen descubre las inquietantes verdades de Verity mientras reside en casa de los Crawford para trabajar. (FILMAFFINITY)",https://pics.filmaffinity.com/verity-273395489-large.jpg,https://www.filmaffinity.com/es/evideos.php?movie_id=740344,5.3,6.0,33.0,71.0,Cine Yelmo Westfield La Maquinista,2026-10-14T19:55:00+02:00,,,,Digital,,unknown,Tarifa variable; consultar el pase de La Maquinista,https://www.publicine.net/cartelera-cine/barcelona/yelmo-westfield-la-maquinista,https://cine.entradas.com/cine/barcelona/cine-yelmo-westfield-la-maquinista/evento/46747/verity-la-sombra-de-un-engano?mode=widget&change=0&ref=744,2026-10-08T06:58:01.153187+00:00
Cronos,Cronos,2026,Fernando González Molina,"Drama, Suspense","La película sigue la operación Cronos, activada tras el atentado en Las Ramblas, durante cuatro días de tensión y confusión. La misión culmina con la captura del último terrorista, dejando heridas abiertas y un país marcado por el miedo y la frustración.",https://es.web.img3.acsta.net/c_160_213/img/68/13/6813bcb516cf8f5787c00a1d9a5ea6b0.jpg,https://www.youtube.com/watch?v=XymFT_jUeXY,6.2,6.7,,,Cine Yelmo Westfield La Maquinista,2026-10-14T19:55:00+02:00,,,,Digital,,unknown,Tarifa variable; consultar el pase de La Maquinista,https://www.publicine.net/cartelera-cine/barcelona/yelmo-westfield-la-maquinista,https://www.publicine.net/venda/18172/59/aHR0cHM6Ly9jaW5lLmVudHJhZGFzLmNvbS9jaW5lL2JhcmNlbG9uYS9jaW5lLXllbG1vLXdlc3RmaWVsZC1sYS1tYXF1aW5pc3RhL2V2ZW50by80Njc2NC9jcm9ub3M/bW9kZT13aWRnZXQmY2hhbmdlPTAmcmVmPTc0NA,2026-10-08T06:58:01.153187+00:00
Resident Evil,Resident Evil,2026,Zach Cregger,"Ciencia ficción, Suspense, Terror","Bryan, un mensajero médico, se ve atrapado inesperadamente en una noche de caos en la que la ciudad empieza a colapsar por una amenaza desconocida. Obligado a sobrevivir, deberá enfrentarse a una peligrosa carrera llena de acción mientras intenta escapar del horror que se desata a su alrededor.",https://es.web.img3.acsta.net/c_160_213/img/40/92/4092e505c00d28878024f17b01002c9c.jpg,https://www.filmaffinity.com/es/evideos.php?movie_id=579353,7.0,7.6,96.0,91.0,Cinesa Diagonal Mar,2026-10-14T20:00:00+02:00,VO,,es,,,unknown,"Tarifa variable; seleccionar cine, fecha y sesión",https://www.publicine.net/cartelera-cine/barcelona/cinesa-diagonal-mar,https://web.cinesa.es/compra/butacas/?showtimeId=032-59309,2026-10-08T06:57:49.911074+00:00
Trilogia de l'error,,,Àlex Brendemühl,,L’anomenada Trilogia de l’error representa l’única incursió de Brendemühl en la direcció cinematogràfica. Protagonitzada per personatges desorientats en situacions quotidianes que deriven cap a l’absurd i una comicitat incòmoda que neix dels malentesos i de la incapacitat de controlar les conseqüències dels propis actes tot convertint l’error en motor narratiu.,,,,,,,Filmoteca de Catalunya — Sales Chomón i Laya,2026-10-14T20:00:00+02:00,,,,,,unknown,General 4€; reducida 3€; programación infantil 2€,https://www.filmoteca.cat/web/ca/film/trilogia-de-lerror,https://euromus.cultura.gencat.cat/filmoteca/venda/index.jsp?lang=1&nom_cache=FILMOTECA&property=FILMOTECA&codiActiv=966&codiCicle=29,2026-10-08T06:58:18.516512+00:00
Always Lalisa,Always Lalisa,2026,Sue Kim,Documental,"Documental que sigue a la superestrella mundial LISA durante un año transformador lejos de BLACKPINK, el fenómeno del K-pop que la convirtió en una de las artistas más reconocidas del mundo. El documental recoge un año de riesgos, reinvención y autodescubrimiento, mientras LISA comienza a definir su próxima etapa.",https://pics.filmaffinity.com/always_lalisa-195670178-large.jpg,https://www.filmaffinity.com/es/evideos.php?movie_id=181951,,7.4,,,Cine Yelmo Westfield La Maquinista,2026-10-14T20:00:00+02:00,,,,Digital,,unknown,Tarifa variable; consultar el pase de La Maquinista,https://www.filmaffinity.com/es/theater-showtimes.php?id=220,https://www.awin1.com/cread.php?awinmid=24761&awinaffid=1474736&ued=https%3A%2F%2Fcine.entradas.com%2Fcine%2Fbarcelona%2Fcine-yelmo-westfield-la-maquinista%2Fevento%2F45509%2Falways-lalisa%3Fmode%3Dwidget%26change%3D0%26language%3DVOSE,2026-09-21T09:17:45.870590+02:00
ESCAPE ROOM 2,Escape Room 2,2026,Hèctor Claramunt,"Comedia, Thriller, Intriga","Cinc anys després, l’Edu, la Marina, la Viky i en Rai tornen a coincidir misteriosament en un nou local de moda situat a la part alta de la muntanya de Montjuïc, on antigament es trobava el parc d’atraccions. No trigaran a adonar-se que aquell establiment no és el que sembla. Aviat aniran a parar a una antiga atracció, un túnel del terror que havia quedat soterrat, on apareix un comptador acompanyat d’un missatge amenaçador que els resulta inquietantment familiar: tenen 60 minuts per a sortir o moriran.",https://espaitexas.cat/wp-content/uploads/2026/10/6a9fc286373b2.jpg,https://www.filmaffinity.com/es/evideos.php?movie_id=903140,,,,,Espai Texas — Cinemes Texas,2026-10-14T20:15:00+02:00,VO,ca,,,,unknown,Lunes–viernes 6€; jueves del espectador 4€; fin de semana 8€,https://espaitexas.cat/pelicula/escape-room-2/,https://espaitexas.koobin.cat/ca/escape-room-2-vo-20261014-0000,2026-10-08T06:57:24.326842+00:00
LA BOLA NEGRA,La bola negra,2026,"Javier Ambrossi, Javier Calvo",Drama,"ESTRENO EL VIERNES 25 DE SEPTIEMBRE. Las vidas interconectadas de tres hombres en tres épocas distintas. Tres existencias íntimamente ligadas por la sexualidad y el deseo, el dolor y la herencia; y una de las últimas obras, inacabada, de Federico García Lorca. Proyección en Dolby Atmos y 4K",https://phenomena-experience.com/obj/LCinesD_dat/eventos/JPg000fb.jpg,https://www.youtube.com/watch?v=nXkdGP4VVWI,,8.0,92.0,,Cine Yelmo Westfield La Maquinista,2026-10-14T20:25:00+02:00,,,,Digital,,unknown,Tarifa variable; consultar el pase de La Maquinista,https://www.publicine.net/cartelera-cine/barcelona/yelmo-westfield-la-maquinista,https://cine.entradas.com/cine/barcelona/cine-yelmo-westfield-la-maquinista/evento/46448/la-bola-negra?mode=widget&change=0&ref=744,2026-10-08T06:58:01.153187+00:00
Sesión de Cortometrajes - Otoño 2026,Sesión de Cortometrajes - Otoño 2026 VM,2026,,Short,"Los CINES VERDI de Barcelona se suman al apoyo del cine español y al impulso del ámbito del cortometraje. Apostamos por el cortometraje como género propio y de su exhibición en salas de cine. En esta ocasión, podremos disfrutar el miércoles 14 de octubre de una sesión especial con una selección de cortometrajes para comenzar el otoño y arrancar un nuevo curso con diversas historias, temáticas y puntos de vista. Al finalizar tendremos un coloquio y análisis con el público y los directores/equipos. La sesión consta de CINCO obras de cine de corta duración: - VENCEJOS de Manu Arzá y Álvar Alonso (29 minutos) - LA PÉRDIDA de Raúl Monge (22 minutos) - A LA CARA de Javier Marco y Belén Sánchez-Arévalo (15 minutos) - ANTITERMITAS de Alex Rey (3,5 minutos) - EN TORONTO NO PASAN ESTAS COSAS de Manuel Orellana (15 minutos) Duración: 85 minutos",https://www.bizcochito.es/img/tt114520-es-pos.webp,,,,,,Cinemes Verdi + Verdi Park,2026-10-14T20:30:00+02:00,,es,,,6.0,published,"Lunes 5,90€; martes–viernes 8,50€; sábados, domingos y festivos 10€",https://barcelona.cines-verdi.com/sesion-de-cortometrajes-otono-2026,https://verdibcn.admit-one.eu/seats/220051/,2026-09-14T21:23:44.125000+02:00
Always Lalisa,Always Lalisa,2026,Sue Kim,Documental,"Documental que sigue a la superestrella mundial LISA durante un año transformador lejos de BLACKPINK, el fenómeno del K-pop que la convirtió en una de las artistas más reconocidas del mundo. El documental recoge un año de riesgos, reinvención y autodescubrimiento, mientras LISA comienza a definir su próxima etapa.",https://pics.filmaffinity.com/always_lalisa-195670178-large.jpg,https://www.filmaffinity.com/es/evideos.php?movie_id=181951,,7.4,,,Cinesa SOM Multiespai,2026-10-14T20:35:00+02:00,VO,,es,,,unknown,"Tarifa variable; seleccionar cine, fecha y sesión",https://www.filmaffinity.com/es/theater-showtimes.php?id=219,https://web.cinesa.es/compra/butacas/?showtimeId=017-59302,2026-09-21T09:17:45.870590+02:00
LA BOLA NEGRA,La bola negra,2026,"Javier Ambrossi, Javier Calvo",Drama,"ESTRENO EL VIERNES 25 DE SEPTIEMBRE. Las vidas interconectadas de tres hombres en tres épocas distintas. Tres existencias íntimamente ligadas por la sexualidad y el deseo, el dolor y la herencia; y una de las últimas obras, inacabada, de Federico García Lorca. Proyección en Dolby Atmos y 4K",https://phenomena-experience.com/obj/LCinesD_dat/eventos/JPg000fb.jpg,https://www.youtube.com/watch?v=nXkdGP4VVWI,,8.0,92.0,,Phenomena Experience,2026-10-14T20:40:00+02:00,,,,"4K, Dolby Atmos, Digital",12.0,published,Precio según pase; consultar la ficha de la película,https://phenomena-experience.com/index?pag=cartelera,https://www.reservaentradas.com/entrada/barcelona/phenomenaexperience/la-bola-negra-proyeccion-en-dolby-atmos-y-4k/13599/,2026-10-08T06:57:05.017772+00:00
Resident Evil,Resident Evil,2026,Zach Cregger,"Ciencia ficción, Suspense, Terror","Bryan, un mensajero médico, se ve atrapado inesperadamente en una noche de caos en la que la ciudad empieza a colapsar por una amenaza desconocida. Obligado a sobrevivir, deberá enfrentarse a una peligrosa carrera llena de acción mientras intenta escapar del horror que se desata a su alrededor.",https://es.web.img3.acsta.net/c_160_213/img/40/92/4092e505c00d28878024f17b01002c9c.jpg,https://www.filmaffinity.com/es/evideos.php?movie_id=579353,7.0,7.6,96.0,91.0,Cine Yelmo Westfield La Maquinista,2026-10-14T20:40:00+02:00,,,,Digital,,unknown,Tarifa variable; consultar el pase de La Maquinista,https://www.publicine.net/cartelera-cine/barcelona/yelmo-westfield-la-maquinista,https://cine.entradas.com/cine/barcelona/cine-yelmo-westfield-la-maquinista/evento/46750/resident-evil?mode=widget&change=0&ref=744,2026-10-08T06:58:01.153187+00:00
LA BOLA NEGRA,La bola negra,2026,"Javier Ambrossi, Javier Calvo",Drama,"ESTRENO EL VIERNES 25 DE SEPTIEMBRE. Las vidas interconectadas de tres hombres en tres épocas distintas. Tres existencias íntimamente ligadas por la sexualidad y el deseo, el dolor y la herencia; y una de las últimas obras, inacabada, de Federico García Lorca. Proyección en Dolby Atmos y 4K",https://phenomena-experience.com/obj/LCinesD_dat/eventos/JPg000fb.jpg,https://www.youtube.com/watch?v=nXkdGP4VVWI,,8.0,92.0,,Cinesa Diagonal,2026-10-14T20:45:00+02:00,,,,Digital,,unknown,"Tarifa variable; seleccionar cine, fecha y sesión",https://www.publicine.net/cartelera-cine/barcelona/cinesa-diagonal,https://web.cinesa.es/compra/butacas/?showtimeId=012-55680,2026-10-08T06:57:43.478267+00:00
LA BOLA NEGRA,La bola negra,2026,"Javier Ambrossi, Javier Calvo",Drama,"ESTRENO EL VIERNES 25 DE SEPTIEMBRE. Las vidas interconectadas de tres hombres en tres épocas distintas. Tres existencias íntimamente ligadas por la sexualidad y el deseo, el dolor y la herencia; y una de las últimas obras, inacabada, de Federico García Lorca. Proyección en Dolby Atmos y 4K",https://phenomena-experience.com/obj/LCinesD_dat/eventos/JPg000fb.jpg,https://www.youtube.com/watch?v=nXkdGP4VVWI,,8.0,92.0,,Cinesa Diagonal Mar,2026-10-14T20:45:00+02:00,,,,Digital,,unknown,"Tarifa variable; seleccionar cine, fecha y sesión",https://www.publicine.net/cartelera-cine/barcelona/cinesa-diagonal-mar,https://web.cinesa.es/compra/butacas/?showtimeId=032-59311,2026-10-08T06:57:49.911074+00:00
LA BOLA NEGRA,La bola negra,2026,"Javier Ambrossi, Javier Calvo",Drama,"ESTRENO EL VIERNES 25 DE SEPTIEMBRE. Las vidas interconectadas de tres hombres en tres épocas distintas. Tres existencias íntimamente ligadas por la sexualidad y el deseo, el dolor y la herencia; y una de las últimas obras, inacabada, de Federico García Lorca. Proyección en Dolby Atmos y 4K",https://phenomena-experience.com/obj/LCinesD_dat/eventos/JPg000fb.jpg,https://www.youtube.com/watch?v=nXkdGP4VVWI,,8.0,92.0,,Cinesa SOM Multiespai,2026-10-14T20:45:00+02:00,,,,Digital,,unknown,"Tarifa variable; seleccionar cine, fecha y sesión",https://www.publicine.net/cartelera-cine/barcelona/cinesa-som-multiespai-heron-city,https://web.cinesa.es/compra/butacas/?showtimeId=017-61086,2026-10-08T06:57:56.221234+00:00
Mur,Mur,2004,Simone Bitton,,"Una meditació cinematogràfica sobre el conflicte israelianopalestí signada per una realitzadora que desafia les fronteres de l’odi reivindicant la seva doble identitat, jueva i àrab.",,,,6.6,,,Filmoteca de Catalunya — Sales Chomón i Laya,2026-10-14T21:00:00+02:00,VO,,ca,Digital,,unknown,General 4€; reducida 3€; programación infantil 2€,https://www.filmoteca.cat/web/ca/film/mur,https://euromus.cultura.gencat.cat/filmoteca/venda/index.jsp?lang=1&nom_cache=FILMOTECA&property=FILMOTECA&codiActiv=1022&codiCicle=5,2026-10-08T06:58:21.028360+00:00
En el corazón de la bestia,Heart Of The Beast,2026,David Ayer,"Acción, Aventura","Un ex soldado herido y su perro militar luchan por sobrevivir en la naturaleza salvaje de Alaska. Enfrentando frío, soledad y peligros constantes, su vínculo será clave para regresar a casa.",https://es.web.img3.acsta.net/c_160_213/img/06/8b/068b23e941178cfd676278b44064f0e9.jpg,https://www.youtube.com/watch?v=Rh24D89hFMg,6.4,7.3,85.0,94.0,Cine Yelmo Westfield La Maquinista,2026-10-14T21:05:00+02:00,,,,Digital,,unknown,Tarifa variable; consultar el pase de La Maquinista,https://www.publicine.net/cartelera-cine/barcelona/yelmo-westfield-la-maquinista,https://cine.entradas.com/cine/barcelona/cine-yelmo-westfield-la-maquinista/evento/46755/en-el-corazon-de-la-bestia?mode=widget&change=0&ref=744,2026-10-08T06:58:01.153187+00:00
Digger,Digger,2026,Alejandro González Iñárritu,"Acción, Comedia","El hombre más poderoso del mundo provoca un desastre que amenaza a la humanidad. Para redimirse, emprende una misión arriesgada con el objetivo de convertirse en su salvador.",https://es.web.img3.acsta.net/c_160_213/img/0f/c9/0fc9092d6e2afd046417684533c535c4.jpg,https://www.youtube.com/watch?v=xU2jWSsaWY0,6.4,,,,Cinesa Diagonal Mar,2026-10-14T21:10:00+02:00,,,,Digital,,unknown,"Tarifa variable; seleccionar cine, fecha y sesión",https://www.publicine.net/cartelera-cine/barcelona/cinesa-diagonal-mar,https://web.cinesa.es/compra/butacas/?showtimeId=032-59312,2026-10-08T06:57:49.911074+00:00
Vengadores Endgame: Encore,,,"Joe Russo, Anthony Russo","Aventuras, Fantástico","El grave curso de los acontecimientos puesto en marcha por Thanos, el Titán loco, obliga a los Vengadores y a sus aliados a tomar una última posición para restaurar el orden en el universo al precio que sea.",https://www.publicine.net/img/pel/full/16350f_vengadores-endgame-encore.webp,https://www.youtube.com/watch?v=kJeJTYHUtW0,,,,,Cine Yelmo Westfield La Maquinista,2026-10-14T21:15:00+02:00,,,,3D,,unknown,Tarifa variable; consultar el pase de La Maquinista,https://www.publicine.net/cartelera-cine/barcelona/yelmo-westfield-la-maquinista,https://cine.entradas.com/cine/barcelona/cine-yelmo-westfield-la-maquinista/evento/46754/vengadores-endgame-encore-infinity-vision?mode=widget&change=0&ref=744,2026-10-08T06:58:01.153187+00:00
Verity. La sombra de un engaño,Verity,2026,Michael Showalter,"Thriller, Drama","Lowen Ashleigh es contratada como escritora fantasma por Jeremy Crawford para escribir las novelas de su esposa Verity, autora de bestsellers, impedida tras un accidente. Lowen descubre las inquietantes verdades de Verity mientras reside en casa de los Crawford para trabajar. (FILMAFFINITY)",https://pics.filmaffinity.com/verity-273395489-large.jpg,https://www.filmaffinity.com/es/evideos.php?movie_id=740344,5.3,6.0,33.0,71.0,Cinesa Diagonal,2026-10-14T21:30:00+02:00,VO,,es,,,unknown,"Tarifa variable; seleccionar cine, fecha y sesión",https://www.publicine.net/cartelera-cine/barcelona/cinesa-diagonal,https://web.cinesa.es/compra/butacas/?showtimeId=012-55684,2026-10-08T06:57:43.478267+00:00
Verity. La sombra de un engaño,Verity,2026,Michael Showalter,"Thriller, Drama","Lowen Ashleigh es contratada como escritora fantasma por Jeremy Crawford para escribir las novelas de su esposa Verity, autora de bestsellers, impedida tras un accidente. Lowen descubre las inquietantes verdades de Verity mientras reside en casa de los Crawford para trabajar. (FILMAFFINITY)",https://pics.filmaffinity.com/verity-273395489-large.jpg,https://www.filmaffinity.com/es/evideos.php?movie_id=740344,5.3,6.0,33.0,71.0,Cinesa Diagonal Mar,2026-10-14T21:30:00+02:00,,,,Digital,,unknown,"Tarifa variable; seleccionar cine, fecha y sesión",https://www.publicine.net/cartelera-cine/barcelona/cinesa-diagonal-mar,https://web.cinesa.es/compra/butacas/?showtimeId=032-59293,2026-10-08T06:57:49.911074+00:00
En el corazón de la bestia,Heart Of The Beast,2026,David Ayer,"Acción, Aventura","Un ex soldado herido y su perro militar luchan por sobrevivir en la naturaleza salvaje de Alaska. Enfrentando frío, soledad y peligros constantes, su vínculo será clave para regresar a casa.",https://es.web.img3.acsta.net/c_160_213/img/06/8b/068b23e941178cfd676278b44064f0e9.jpg,https://www.youtube.com/watch?v=Rh24D89hFMg,6.4,7.3,85.0,94.0,Cinesa SOM Multiespai,2026-10-14T21:40:00+02:00,,,,Digital,,unknown,"Tarifa variable; seleccionar cine, fecha y sesión",https://www.publicine.net/cartelera-cine/barcelona/cinesa-som-multiespai-heron-city,https://web.cinesa.es/compra/butacas/?showtimeId=017-61094,2026-10-08T06:57:56.221234+00:00
LA BOLA NEGRA,La bola negra,2026,"Javier Ambrossi, Javier Calvo",Drama,"ESTRENO EL VIERNES 25 DE SEPTIEMBRE. Las vidas interconectadas de tres hombres en tres épocas distintas. Tres existencias íntimamente ligadas por la sexualidad y el deseo, el dolor y la herencia; y una de las últimas obras, inacabada, de Federico García Lorca. Proyección en Dolby Atmos y 4K",https://phenomena-experience.com/obj/LCinesD_dat/eventos/JPg000fb.jpg,https://www.youtube.com/watch?v=nXkdGP4VVWI,,8.0,92.0,,Cine Yelmo Westfield La Maquinista,2026-10-14T21:40:00+02:00,,,,Digital,,unknown,Tarifa variable; consultar el pase de La Maquinista,https://www.publicine.net/cartelera-cine/barcelona/yelmo-westfield-la-maquinista,https://cine.entradas.com/cine/barcelona/cine-yelmo-westfield-la-maquinista/evento/46773/la-bola-negra?mode=widget&change=0&ref=744,2026-10-08T06:58:01.153187+00:00
LA BOLA NEGRA,La bola negra,2026,"Javier Ambrossi, Javier Calvo",Drama,"ESTRENO EL VIERNES 25 DE SEPTIEMBRE. Las vidas interconectadas de tres hombres en tres épocas distintas. Tres existencias íntimamente ligadas por la sexualidad y el deseo, el dolor y la herencia; y una de las últimas obras, inacabada, de Federico García Lorca. Proyección en Dolby Atmos y 4K",https://phenomena-experience.com/obj/LCinesD_dat/eventos/JPg000fb.jpg,https://www.youtube.com/watch?v=nXkdGP4VVWI,,8.0,92.0,,Cinesa Diagonal,2026-10-14T21:45:00+02:00,,,,Digital,,unknown,"Tarifa variable; seleccionar cine, fecha y sesión",https://www.publicine.net/cartelera-cine/barcelona/cinesa-diagonal,https://web.cinesa.es/compra/butacas/?showtimeId=012-55342,2026-10-08T06:57:43.478267+00:00
LA BOLA NEGRA,La bola negra,2026,"Javier Ambrossi, Javier Calvo",Drama,"ESTRENO EL VIERNES 25 DE SEPTIEMBRE. Las vidas interconectadas de tres hombres en tres épocas distintas. Tres existencias íntimamente ligadas por la sexualidad y el deseo, el dolor y la herencia; y una de las últimas obras, inacabada, de Federico García Lorca. Proyección en Dolby Atmos y 4K",https://phenomena-experience.com/obj/LCinesD_dat/eventos/JPg000fb.jpg,https://www.youtube.com/watch?v=nXkdGP4VVWI,,8.0,92.0,,Cinesa Diagonal Mar,2026-10-14T21:45:00+02:00,,,,Digital,,unknown,"Tarifa variable; seleccionar cine, fecha y sesión",https://www.publicine.net/cartelera-cine/barcelona/cinesa-diagonal-mar,https://web.cinesa.es/compra/butacas/?showtimeId=032-58970,2026-10-08T06:57:49.911074+00:00
LA BOLA NEGRA,La bola negra,2026,"Javier Ambrossi, Javier Calvo",Drama,"ESTRENO EL VIERNES 25 DE SEPTIEMBRE. Las vidas interconectadas de tres hombres en tres épocas distintas. Tres existencias íntimamente ligadas por la sexualidad y el deseo, el dolor y la herencia; y una de las últimas obras, inacabada, de Federico García Lorca. Proyección en Dolby Atmos y 4K",https://phenomena-experience.com/obj/LCinesD_dat/eventos/JPg000fb.jpg,https://www.youtube.com/watch?v=nXkdGP4VVWI,,8.0,92.0,,Cinesa SOM Multiespai,2026-10-14T21:45:00+02:00,,,,Digital,,unknown,"Tarifa variable; seleccionar cine, fecha y sesión",https://www.publicine.net/cartelera-cine/barcelona/cinesa-som-multiespai-heron-city,https://web.cinesa.es/compra/butacas/?showtimeId=017-60731,2026-10-08T06:57:56.221234+00:00
La Odisea,The Odyssey,2026,Christopher Nolan,"Acción, Fantasía","Tras la guerra de Troya, Odiseo se enfrenta un peligroso viaje de 10 años para regresar a Ítaca, superando dioses, monstruos y desafíos épicos. Mientras tanto, su esposa Penélope resiste a los pretendientes que amenazan su reino.",https://es.web.img3.acsta.net/c_160_213/img/1a/23/1a238e79ea26da69c2ff751c232c60e3.png,https://www.youtube.com/watch?v=NUIIc9gZOcQ,7.6,8.4,,,Cinesa Diagonal Mar,2026-10-14T21:50:00+02:00,,,,IMAX,,unknown,"Tarifa variable; seleccionar cine, fecha y sesión",https://www.publicine.net/cartelera-cine/barcelona/cinesa-diagonal-mar,https://web.cinesa.es/compra/butacas/?showtimeId=032-59315,2026-10-08T06:57:49.911074+00:00
Verity. La sombra de un engaño,Verity,2026,Michael Showalter,"Thriller, Drama","Lowen Ashleigh es contratada como escritora fantasma por Jeremy Crawford para escribir las novelas de su esposa Verity, autora de bestsellers, impedida tras un accidente. Lowen descubre las inquietantes verdades de Verity mientras reside en casa de los Crawford para trabajar. (FILMAFFINITY)",https://pics.filmaffinity.com/verity-273395489-large.jpg,https://www.filmaffinity.com/es/evideos.php?movie_id=740344,5.3,6.0,33.0,71.0,Cinesa SOM Multiespai,2026-10-14T21:50:00+02:00,,,,Digital,,unknown,"Tarifa variable; seleccionar cine, fecha y sesión",https://www.publicine.net/cartelera-cine/barcelona/cinesa-som-multiespai-heron-city,https://web.cinesa.es/compra/butacas/?showtimeId=017-61097,2026-10-08T06:57:56.221234+00:00
En el corazón de la bestia,Heart Of The Beast,2026,David Ayer,"Acción, Aventura","Un ex soldado herido y su perro militar luchan por sobrevivir en la naturaleza salvaje de Alaska. Enfrentando frío, soledad y peligros constantes, su vínculo será clave para regresar a casa.",https://es.web.img3.acsta.net/c_160_213/img/06/8b/068b23e941178cfd676278b44064f0e9.jpg,https://www.youtube.com/watch?v=Rh24D89hFMg,6.4,7.3,85.0,94.0,Cinesa Diagonal,2026-10-14T22:00:00+02:00,VO,,es,,,unknown,"Tarifa variable; seleccionar cine, fecha y sesión",https://www.publicine.net/cartelera-cine/barcelona/cinesa-diagonal,https://web.cinesa.es/compra/butacas/?showtimeId=012-55686,2026-10-08T06:57:43.478267+00:00
En el corazón de la bestia,Heart Of The Beast,2026,David Ayer,"Acción, Aventura","Un ex soldado herido y su perro militar luchan por sobrevivir en la naturaleza salvaje de Alaska. Enfrentando frío, soledad y peligros constantes, su vínculo será clave para regresar a casa.",https://es.web.img3.acsta.net/c_160_213/img/06/8b/068b23e941178cfd676278b44064f0e9.jpg,https://www.youtube.com/watch?v=Rh24D89hFMg,6.4,7.3,85.0,94.0,Cinesa Diagonal Mar,2026-10-14T22:00:00+02:00,,,,Digital,,unknown,"Tarifa variable; seleccionar cine, fecha y sesión",https://www.publicine.net/cartelera-cine/barcelona/cinesa-diagonal-mar,https://web.cinesa.es/compra/butacas/?showtimeId=032-59316,2026-10-08T06:57:49.911074+00:00
Digger,Digger,2026,Alejandro González Iñárritu,"Acción, Comedia","El hombre más poderoso del mundo provoca un desastre que amenaza a la humanidad. Para redimirse, emprende una misión arriesgada con el objetivo de convertirse en su salvador.",https://es.web.img3.acsta.net/c_160_213/img/0f/c9/0fc9092d6e2afd046417684533c535c4.jpg,https://www.youtube.com/watch?v=xU2jWSsaWY0,6.4,,,,Cinesa SOM Multiespai,2026-10-14T22:00:00+02:00,,,,Digital,,unknown,"Tarifa variable; seleccionar cine, fecha y sesión",https://www.publicine.net/cartelera-cine/barcelona/cinesa-som-multiespai-heron-city,https://web.cinesa.es/compra/butacas/?showtimeId=017-61099,2026-10-08T06:57:56.221234+00:00
Resident Evil,Resident Evil,2026,Zach Cregger,"Ciencia ficción, Suspense, Terror","Bryan, un mensajero médico, se ve atrapado inesperadamente en una noche de caos en la que la ciudad empieza a colapsar por una amenaza desconocida. Obligado a sobrevivir, deberá enfrentarse a una peligrosa carrera llena de acción mientras intenta escapar del horror que se desata a su alrededor.",https://es.web.img3.acsta.net/c_160_213/img/40/92/4092e505c00d28878024f17b01002c9c.jpg,https://www.filmaffinity.com/es/evideos.php?movie_id=579353,7.0,7.6,96.0,91.0,Cinesa Diagonal,2026-10-14T22:05:00+02:00,VO,,es,,,unknown,"Tarifa variable; seleccionar cine, fecha y sesión",https://www.publicine.net/cartelera-cine/barcelona/cinesa-diagonal,https://web.cinesa.es/compra/butacas/?showtimeId=012-55688,2026-10-08T06:57:43.478267+00:00
Cronos,Cronos,2026,Fernando González Molina,"Drama, Suspense","La película sigue la operación Cronos, activada tras el atentado en Las Ramblas, durante cuatro días de tensión y confusión. La misión culmina con la captura del último terrorista, dejando heridas abiertas y un país marcado por el miedo y la frustración.",https://es.web.img3.acsta.net/c_160_213/img/68/13/6813bcb516cf8f5787c00a1d9a5ea6b0.jpg,https://www.youtube.com/watch?v=XymFT_jUeXY,6.2,6.7,,,Cine Yelmo Westfield La Maquinista,2026-10-14T22:15:00+02:00,,,,Digital,,unknown,Tarifa variable; consultar el pase de La Maquinista,https://www.publicine.net/cartelera-cine/barcelona/yelmo-westfield-la-maquinista,https://www.publicine.net/venda/18172/59/aHR0cHM6Ly9jaW5lLmVudHJhZGFzLmNvbS9jaW5lL2JhcmNlbG9uYS9jaW5lLXllbG1vLXdlc3RmaWVsZC1sYS1tYXF1aW5pc3RhL2V2ZW50by80Njc2Ny9jcm9ub3M/bW9kZT13aWRnZXQmY2hhbmdlPTAmcmVmPTc0NA,2026-10-08T06:58:01.153187+00:00
Resident Evil,Resident Evil,2026,Zach Cregger,"Ciencia ficción, Suspense, Terror","Bryan, un mensajero médico, se ve atrapado inesperadamente en una noche de caos en la que la ciudad empieza a colapsar por una amenaza desconocida. Obligado a sobrevivir, deberá enfrentarse a una peligrosa carrera llena de acción mientras intenta escapar del horror que se desata a su alrededor.",https://es.web.img3.acsta.net/c_160_213/img/40/92/4092e505c00d28878024f17b01002c9c.jpg,https://www.filmaffinity.com/es/evideos.php?movie_id=579353,7.0,7.6,96.0,91.0,Cinesa Diagonal Mar,2026-10-14T22:20:00+02:00,,,,Digital,,unknown,"Tarifa variable; seleccionar cine, fecha y sesión",https://www.publicine.net/cartelera-cine/barcelona/cinesa-diagonal-mar,https://web.cinesa.es/compra/butacas/?showtimeId=032-59317,2026-10-08T06:57:49.911074+00:00
Digger,Digger,2026,Alejandro González Iñárritu,"Acción, Comedia","El hombre más poderoso del mundo provoca un desastre que amenaza a la humanidad. Para redimirse, emprende una misión arriesgada con el objetivo de convertirse en su salvador.",https://es.web.img3.acsta.net/c_160_213/img/0f/c9/0fc9092d6e2afd046417684533c535c4.jpg,https://www.youtube.com/watch?v=xU2jWSsaWY0,6.4,,,,Cine Yelmo Westfield La Maquinista,2026-10-14T22:20:00+02:00,,,,Digital,,unknown,Tarifa variable; consultar el pase de La Maquinista,https://www.publicine.net/cartelera-cine/barcelona/yelmo-westfield-la-maquinista,https://www.publicine.net/venda/16322/59/aHR0cHM6Ly9jaW5lLmVudHJhZGFzLmNvbS9jaW5lL2JhcmNlbG9uYS9jaW5lLXllbG1vLXdlc3RmaWVsZC1sYS1tYXF1aW5pc3RhL2V2ZW50by80Njc3Mi9kaWdnZXI/bW9kZT13aWRnZXQmY2hhbmdlPTAmcmVmPTc0NA,2026-10-08T06:58:01.153187+00:00
Digger,Digger,2026,Alejandro González Iñárritu,"Acción, Comedia","El hombre más poderoso del mundo provoca un desastre que amenaza a la humanidad. Para redimirse, emprende una misión arriesgada con el objetivo de convertirse en su salvador.",https://es.web.img3.acsta.net/c_160_213/img/0f/c9/0fc9092d6e2afd046417684533c535c4.jpg,https://www.youtube.com/watch?v=xU2jWSsaWY0,6.4,,,,Cinesa Diagonal,2026-10-14T22:25:00+02:00,VO,,es,,,unknown,"Tarifa variable; seleccionar cine, fecha y sesión",https://www.publicine.net/cartelera-cine/barcelona/cinesa-diagonal,https://web.cinesa.es/compra/butacas/?showtimeId=012-55692,2026-10-08T06:57:43.478267+00:00
Resident Evil,Resident Evil,2026,Zach Cregger,"Ciencia ficción, Suspense, Terror","Bryan, un mensajero médico, se ve atrapado inesperadamente en una noche de caos en la que la ciudad empieza a colapsar por una amenaza desconocida. Obligado a sobrevivir, deberá enfrentarse a una peligrosa carrera llena de acción mientras intenta escapar del horror que se desata a su alrededor.",https://es.web.img3.acsta.net/c_160_213/img/40/92/4092e505c00d28878024f17b01002c9c.jpg,https://www.filmaffinity.com/es/evideos.php?movie_id=579353,7.0,7.6,96.0,91.0,Cinesa SOM Multiespai,2026-10-14T22:25:00+02:00,,,,Digital,,unknown,"Tarifa variable; seleccionar cine, fecha y sesión",https://www.publicine.net/cartelera-cine/barcelona/cinesa-som-multiespai-heron-city,https://web.cinesa.es/compra/butacas/?showtimeId=017-61101,2026-10-08T06:57:56.221234+00:00
Verity. La sombra de un engaño,Verity,2026,Michael Showalter,"Thriller, Drama","Lowen Ashleigh es contratada como escritora fantasma por Jeremy Crawford para escribir las novelas de su esposa Verity, autora de bestsellers, impedida tras un accidente. Lowen descubre las inquietantes verdades de Verity mientras reside en casa de los Crawford para trabajar. (FILMAFFINITY)",https://pics.filmaffinity.com/verity-273395489-large.jpg,https://www.filmaffinity.com/es/evideos.php?movie_id=740344,5.3,6.0,33.0,71.0,Cine Yelmo Westfield La Maquinista,2026-10-14T22:25:00+02:00,,,,Digital,,unknown,Tarifa variable; consultar el pase de La Maquinista,https://www.publicine.net/cartelera-cine/barcelona/yelmo-westfield-la-maquinista,https://cine.entradas.com/cine/barcelona/cine-yelmo-westfield-la-maquinista/evento/46753/verity-la-sombra-de-un-engano?mode=widget&change=0&ref=744,2026-10-08T06:58:01.153187+00:00
Resident Evil,Resident Evil,2026,Zach Cregger,"Ciencia ficción, Suspense, Terror","Bryan, un mensajero médico, se ve atrapado inesperadamente en una noche de caos en la que la ciudad empieza a colapsar por una amenaza desconocida. Obligado a sobrevivir, deberá enfrentarse a una peligrosa carrera llena de acción mientras intenta escapar del horror que se desata a su alrededor.",https://es.web.img3.acsta.net/c_160_213/img/40/92/4092e505c00d28878024f17b01002c9c.jpg,https://www.filmaffinity.com/es/evideos.php?movie_id=579353,7.0,7.6,96.0,91.0,Cine Yelmo Westfield La Maquinista,2026-10-14T22:40:00+02:00,,,,Digital,,unknown,Tarifa variable; consultar el pase de La Maquinista,https://www.publicine.net/cartelera-cine/barcelona/yelmo-westfield-la-maquinista,https://cine.entradas.com/cine/barcelona/cine-yelmo-westfield-la-maquinista/evento/46749/resident-evil?mode=widget&change=0&ref=744,2026-10-08T06:58:01.153187+00:00
Insidious. Fuera Del Más Allá,Insidious: Out of the Further,2026,Jacob Chase,Terror,"Gemma, una joven madre, descubre que puede viajar a un oscuro plano espiritual y traer entidades de vuelta al mundo real. Cuando fuerzas malignas detectan su poder, convierten la realidad en su terreno para desatar el caos.",https://www.publicine.net/img/pel/full/16457f_insidious-fuera-del-mas-alla.webp,https://www.youtube.com/watch?v=qAv9sb9DmJQ,5.5,6.1,57.0,68.0,Cine Yelmo Westfield La Maquinista,2026-10-14T22:45:00+02:00,,,,Digital,,unknown,Tarifa variable; consultar el pase de La Maquinista,https://www.publicine.net/cartelera-cine/barcelona/yelmo-westfield-la-maquinista,https://cine.entradas.com/cine/barcelona/cine-yelmo-westfield-la-maquinista/evento/46770/insidious-fuera-del-mas-alla?mode=widget&change=0&ref=744,2026-10-08T06:58:01.153187+00:00
LAS AVENTURAS DE JEREMIAH JOHNSON,Jeremiah Johnson,1972,Sydney Pollack,"Aventuras, Western","Durante la guerra de Intervención estadounidense en México, el soldado Jeremiah Johnson se dirige a las Montañas Rocosas con el propósito de abandonar la vida en las ciudades y cazar animales como osos y castores para más tarde vender sus pieles a buen precio. Emprende así la vida solitaria de los montañeses, en la que tiene que aprender a valerse por sí mismo y a subsistir con lo que encuentre en la naturaleza. Proyección en VOSE",https://phenomena-experience.com/obj/LCinesD_dat/eventos/JPg000g4.jpg,https://www.filmaffinity.com/es/evideos.php?movie_id=720038,7.6,7.6,92.0,89.0,Phenomena Experience,2026-10-15T15:40:00+02:00,VO,,es,,10.0,published,Precio según pase; consultar la ficha de la película,https://phenomena-experience.com/index?pag=cartelera,,2026-10-08T06:57:05.017772+00:00
L’Elisir d'amore (Wiener Staatsoper),L’Elisir d'amore (Wiener Staatsoper),,,Òpera,"Nemorino, un pagès senzill, està enamorat de la rica i capritxosa Adina, que el rebutja. Quan arriba el sergent Belcore i proposa matrimoni a Adina, Nemorino cau en la desesperació. Recorre al xerraire ambulant Dulcamara, que li ven un “elixir d'amor” (en realitat va venir barat). Animat per la beguda, Nemorino fingeix indiferència cap a Adina, despertant el seu interès, però quan el regiment rep l'ordre de partir, ella decideix casar-se immediatament amb Belcore.",https://www.bizcochito.es/img/tt113400-es-pos.webp,,,,,,Cinemes Girona,2026-10-15T16:00:00+02:00,VO,,es,,10.0,published,Lun./mar./jue. 7€; miércoles 5€; vie./sáb./dom. 9€; Atmos +1€,https://www.cinemesgirona.cat/lelisir-d-amore-wiener-staatsoper,https://girona.admit-one.eu/?p=tickets&perfCode=40509&language=CAT,2026-09-15T09:45:19.894000+02:00
ESCAPE ROOM 2,Escape Room 2,2026,Hèctor Claramunt,"Comedia, Thriller, Intriga","Cinc anys després, l’Edu, la Marina, la Viky i en Rai tornen a coincidir misteriosament en un nou local de moda situat a la part alta de la muntanya de Montjuïc, on antigament es trobava el parc d’atraccions. No trigaran a adonar-se que aquell establiment no és el que sembla. Aviat aniran a parar a una antiga atracció, un túnel del terror que havia quedat soterrat, on apareix un comptador acompanyat d’un missatge amenaçador que els resulta inquietantment familiar: tenen 60 minuts per a sortir o moriran.",https://espaitexas.cat/wp-content/uploads/2026/10/6a9fc286373b2.jpg,https://www.filmaffinity.com/es/evideos.php?movie_id=903140,,,,,Espai Texas — Cinemes Texas,2026-10-15T16:00:00+02:00,VO,ca,,,4.0,published,Lunes–viernes 6€; jueves del espectador 4€; fin de semana 8€,https://espaitexas.cat/pelicula/escape-room-2/,https://espaitexas.koobin.cat/ca/escape-room-2-vo-20261015-1630,2026-10-08T06:57:24.326842+00:00
LA INVASIÓ DELS BÀRBARS,La invasió dels bàrbars,2025,Vicent Monsonís,Drama,"València, 1939. Esperanza és conservadora d’art i responsable de les obres del Museu de Prado traslladades a València durant la guerra per a protegir-les dels bombardejos feixistes. Acabada la guerra, Esperanza és detinguda i interrogada per un tinent franquista sobre un quadre de la col·lecció del Prat que no apareix. El seu títol: La invasió dels bàrbars.  80 anys després, l’Aurora s’enfronta a l’alcalde d’un poble pròxim a València per l’exhumació d’una fossa del franquisme descoberta en el seu terme municipal.",https://espaitexas.cat/wp-content/uploads/2026/09/mv5bodeymmnlndmtoge1ny00zty0ltg5ntityzm3ognjzdkwmwjkxkeyxkfqcgcx.-v1-.jpg,https://www.filmaffinity.com/es/evideos.php?movie_id=492711,7.2,7.5,,,Espai Texas — Cinemes Texas,2026-10-15T16:00:00+02:00,VO,ca,,,5.0,published,Lunes–viernes 6€; jueves del espectador 4€; fin de semana 8€,https://espaitexas.cat/pelicula/la-invasio-dels-barbars/,https://espaitexas.koobin.cat/ca/la-invasio-dels-barbars-vo-20261015-0000,2026-10-08T06:57:26.397369+00:00
Stranger Than Paradise,Stranger than Paradise,1984,Jim Jarmusch,"Comedia, Drama","El paradís són els Estats Units; els estranys, tres emigrants hongaresos a mig camí entre un passat encara present i un present encara futur. Jarmusch justifica la utilització del blanc i negre com un intent d'aconseguir una interpretació realista de la història que narra.",https://pics.filmaffinity.com/stranger_than_paradise-957486024-large.jpg,https://www.filmaffinity.com/es/evideos.php?movie_id=241461,7.3,7.4,100.0,88.0,Filmoteca de Catalunya — Sales Chomón i Laya,2026-10-15T17:00:00+02:00,VO,,es,DCP,,unknown,General 4€; reducida 3€; programación infantil 2€,https://www.filmoteca.cat/web/ca/film/stranger-paradise,https://euromus.cultura.gencat.cat/filmoteca/venda/index.jsp?lang=1&nom_cache=FILMOTECA&property=FILMOTECA&codiActiv=966&codiCicle=31,2026-10-08T06:58:25.534552+00:00
LA BOLA NEGRA,La bola negra,2026,"Javier Ambrossi, Javier Calvo",Drama,"ESTRENO EL VIERNES 25 DE SEPTIEMBRE. Las vidas interconectadas de tres hombres en tres épocas distintas. Tres existencias íntimamente ligadas por la sexualidad y el deseo, el dolor y la herencia; y una de las últimas obras, inacabada, de Federico García Lorca. Proyección en Dolby Atmos y 4K",https://phenomena-experience.com/obj/LCinesD_dat/eventos/JPg000fb.jpg,https://www.youtube.com/watch?v=nXkdGP4VVWI,,8.0,92.0,,Phenomena Experience,2026-10-15T18:00:00+02:00,,,,"4K, Dolby Atmos",12.0,published,Precio según pase; consultar la ficha de la película,https://phenomena-experience.com/index?pag=cartelera,,2026-10-08T06:57:05.017772+00:00
ESCAPE ROOM 2,Escape Room 2,2026,Hèctor Claramunt,"Comedia, Thriller, Intriga","Cinc anys després, l’Edu, la Marina, la Viky i en Rai tornen a coincidir misteriosament en un nou local de moda situat a la part alta de la muntanya de Montjuïc, on antigament es trobava el parc d’atraccions. No trigaran a adonar-se que aquell establiment no és el que sembla. Aviat aniran a parar a una antiga atracció, un túnel del terror que havia quedat soterrat, on apareix un comptador acompanyat d’un missatge amenaçador que els resulta inquietantment familiar: tenen 60 minuts per a sortir o moriran.",https://espaitexas.cat/wp-content/uploads/2026/10/6a9fc286373b2.jpg,https://www.filmaffinity.com/es/evideos.php?movie_id=903140,,,,,Espai Texas — Cinemes Texas,2026-10-15T18:15:00+02:00,VO,ca,,,4.0,published,Lunes–viernes 6€; jueves del espectador 4€; fin de semana 8€,https://espaitexas.cat/pelicula/escape-room-2/,https://espaitexas.koobin.cat/ca/escape-room-2-vo-20261015-0000,2026-10-08T06:57:24.326842+00:00
Atenció amb la còlera femenina! | Sessió de curtmetratges,,,Diverses autories,,"Què passa quan les nasty women s’enfaden? Tant si és la teva dona com la veïna, quan una nasty women és a prop teu, procura no fer-la emprenyar!",,,,,,,Filmoteca de Catalunya — Sales Chomón i Laya,2026-10-15T19:00:00+02:00,,,,"DCP, 35 mm",,unknown,General 4€; reducida 3€; programación infantil 2€,https://www.filmoteca.cat/web/ca/film/atencio-amb-la-colera-femenina-sessio-de-curtmetratges,https://euromus.cultura.gencat.cat/filmoteca/venda/index.jsp?lang=1&nom_cache=FILMOTECA&property=FILMOTECA&codiActiv=1019&codiCicle=3,2026-10-08T06:58:27.939943+00:00
Karumen kokyô ni kaeru,Karumen kokyô ni kaeru,1951,Keisuke Kinoshita,,"Un granger que viu a les muntanyes rep una carta d’una filla que viu a la capital en què li anuncia que vindrà de visita amb una amiga. En arribar al poble, la forma de vestir i les maneres de les dones provoquen una autèntica commoció.",,,,6.5,,,Filmoteca de Catalunya — Sales Chomón i Laya,2026-10-15T20:00:00+02:00,VO,,es,16 mm,,unknown,General 4€; reducida 3€; programación infantil 2€,https://www.filmoteca.cat/web/ca/film/karumen-kokyo-ni-kaeru,https://euromus.cultura.gencat.cat/filmoteca/venda/index.jsp?lang=1&nom_cache=FILMOTECA&property=FILMOTECA&codiActiv=1020&codiCicle=1,2026-10-08T06:58:30.055676+00:00
Sentido y sensibilidad,Sense and Sensibility,2026,Georgia Oakley,"Romance, Drama","Nueva adaptación del clásico literario de Jane Austen ""Sentido y sensibilidad"". Las hermanas Elinor y Marianne Dashwood se ven obligadas a abandonar su finca de Sussex y a mudarse con un pariente lejano, en cuya casa de campo se enfrentarán a problemas amorosos y económicos. (FILMAFFINITY) Estreno en cines: otoño 2026.",https://pics.filmaffinity.com/sense_and_sensibility-915275870-large.jpg,https://www.filmaffinity.com/es/evideos.php?movie_id=892018,,7.2,,,Mooby Balmes,2026-10-15T20:00:00+02:00,VO,,es,,,unknown,"L–J laborables 9€; miércoles 6,50€; vie./sáb./festivos 10€",https://www.filmaffinity.com/es/theater-showtimes.php?id=542,https://moobycinemas-balmes.admit-one.eu/?p=tickets&perfCode=187009&language=esp&theatre=29,2026-09-21T09:17:45.870590+02:00
LES CULPABLES,,2026,Marta Duran Lozano,,"Després d’anys de silenci sobre l’avortament que va viure d’adolescent, la Marta rep un centenar de testimonis anònims de dones que han viscut el mateix que ella. Portant aquestes històries a la pantalla, juntament amb sis noies que posen veu i rostre a aquests relats silenciats, obre un espai compartit on el que s’ha silenciat esdevé col·lectiu.",https://espaitexas.cat/wp-content/uploads/2026/09/aaff-lesculpables-cat-dina0-768x1084.jpg,,,,,,Espai Texas — Cinemes Texas,2026-10-15T20:00:00+02:00,VO,ca,,,,unknown,Lunes–viernes 6€; jueves del espectador 4€; fin de semana 8€,https://espaitexas.cat/pelicula/les-culpables/,https://espaitexas.koobin.cat/ca/les-culpables-vo-20261015-2000,2026-10-08T06:57:34.327232+00:00
ESCAPE ROOM 2,Escape Room 2,2026,Hèctor Claramunt,"Comedia, Thriller, Intriga","Cinc anys després, l’Edu, la Marina, la Viky i en Rai tornen a coincidir misteriosament en un nou local de moda situat a la part alta de la muntanya de Montjuïc, on antigament es trobava el parc d’atraccions. No trigaran a adonar-se que aquell establiment no és el que sembla. Aviat aniran a parar a una antiga atracció, un túnel del terror que havia quedat soterrat, on apareix un comptador acompanyat d’un missatge amenaçador que els resulta inquietantment familiar: tenen 60 minuts per a sortir o moriran.",https://espaitexas.cat/wp-content/uploads/2026/10/6a9fc286373b2.jpg,https://www.filmaffinity.com/es/evideos.php?movie_id=903140,,,,,Espai Texas — Cinemes Texas,2026-10-15T20:30:00+02:00,VO,ca,,,4.0,published,Lunes–viernes 6€; jueves del espectador 4€; fin de semana 8€,https://espaitexas.cat/pelicula/escape-room-2/,https://espaitexas.koobin.cat/ca/escape-room-2-vo-20261015-2015,2026-10-08T06:57:24.326842+00:00
LA BOLA NEGRA,La bola negra,2026,"Javier Ambrossi, Javier Calvo",Drama,"ESTRENO EL VIERNES 25 DE SEPTIEMBRE. Las vidas interconectadas de tres hombres en tres épocas distintas. Tres existencias íntimamente ligadas por la sexualidad y el deseo, el dolor y la herencia; y una de las últimas obras, inacabada, de Federico García Lorca. Proyección en Dolby Atmos y 4K",https://phenomena-experience.com/obj/LCinesD_dat/eventos/JPg000fb.jpg,https://www.youtube.com/watch?v=nXkdGP4VVWI,,8.0,92.0,,Phenomena Experience,2026-10-15T21:15:00+02:00,,,,"4K, Dolby Atmos",12.0,published,Precio según pase; consultar la ficha de la película,https://phenomena-experience.com/index?pag=cartelera,,2026-10-08T06:57:05.017772+00:00
Rachel,Rachel,2009,Simone Bitton,Documental,"Es deia Rachel Corrie, tenia vint-i-tres anys i creia que la seva nacionalitat nord-americana bastaria per convertir-la en un escut humà eficaç. El 16 de març de 2003, a Gaza, va morir aixafada per una excavadora israeliana.",https://pics.filmaffinity.com/rachel-577020775-large.jpg,,,7.5,,,Filmoteca de Catalunya — Sales Chomón i Laya,2026-10-15T21:30:00+02:00,VO,,ca,Digital,,unknown,General 4€; reducida 3€; programación infantil 2€,https://www.filmoteca.cat/web/ca/film/rachel,https://euromus.cultura.gencat.cat/filmoteca/venda/index.jsp?lang=1&nom_cache=FILMOTECA&property=FILMOTECA&codiActiv=1022&codiCicle=7,2026-10-08T06:58:32.114511+00:00
MISS JOBSON,Miss Jobson,2025,Amanda Sans Pantling,Documental,"Miss Jobson és un retrat íntim de Diane Jobson, icona rastafari a Jamaica, amiga íntima i advocada de Bob Marley. Ara, amb més de 80 anys, la Diane afronta el pas del temps i el seu llegat com a defensora dels indefensos amb un sentit de l’humor irònic i una honestedat indestructible. Miss Jobson és, abans de res, el testament vital d’una dona que ha viscut la vida segons els seus propis termes.",https://espaitexas.cat/wp-content/uploads/2026/09/thumb.jpg,https://www.filmaffinity.com/es/evideos.php?movie_id=860554,,7.0,,,Espai Texas — Cinemes Texas,2026-10-16T00:00:00+02:00,VO,en,ca,,,unknown,Lunes–viernes 6€; jueves del espectador 4€; fin de semana 8€,https://espaitexas.cat/pelicula/miss-jobson-2/,,2026-09-30T07:04:07.864093+00:00
THX 1138,THX 1138,1971,George Lucas,Ciencia ficción,"En el futuro, la humanidad vive bajo tierra y las emociones están prohibidas y anuladas bajo las drogas de consumo obligatorio. Algunos de sus miembros intentan escapar de esta despiadada sociedad en la que las personas ni siquiera tienen nombre y el amor es el peor de los delitos. Proyección en 35 mm y VOSE",https://phenomena-experience.com/obj/LCinesD_dat/eventos/JPg000g9.jpg,https://www.filmaffinity.com/es/evideos.php?movie_id=905774,6.0,6.6,72.0,73.0,Phenomena Experience,2026-10-16T15:15:00+02:00,VO,,es,35 mm,10.0,published,Precio según pase; consultar la ficha de la película,https://phenomena-experience.com/index?pag=cartelera,,2026-10-08T06:57:05.017772+00:00
Cars,Cars,2006,John Lasseter,"Animación, Comedia, Aventuras","El aspirante a campeón de carreras Rayo McQueen parece que está a punto de conseguir el éxito, la fama y todo lo que había soñado, hasta que por error toma un desvío inesperado en la polvorienta y solitaria Ruta 66. Su actitud arrogante se desvanece cuando llega a una pequeña comunidad olvidada que le enseña las cosas importantes de la vida que había olvidado. (FILMAFFINITY)",https://pics.filmaffinity.com/cars-239233988-large.jpg,https://www.filmaffinity.com/es/evideos.php?movie_id=835259,6.2,,,,Cinesa SOM Multiespai,2026-10-16T16:00:00+02:00,,,,,,unknown,"Tarifa variable; seleccionar cine, fecha y sesión",https://www.filmaffinity.com/es/theater-showtimes.php?id=219,https://web.cinesa.es/compra/butacas/?showtimeId=017-59902,2026-09-21T09:17:45.870590+02:00
Karumen junjô su,カルメン純情す,1952,Keisuke Kinoshita,Comedia,"Amb tota la força del seu cor esbojarrat, Carmen, una artista de striptease, es dona al seu art i a un pintor avantguardista embolicat amb la filla d’una vídua militarista i reaccionària.",https://pics.filmaffinity.com/karumen_junjo_su_carmen_falls_in_love-343959870-large.jpg,https://www.filmaffinity.com/es/evideos.php?movie_id=524208,5.4,6.2,,,Filmoteca de Catalunya — Sales Chomón i Laya,2026-10-16T17:00:00+02:00,VO,,es,35 mm,,unknown,General 4€; reducida 3€; programación infantil 2€,https://www.filmoteca.cat/web/ca/film/karumen-junjo-su,https://euromus.cultura.gencat.cat/filmoteca/venda/index.jsp?lang=1&nom_cache=FILMOTECA&property=FILMOTECA&codiActiv=1020&codiCicle=9,2026-10-08T06:58:34.145833+00:00
En el corazón de la bestia,Heart Of The Beast,2026,David Ayer,"Acción, Aventura","Un ex soldado herido y su perro militar luchan por sobrevivir en la naturaleza salvaje de Alaska. Enfrentando frío, soledad y peligros constantes, su vínculo será clave para regresar a casa.",https://es.web.img3.acsta.net/c_160_213/img/06/8b/068b23e941178cfd676278b44064f0e9.jpg,https://www.youtube.com/watch?v=Rh24D89hFMg,6.4,7.3,85.0,94.0,Phenomena Experience,2026-10-16T17:10:00+02:00,VO,,es,"4K, Dolby Atmos",12.0,published,Precio según pase; consultar la ficha de la película,https://phenomena-experience.com/index?pag=cartelera,,2026-10-08T06:57:05.017772+00:00
Cars,Cars,2006,John Lasseter,"Animación, Comedia, Aventuras","El aspirante a campeón de carreras Rayo McQueen parece que está a punto de conseguir el éxito, la fama y todo lo que había soñado, hasta que por error toma un desvío inesperado en la polvorienta y solitaria Ruta 66. Su actitud arrogante se desvanece cuando llega a una pequeña comunidad olvidada que le enseña las cosas importantes de la vida que había olvidado. (FILMAFFINITY)",https://pics.filmaffinity.com/cars-239233988-large.jpg,https://www.filmaffinity.com/es/evideos.php?movie_id=835259,6.2,,,,Mooby Arenas de Barcelona,2026-10-16T17:30:00+02:00,Doblada,es,,,,unknown,"L–J laborables 9€; mié./jue. 6,50€; vie./sáb./festivos 10€",https://www.filmaffinity.com/es/theater-showtimes.php?id=501,https://moobycinemas-arenas.admit-one.eu/?p=tickets&perfCode=191946&language=esp&theatre=24,2026-09-21T09:17:45.870590+02:00
Ziyara,,2020,Simone Bitton,,"El Marroc va tenir una població jueva de més de 300.000 persones fins a la dècada de 1950. A partir de llavors, i fins just després de la Guerra dels Sis Dies, el juny del 1967, aquesta població va emigrar en massa cap a països com França, Israel o els Estats Units. La família de la cineasta Simone Bitton es va instal·lar a França. Com a part d’un pelegrinatge cinematogràfic a les seves arrels jueves, la directora Simone Bitton s’embarca en un viatge per carretera a través del Marroc per reunir-se amb els guardians musulmans de la memòria jueva del país, i un d’ells es pregunta: com seria avui el Marroc si els jueus s’hi haguessin quedat?",,,,,,,Filmoteca de Catalunya — Sales Chomón i Laya,2026-10-16T18:00:00+02:00,VO,,ca,DCP,,unknown,General 4€; reducida 3€; programación infantil 2€,https://www.filmoteca.cat/web/ca/film/ziyara,https://euromus.cultura.gencat.cat/filmoteca/venda/index.jsp?lang=1&nom_cache=FILMOTECA&property=FILMOTECA&codiActiv=1022&codiCicle=9,2026-10-08T06:58:36.836512+00:00
Cars,Cars,2006,John Lasseter,"Animación, Comedia, Aventuras","El aspirante a campeón de carreras Rayo McQueen parece que está a punto de conseguir el éxito, la fama y todo lo que había soñado, hasta que por error toma un desvío inesperado en la polvorienta y solitaria Ruta 66. Su actitud arrogante se desvanece cuando llega a una pequeña comunidad olvidada que le enseña las cosas importantes de la vida que había olvidado. (FILMAFFINITY)",https://pics.filmaffinity.com/cars-239233988-large.jpg,https://www.filmaffinity.com/es/evideos.php?movie_id=835259,6.2,,,,Cine Yelmo Westfield La Maquinista,2026-10-16T18:00:00+02:00,,,,Digital,,unknown,Tarifa variable; consultar el pase de La Maquinista,https://www.filmaffinity.com/es/theater-showtimes.php?id=220,https://www.awin1.com/cread.php?awinmid=24761&awinaffid=1474736&ued=https%3A%2F%2Fcine.entradas.com%2Fcine%2Fbarcelona%2Fcine-yelmo-westfield-la-maquinista%2Fevento%2F45542%2Fcars-20o-aniversario%3Fmode%3Dwidget%26change%3D0,2026-09-21T09:17:45.870590+02:00
Érem una gran família,Érem una gran família,2026,Cristina Rosselló,Documental,"A través de les gravacions casolanes, entre 1942 i 1999, d'una família pròxima als poders de l'estat, es crea un retrat de l'Espanya oculta del segle XX.",,,,,,,Zumzeig Cinecooperativa,2026-10-16T18:30:00+02:00,VO,,,,,unknown,"General 7,50€; miércoles no festivos 5,50€; reducida 6€; socias 4,50€",https://zumzeigcine.coop/cinema/films/erem-una-gran-familia/,https://www.codetickets.com/portal/zumzeigcooperativa/online/37841/102196,2026-10-08T06:57:33.644828+00:00
LA BOLA NEGRA,La bola negra,2026,"Javier Ambrossi, Javier Calvo",Drama,"ESTRENO EL VIERNES 25 DE SEPTIEMBRE. Las vidas interconectadas de tres hombres en tres épocas distintas. Tres existencias íntimamente ligadas por la sexualidad y el deseo, el dolor y la herencia; y una de las últimas obras, inacabada, de Federico García Lorca. Proyección en Dolby Atmos y 4K",https://phenomena-experience.com/obj/LCinesD_dat/eventos/JPg000fb.jpg,https://www.youtube.com/watch?v=nXkdGP4VVWI,,8.0,92.0,,Phenomena Experience,2026-10-16T19:25:00+02:00,,,,"4K, Dolby Atmos",12.0,published,Precio según pase; consultar la ficha de la película,https://phenomena-experience.com/index?pag=cartelera,,2026-10-08T06:57:05.017772+00:00
Mystic River,Mystic River,2003,Clint Eastwood,"Intriga, Drama","Clàssic del segle XXI ""No convé entrar gaire en els detalls d'aquesta peça mestra de Clint Eastwood protagonitzada per un trio d'asos (Robbins, Penn i Bacon). És un thriller, però no hi espereu trets, persecucions ni acció. És una obra de personatges. Un drama contemporani, gris i desencantat, parsimoniós i ombrívol. Una bonica pel·lícula d'antiherois i un retrat estremidor de la societat nord-americana. Una obra tan profunda com Bird o Unforgiven . En definitiva, un dels millors treballs de l'incombustible mestre, que aquí també signa la banda sonora"" (Jordi Batlle Caminal).",https://pics.filmaffinity.com/mystic_river-976638525-large.jpg,https://www.filmaffinity.com/es/evideos.php?movie_id=121917,8.0,7.9,89.0,89.0,Filmoteca de Catalunya — Sales Chomón i Laya,2026-10-16T20:00:00+02:00,VO,,es,Digital,,unknown,General 4€; reducida 3€; programación infantil 2€,https://www.filmoteca.cat/web/ca/film/mystic-river,https://euromus.cultura.gencat.cat/filmoteca/venda/index.jsp?lang=1&nom_cache=FILMOTECA&property=FILMOTECA&codiActiv=1018&codiCicle=7,2026-10-08T06:58:01.085070+00:00
Punch-Drunk Love,Punch-Drunk Love,2002,Paul Thomas Anderson,"Romance, Drama, Comedia","“Una comèdia romàntica sabotejada per la mirada extraterrestre de Paul Thomas Anderson. No hi ha etiquetes per Punch-Drunk Love.Imagineu-vos un film de Buster Keaton dirigit per David Lynch o un encreuament entre Jacques Tati i Frank Tashlin. Els colors són d'aquest últim; els espais asèptics, despullats, predisposats per al gran teatre de l'absurd de les nostres vides, de Tati. Anderson aprofita els uns i els altres per extreure'n una extravagant poesia visual, de vegades amb ecos de musical de tons pastel” (Jordi Batlle Caminal).",https://pics.filmaffinity.com/punch_drunk_love-933539741-large.jpg,https://www.youtube.com/embed/jXM5VTSL7Hg,6.5,7.3,79.0,78.0,Filmoteca de Catalunya — Sales Chomón i Laya,2026-10-16T21:00:00+02:00,VO,,ca,Digital,,unknown,General 4€; reducida 3€; programación infantil 2€,https://www.filmoteca.cat/web/ca/film/punch-drunk-love,https://euromus.cultura.gencat.cat/filmoteca/venda/index.jsp?lang=1&nom_cache=FILMOTECA&property=FILMOTECA&codiActiv=1017&codiCicle=12,2026-10-08T06:57:15.679621+00:00
Resident Evil,Resident Evil,2026,Zach Cregger,"Ciencia ficción, Suspense, Terror","Bryan, un mensajero médico, se ve atrapado inesperadamente en una noche de caos en la que la ciudad empieza a colapsar por una amenaza desconocida. Obligado a sobrevivir, deberá enfrentarse a una peligrosa carrera llena de acción mientras intenta escapar del horror que se desata a su alrededor.",https://es.web.img3.acsta.net/c_160_213/img/40/92/4092e505c00d28878024f17b01002c9c.jpg,https://www.filmaffinity.com/es/evideos.php?movie_id=579353,7.0,7.6,96.0,91.0,Phenomena Experience,2026-10-16T22:40:00+02:00,VO,,es,,12.0,published,Precio según pase; consultar la ficha de la película,https://phenomena-experience.com/index?pag=cartelera,,2026-10-08T06:57:05.017772+00:00
LA BOLA NEGRA,La bola negra,2026,"Javier Ambrossi, Javier Calvo",Drama,"ESTRENO EL VIERNES 25 DE SEPTIEMBRE. Las vidas interconectadas de tres hombres en tres épocas distintas. Tres existencias íntimamente ligadas por la sexualidad y el deseo, el dolor y la herencia; y una de las últimas obras, inacabada, de Federico García Lorca. Proyección en Dolby Atmos y 4K",https://phenomena-experience.com/obj/LCinesD_dat/eventos/JPg000fb.jpg,https://www.youtube.com/watch?v=nXkdGP4VVWI,,8.0,92.0,,Phenomena Experience,2026-10-17T15:50:00+02:00,,,,"4K, Dolby Atmos",12.0,published,Precio según pase; consultar la ficha de la película,https://phenomena-experience.com/index?pag=cartelera,,2026-10-08T06:57:05.017772+00:00
Cars,Cars,2006,John Lasseter,"Animación, Comedia, Aventuras","El aspirante a campeón de carreras Rayo McQueen parece que está a punto de conseguir el éxito, la fama y todo lo que había soñado, hasta que por error toma un desvío inesperado en la polvorienta y solitaria Ruta 66. Su actitud arrogante se desvanece cuando llega a una pequeña comunidad olvidada que le enseña las cosas importantes de la vida que había olvidado. (FILMAFFINITY)",https://pics.filmaffinity.com/cars-239233988-large.jpg,https://www.filmaffinity.com/es/evideos.php?movie_id=835259,6.2,,,,Cinesa SOM Multiespai,2026-10-17T16:00:00+02:00,,,,,,unknown,"Tarifa variable; seleccionar cine, fecha y sesión",https://www.filmaffinity.com/es/theater-showtimes.php?id=219,https://web.cinesa.es/compra/butacas/?showtimeId=017-59903,2026-09-21T09:17:45.870590+02:00
Invitation to the Dance,Invitation to the Dance,1956,Gene Kelly,Musical,"En el primer film que Gene Kelly va dirigir en solitari s’envoltà d’una plèiade de grans dansaires que exhibien el seu talent al llarg dels tres episodis de què es compon la pel·lícula: “Circus”, on també apareix el ballarí rus Ígor Iuskévitx; “Ring Around the Rosy”, també amb Iuskévitx i Tamara Tumànova, i “Simbad the Sailor”, en què Kelly balla amb dibuixos animats creats per Hanna-Barbera.",https://pics.filmaffinity.com/invitation_to_the_dance-650127576-large.jpg,https://www.filmaffinity.com/es/evideos.php?movie_id=427501,6.5,6.4,,72.0,Filmoteca de Catalunya — Sales Chomón i Laya,2026-10-17T17:00:00+02:00,,,,DCP,,unknown,General 4€; reducida 3€; programación infantil 2€,https://www.filmoteca.cat/web/ca/film/invitation-dance,https://euromus.cultura.gencat.cat/filmoteca/venda/index.jsp?lang=1&nom_cache=FILMOTECA&property=FILMOTECA&codiActiv=959&codiCicle=88,2026-10-08T06:58:03.263521+00:00
Always Lalisa,Always Lalisa,2026,Sue Kim,Documental,"Documental que sigue a la superestrella mundial LISA durante un año transformador lejos de BLACKPINK, el fenómeno del K-pop que la convirtió en una de las artistas más reconocidas del mundo. El documental recoge un año de riesgos, reinvención y autodescubrimiento, mientras LISA comienza a definir su próxima etapa.",https://pics.filmaffinity.com/always_lalisa-195670178-large.jpg,https://www.filmaffinity.com/es/evideos.php?movie_id=181951,,7.4,,,Mooby Arenas de Barcelona,2026-10-17T17:30:00+02:00,,,,,,unknown,"L–J laborables 9€; mié./jue. 6,50€; vie./sáb./festivos 10€",https://www.filmaffinity.com/es/theater-showtimes.php?id=501,https://moobycinemas-arenas.admit-one.eu/?p=tickets&perfCode=191655&language=esp&theatre=24,2026-09-21T09:17:45.870590+02:00
Cars,Cars,2006,John Lasseter,"Animación, Comedia, Aventuras","El aspirante a campeón de carreras Rayo McQueen parece que está a punto de conseguir el éxito, la fama y todo lo que había soñado, hasta que por error toma un desvío inesperado en la polvorienta y solitaria Ruta 66. Su actitud arrogante se desvanece cuando llega a una pequeña comunidad olvidada que le enseña las cosas importantes de la vida que había olvidado. (FILMAFFINITY)",https://pics.filmaffinity.com/cars-239233988-large.jpg,https://www.filmaffinity.com/es/evideos.php?movie_id=835259,6.2,,,,Mooby Arenas de Barcelona,2026-10-17T17:30:00+02:00,Doblada,es,,,,unknown,"L–J laborables 9€; mié./jue. 6,50€; vie./sáb./festivos 10€",https://www.filmaffinity.com/es/theater-showtimes.php?id=501,https://moobycinemas-arenas.admit-one.eu/?p=tickets&perfCode=191944&language=esp&theatre=24,2026-09-21T09:17:45.870590+02:00
L’Emilie i el secret de les tempestes,,2026,VV. AA.,,"Una aventura enigmàtica que desperta els sentits i ens convida a reconnectar amb els llenguatges de la natura i amb allò que ens fa especials, acompanyada de quatre històries sobre diversitat, acceptació i empatia.",,,,,,,Zumzeig Cinecooperativa,2026-10-17T17:30:00+02:00,Doblada,ca,,,,unknown,"General 7,50€; miércoles no festivos 5,50€; reducida 6€; socias 4,50€",https://zumzeigcine.coop/cinema/films/lemilie-i-el-secret-de-les-tempestes/,https://www.codetickets.com/portal/zumzeigcooperativa/online/37842/102197,2026-10-08T06:57:36.237349+00:00
Always Lalisa,Always Lalisa,2026,Sue Kim,Documental,"Documental que sigue a la superestrella mundial LISA durante un año transformador lejos de BLACKPINK, el fenómeno del K-pop que la convirtió en una de las artistas más reconocidas del mundo. El documental recoge un año de riesgos, reinvención y autodescubrimiento, mientras LISA comienza a definir su próxima etapa.",https://pics.filmaffinity.com/always_lalisa-195670178-large.jpg,https://www.filmaffinity.com/es/evideos.php?movie_id=181951,,7.4,,,Mooby Glòries,2026-10-17T17:45:00+02:00,,,,,,unknown,"L–J laborables 9€; mié./jue. 6,50€; vie./sáb./festivos 10€",https://www.filmaffinity.com/es/theater-showtimes.php?id=226,https://moobycinemas-glorias.admit-one.eu/?p=tickets&perfCode=120532&language=esp&theatre=25,2026-09-21T09:17:45.870590+02:00
Trilogia de l'error,,,Àlex Brendemühl,,L’anomenada Trilogia de l’error representa l’única incursió de Brendemühl en la direcció cinematogràfica. Protagonitzada per personatges desorientats en situacions quotidianes que deriven cap a l’absurd i una comicitat incòmoda que neix dels malentesos i de la incapacitat de controlar les conseqüències dels propis actes tot convertint l’error en motor narratiu.,,,,,,,Filmoteca de Catalunya — Sales Chomón i Laya,2026-10-17T18:00:00+02:00,,,,,,unknown,General 4€; reducida 3€; programación infantil 2€,https://www.filmoteca.cat/web/ca/film/trilogia-de-lerror,https://euromus.cultura.gencat.cat/filmoteca/venda/index.jsp?lang=1&nom_cache=FILMOTECA&property=FILMOTECA&codiActiv=966&codiCicle=32,2026-10-08T06:58:18.516512+00:00
El súper,,1996,Ignacio Mercero,,,https://pics.filmaffinity.com/el_super-801189862-large.jpg,,,,,,Mooby Bosque,2026-10-17T18:00:00+02:00,,,,,,unknown,"L–J laborables 9€; miércoles 6,50€; vie./sáb./festivos 10€; VOSE 6,50€",https://www.filmaffinity.com/es/theater-showtimes.php?id=224,https://moobycinemas-bosque.admit-one.eu/?p=tickets&perfCode=140780&language=esp&theatre=27,2026-09-30T07:03:59.947818+00:00
Cars,Cars,2006,John Lasseter,"Animación, Comedia, Aventuras","El aspirante a campeón de carreras Rayo McQueen parece que está a punto de conseguir el éxito, la fama y todo lo que había soñado, hasta que por error toma un desvío inesperado en la polvorienta y solitaria Ruta 66. Su actitud arrogante se desvanece cuando llega a una pequeña comunidad olvidada que le enseña las cosas importantes de la vida que había olvidado. (FILMAFFINITY)",https://pics.filmaffinity.com/cars-239233988-large.jpg,https://www.filmaffinity.com/es/evideos.php?movie_id=835259,6.2,,,,Cine Yelmo Westfield La Maquinista,2026-10-17T18:00:00+02:00,,,,Digital,,unknown,Tarifa variable; consultar el pase de La Maquinista,https://www.filmaffinity.com/es/theater-showtimes.php?id=220,https://www.awin1.com/cread.php?awinmid=24761&awinaffid=1474736&ued=https%3A%2F%2Fcine.entradas.com%2Fcine%2Fbarcelona%2Fcine-yelmo-westfield-la-maquinista%2Fevento%2F45543%2Fcars-20o-aniversario%3Fmode%3Dwidget%26change%3D0,2026-09-21T09:17:45.870590+02:00
L'etern retorn,,,Xiaolu Guo,,"Dues obres de la cineasta i escriptora xinesa i britànica que exploren el desarrelament, la memòria i la identitat a través dels desplaçaments entre Orient i Occident, amb motiu de la seva presència a la Biennal del Pensament del CCCB.",,,,,,,Zumzeig Cinecooperativa,2026-10-17T19:00:00+02:00,,,,,,unknown,"General 7,50€; miércoles no festivos 5,50€; reducida 6€; socias 4,50€",https://zumzeigcine.coop/cinema/films/letern-retorn/,https://www.codetickets.com/portal/zumzeigcooperativa/online/37843/102199,2026-10-08T06:57:38.855293+00:00
LA BOLA NEGRA,La bola negra,2026,"Javier Ambrossi, Javier Calvo",Drama,"ESTRENO EL VIERNES 25 DE SEPTIEMBRE. Las vidas interconectadas de tres hombres en tres épocas distintas. Tres existencias íntimamente ligadas por la sexualidad y el deseo, el dolor y la herencia; y una de las últimas obras, inacabada, de Federico García Lorca. Proyección en Dolby Atmos y 4K",https://phenomena-experience.com/obj/LCinesD_dat/eventos/JPg000fb.jpg,https://www.youtube.com/watch?v=nXkdGP4VVWI,,8.0,92.0,,Phenomena Experience,2026-10-17T19:10:00+02:00,,,,"4K, Dolby Atmos",12.0,published,Precio según pase; consultar la ficha de la película,https://phenomena-experience.com/index?pag=cartelera,,2026-10-08T06:57:05.017772+00:00
There Will Be Blood,There Will Be Blood,2007,Paul Thomas Anderson,Drama,“Per les meravelloses imatges de There Will Be Blood circula una substància altament nutritiva per als cinèfils amants de la mitologia del western.,https://pics.filmaffinity.com/there_will_be_blood-674254950-large.jpg,https://www.youtube.com/embed/jXM5VTSL7Hg,7.3,8.2,,,Filmoteca de Catalunya — Sales Chomón i Laya,2026-10-17T20:00:00+02:00,VO,,ca,DCP,,unknown,General 4€; reducida 3€; programación infantil 2€,https://www.filmoteca.cat/web/ca/film/there-will-be-blood,https://euromus.cultura.gencat.cat/filmoteca/venda/index.jsp?lang=1&nom_cache=FILMOTECA&property=FILMOTECA&codiActiv=1017&codiCicle=14,2026-10-08T06:57:24.707381+00:00
Always Lalisa,Always Lalisa,2026,Sue Kim,Documental,"Documental que sigue a la superestrella mundial LISA durante un año transformador lejos de BLACKPINK, el fenómeno del K-pop que la convirtió en una de las artistas más reconocidas del mundo. El documental recoge un año de riesgos, reinvención y autodescubrimiento, mientras LISA comienza a definir su próxima etapa.",https://pics.filmaffinity.com/always_lalisa-195670178-large.jpg,https://www.filmaffinity.com/es/evideos.php?movie_id=181951,,7.4,,,Cine Yelmo Westfield La Maquinista,2026-10-17T20:00:00+02:00,,,,Digital,,unknown,Tarifa variable; consultar el pase de La Maquinista,https://www.filmaffinity.com/es/theater-showtimes.php?id=220,https://www.awin1.com/cread.php?awinmid=24761&awinaffid=1474736&ued=https%3A%2F%2Fcine.entradas.com%2Fcine%2Fbarcelona%2Fcine-yelmo-westfield-la-maquinista%2Fevento%2F45510%2Falways-lalisa%3Fmode%3Dwidget%26change%3D0%26language%3DVOSE,2026-09-21T09:17:45.870590+02:00
Karumen kokyô ni kaeru,Karumen kokyô ni kaeru,1951,Keisuke Kinoshita,,"Un granger que viu a les muntanyes rep una carta d’una filla que viu a la capital en què li anuncia que vindrà de visita amb una amiga. En arribar al poble, la forma de vestir i les maneres de les dones provoquen una autèntica commoció.",,,,6.5,,,Filmoteca de Catalunya — Sales Chomón i Laya,2026-10-17T21:00:00+02:00,VO,,es,16 mm,,unknown,General 4€; reducida 3€; programación infantil 2€,https://www.filmoteca.cat/web/ca/film/karumen-kokyo-ni-kaeru,https://euromus.cultura.gencat.cat/filmoteca/venda/index.jsp?lang=1&nom_cache=FILMOTECA&property=FILMOTECA&codiActiv=1020&codiCicle=2,2026-10-08T06:58:30.055676+00:00
CARRETERA PERDIDA,Lost Highway,1997,David Lynch,"Intriga, Cine negro","Fred Madison, un músico de jazz, recibe un paquete anónimo que contiene unas extrañas cintas de vídeo en las que descubre que alguien les ha estado grabando a él y a su mujer dentro de su propia casa, desde una peligrosa cercanía. La situación se torna todavía más terrorífica cuando Fred conoce a un hombre en una fiesta que le asegura que está en su casa en ese mismo instante. Poco después, el músico es acusado del asesinato de su esposa. Proyección en 35mm y VOSE",https://phenomena-experience.com/obj/LCinesD_dat/eventos/JPg000g7.jpg,https://www.filmaffinity.com/es/evideos.php?movie_id=657196,7.4,7.6,70.0,87.0,Phenomena Experience,2026-10-17T22:30:00+02:00,VO,,es,35 mm,12.0,published,Precio según pase; consultar la ficha de la película,https://phenomena-experience.com/index?pag=cartelera,,2026-10-08T06:57:05.017772+00:00
Cars,Cars,2006,John Lasseter,"Animación, Comedia, Aventuras","El aspirante a campeón de carreras Rayo McQueen parece que está a punto de conseguir el éxito, la fama y todo lo que había soñado, hasta que por error toma un desvío inesperado en la polvorienta y solitaria Ruta 66. Su actitud arrogante se desvanece cuando llega a una pequeña comunidad olvidada que le enseña las cosas importantes de la vida que había olvidado. (FILMAFFINITY)",https://pics.filmaffinity.com/cars-239233988-large.jpg,https://www.filmaffinity.com/es/evideos.php?movie_id=835259,6.2,,,,Mooby Arenas de Barcelona,2026-10-18T12:00:00+02:00,Doblada,es,,,,unknown,"L–J laborables 9€; mié./jue. 6,50€; vie./sáb./festivos 10€",https://www.filmaffinity.com/es/theater-showtimes.php?id=501,https://moobycinemas-arenas.admit-one.eu/?p=tickets&perfCode=191947&language=esp&theatre=24,2026-09-21T09:17:45.870590+02:00
En el corazón de la bestia,Heart Of The Beast,2026,David Ayer,"Acción, Aventura","Un ex soldado herido y su perro militar luchan por sobrevivir en la naturaleza salvaje de Alaska. Enfrentando frío, soledad y peligros constantes, su vínculo será clave para regresar a casa.",https://es.web.img3.acsta.net/c_160_213/img/06/8b/068b23e941178cfd676278b44064f0e9.jpg,https://www.youtube.com/watch?v=Rh24D89hFMg,6.4,7.3,85.0,94.0,Phenomena Experience,2026-10-18T15:25:00+02:00,VO,,es,"4K, Dolby Atmos",12.0,published,Precio según pase; consultar la ficha de la película,https://phenomena-experience.com/index?pag=cartelera,,2026-10-08T06:57:05.017772+00:00
Cars,Cars,2006,John Lasseter,"Animación, Comedia, Aventuras","El aspirante a campeón de carreras Rayo McQueen parece que está a punto de conseguir el éxito, la fama y todo lo que había soñado, hasta que por error toma un desvío inesperado en la polvorienta y solitaria Ruta 66. Su actitud arrogante se desvanece cuando llega a una pequeña comunidad olvidada que le enseña las cosas importantes de la vida que había olvidado. (FILMAFFINITY)",https://pics.filmaffinity.com/cars-239233988-large.jpg,https://www.filmaffinity.com/es/evideos.php?movie_id=835259,6.2,,,,Cinesa SOM Multiespai,2026-10-18T16:00:00+02:00,,,,,,unknown,"Tarifa variable; seleccionar cine, fecha y sesión",https://www.filmaffinity.com/es/theater-showtimes.php?id=219,https://web.cinesa.es/compra/butacas/?showtimeId=017-59904,2026-09-21T09:17:45.870590+02:00
Pina (3D),,2011,Wim Wenders,,Un homenatge pòstum a la gran ballarina i coreògrafa de la dansa contemporània Pina Bausch en el qual les ballarines i els ballarins de la seva companyia recreen les coreografies que li van donar més reconeixement internacional.,,,,,,,Filmoteca de Catalunya — Sales Chomón i Laya,2026-10-18T17:00:00+02:00,VO,,es,DCP,,unknown,General 4€; reducida 3€; programación infantil 2€,https://www.filmoteca.cat/web/ca/film/pina-3d,https://euromus.cultura.gencat.cat/filmoteca/venda/index.jsp?lang=1&nom_cache=FILMOTECA&property=FILMOTECA&codiActiv=959&codiCicle=86,2026-10-08T06:57:31.749558+00:00
L’Emilie i el secret de les tempestes,,2026,VV. AA.,,"Una aventura enigmàtica que desperta els sentits i ens convida a reconnectar amb els llenguatges de la natura i amb allò que ens fa especials, acompanyada de quatre històries sobre diversitat, acceptació i empatia.",,,,,,,Zumzeig Cinecooperativa,2026-10-18T17:00:00+02:00,Doblada,ca,,,,unknown,"General 7,50€; miércoles no festivos 5,50€; reducida 6€; socias 4,50€",https://zumzeigcine.coop/cinema/films/lemilie-i-el-secret-de-les-tempestes/,https://www.codetickets.com/portal/zumzeigcooperativa/online/37842/102198,2026-10-08T06:57:36.237349+00:00
Cars,Cars,2006,John Lasseter,"Animación, Comedia, Aventuras","El aspirante a campeón de carreras Rayo McQueen parece que está a punto de conseguir el éxito, la fama y todo lo que había soñado, hasta que por error toma un desvío inesperado en la polvorienta y solitaria Ruta 66. Su actitud arrogante se desvanece cuando llega a una pequeña comunidad olvidada que le enseña las cosas importantes de la vida que había olvidado. (FILMAFFINITY)",https://pics.filmaffinity.com/cars-239233988-large.jpg,https://www.filmaffinity.com/es/evideos.php?movie_id=835259,6.2,,,,Mooby Arenas de Barcelona,2026-10-18T17:30:00+02:00,Doblada,es,,,,unknown,"L–J laborables 9€; mié./jue. 6,50€; vie./sáb./festivos 10€",https://www.filmaffinity.com/es/theater-showtimes.php?id=501,https://moobycinemas-arenas.admit-one.eu/?p=tickets&perfCode=191945&language=esp&theatre=24,2026-09-21T09:17:45.870590+02:00
LA BOLA NEGRA,La bola negra,2026,"Javier Ambrossi, Javier Calvo",Drama,"ESTRENO EL VIERNES 25 DE SEPTIEMBRE. Las vidas interconectadas de tres hombres en tres épocas distintas. Tres existencias íntimamente ligadas por la sexualidad y el deseo, el dolor y la herencia; y una de las últimas obras, inacabada, de Federico García Lorca. Proyección en Dolby Atmos y 4K",https://phenomena-experience.com/obj/LCinesD_dat/eventos/JPg000fb.jpg,https://www.youtube.com/watch?v=nXkdGP4VVWI,,8.0,92.0,,Phenomena Experience,2026-10-18T17:45:00+02:00,,,,"4K, Dolby Atmos",12.0,published,Precio según pase; consultar la ficha de la película,https://phenomena-experience.com/index?pag=cartelera,,2026-10-08T06:57:05.017772+00:00
Karumen junjô su,カルメン純情す,1952,Keisuke Kinoshita,Comedia,"Amb tota la força del seu cor esbojarrat, Carmen, una artista de striptease, es dona al seu art i a un pintor avantguardista embolicat amb la filla d’una vídua militarista i reaccionària.",https://pics.filmaffinity.com/karumen_junjo_su_carmen_falls_in_love-343959870-large.jpg,https://www.filmaffinity.com/es/evideos.php?movie_id=524208,5.4,6.2,,,Filmoteca de Catalunya — Sales Chomón i Laya,2026-10-18T18:00:00+02:00,VO,,es,35 mm,,unknown,General 4€; reducida 3€; programación infantil 2€,https://www.filmoteca.cat/web/ca/film/karumen-junjo-su,https://euromus.cultura.gencat.cat/filmoteca/venda/index.jsp?lang=1&nom_cache=FILMOTECA&property=FILMOTECA&codiActiv=1020&codiCicle=4,2026-10-08T06:58:34.145833+00:00
Cars,Cars,2006,John Lasseter,"Animación, Comedia, Aventuras","El aspirante a campeón de carreras Rayo McQueen parece que está a punto de conseguir el éxito, la fama y todo lo que había soñado, hasta que por error toma un desvío inesperado en la polvorienta y solitaria Ruta 66. Su actitud arrogante se desvanece cuando llega a una pequeña comunidad olvidada que le enseña las cosas importantes de la vida que había olvidado. (FILMAFFINITY)",https://pics.filmaffinity.com/cars-239233988-large.jpg,https://www.filmaffinity.com/es/evideos.php?movie_id=835259,6.2,,,,Cine Yelmo Westfield La Maquinista,2026-10-18T18:00:00+02:00,,,,Digital,,unknown,Tarifa variable; consultar el pase de La Maquinista,https://www.filmaffinity.com/es/theater-showtimes.php?id=220,https://www.awin1.com/cread.php?awinmid=24761&awinaffid=1474736&ued=https%3A%2F%2Fcine.entradas.com%2Fcine%2Fbarcelona%2Fcine-yelmo-westfield-la-maquinista%2Fevento%2F45544%2Fcars-20o-aniversario%3Fmode%3Dwidget%26change%3D0,2026-09-21T09:17:45.870590+02:00
Stranger Than Paradise,Stranger than Paradise,1984,Jim Jarmusch,"Comedia, Drama","El paradís són els Estats Units; els estranys, tres emigrants hongaresos a mig camí entre un passat encara present i un present encara futur. Jarmusch justifica la utilització del blanc i negre com un intent d'aconseguir una interpretació realista de la història que narra.",https://pics.filmaffinity.com/stranger_than_paradise-957486024-large.jpg,https://www.filmaffinity.com/es/evideos.php?movie_id=241461,7.3,7.4,100.0,88.0,Filmoteca de Catalunya — Sales Chomón i Laya,2026-10-18T20:00:00+02:00,VO,,es,DCP,,unknown,General 4€; reducida 3€; programación infantil 2€,https://www.filmoteca.cat/web/ca/film/stranger-paradise,https://euromus.cultura.gencat.cat/filmoteca/venda/index.jsp?lang=1&nom_cache=FILMOTECA&property=FILMOTECA&codiActiv=966&codiCicle=33,2026-10-08T06:58:25.534552+00:00
Les mille et un jours du Hajj Edmond,Les mille et un jours du Hajj Edmond,2024,Simone Bitton,Documental,"Militant, exiliat, escriptor i pensador, Edmond Amran El Maleh (1917-2010) va escriure fins al final. Els seus amics l’anomenaven Hajj, en àrab ‘el pelegrí’, signe de pertinença al poble marroquí.",https://pics.filmaffinity.com/les_mille_et_un_jours_du_hajj_edmond-441610260-large.jpg,,,7.3,,,Filmoteca de Catalunya — Sales Chomón i Laya,2026-10-18T21:00:00+02:00,VO,,ca,DCP,,unknown,General 4€; reducida 3€; programación infantil 2€,https://www.filmoteca.cat/web/ca/film/les-mille-et-un-jours-du-hajj-edmond,https://euromus.cultura.gencat.cat/filmoteca/venda/index.jsp?lang=1&nom_cache=FILMOTECA&property=FILMOTECA&codiActiv=1022&codiCicle=2,2026-10-08T06:58:07.842263+00:00
LA BOLA NEGRA,La bola negra,2026,"Javier Ambrossi, Javier Calvo",Drama,"ESTRENO EL VIERNES 25 DE SEPTIEMBRE. Las vidas interconectadas de tres hombres en tres épocas distintas. Tres existencias íntimamente ligadas por la sexualidad y el deseo, el dolor y la herencia; y una de las últimas obras, inacabada, de Federico García Lorca. Proyección en Dolby Atmos y 4K",https://phenomena-experience.com/obj/LCinesD_dat/eventos/JPg000fb.jpg,https://www.youtube.com/watch?v=nXkdGP4VVWI,,8.0,92.0,,Phenomena Experience,2026-10-18T21:10:00+02:00,,,,"4K, Dolby Atmos",12.0,published,Precio según pase; consultar la ficha de la película,https://phenomena-experience.com/index?pag=cartelera,,2026-10-08T06:57:05.017772+00:00
DUNKERQUE,Dunkirk,2017,Christopher Nolan,"Bélico, Drama","Película bélica sobre la evacuación de Dunkerque (Francia), durante la II Guerra Mundial (1939-1945). En 1940, ante el avance de las tropas nazis, más de 300.000 soldados fueron evacuados a Gran Bretaña desde las costas francesas, en todo tipo de embarcaciones. Proyección en 4K y VOSE.",https://phenomena-experience.com/obj/LCinesD_dat/eventos/JPg000au.jpg,https://www.filmaffinity.com/es/evideos.php?movie_id=895384,7.0,7.8,92.0,81.0,Phenomena Experience,2026-10-19T15:00:00+02:00,VO,,es,4K,11.0,published,Precio según pase; consultar la ficha de la película,https://phenomena-experience.com/index?pag=cartelera,,2026-10-08T06:57:05.017772+00:00
LA BOLA NEGRA,La bola negra,2026,"Javier Ambrossi, Javier Calvo",Drama,"ESTRENO EL VIERNES 25 DE SEPTIEMBRE. Las vidas interconectadas de tres hombres en tres épocas distintas. Tres existencias íntimamente ligadas por la sexualidad y el deseo, el dolor y la herencia; y una de las últimas obras, inacabada, de Federico García Lorca. Proyección en Dolby Atmos y 4K",https://phenomena-experience.com/obj/LCinesD_dat/eventos/JPg000fb.jpg,https://www.youtube.com/watch?v=nXkdGP4VVWI,,8.0,92.0,,Phenomena Experience,2026-10-19T17:10:00+02:00,,,,"4K, Dolby Atmos",12.0,published,Precio según pase; consultar la ficha de la película,https://phenomena-experience.com/index?pag=cartelera,,2026-10-08T06:57:05.017772+00:00
CHAVALAS,Chavalas,2021,CAROL RODRÍGUEZ COLÁS,"Comedia, Drama","Marta, Desi, Soraya i Bea, amigues inseparables en l’adolescència, tornen a retrobar-se en el barri per a reviure l’amistat que les va unir, compartir noves aventures juntes i fer front als dilemes que les envolten. Una realitat que les obligarà a enfrontar-se a aquelles adolescents que van ser i a les dones que volen ser. Gairebé sense adonar-se’n, s’ajudaran a prendre decisions importants en les seves vides. El pas del temps i com són de diferents no serà excusa perquè la seva amistat prevalgui sobre tota la resta.",https://espaitexas.cat/wp-content/uploads/2026/09/poster-chavalas.jpg,https://www.filmaffinity.com/es/evideos.php?movie_id=329630,5.9,5.9,,,Espai Texas — Cinemes Texas,2026-10-19T19:00:00+02:00,VO,es,,,,unknown,Lunes–viernes 6€; jueves del espectador 4€; fin de semana 8€,https://espaitexas.cat/pelicula/chavalas/,https://espaitexas.koobin.cat/ca/chavalas-vo-20261019-1900,2026-10-08T06:57:46.854606+00:00
L’Elisir d'amore (Wiener Staatsoper),L’Elisir d'amore (Wiener Staatsoper),,,Òpera,"Nemorino, un pagès senzill, està enamorat de la rica i capritxosa Adina, que el rebutja. Quan arriba el sergent Belcore i proposa matrimoni a Adina, Nemorino cau en la desesperació. Recorre al xerraire ambulant Dulcamara, que li ven un “elixir d'amor” (en realitat va venir barat). Animat per la beguda, Nemorino fingeix indiferència cap a Adina, despertant el seu interès, però quan el regiment rep l'ordre de partir, ella decideix casar-se immediatament amb Belcore.",https://www.bizcochito.es/img/tt113400-es-pos.webp,,,,,,Cinemes Girona,2026-10-19T19:15:00+02:00,VO,,es,,10.0,published,Lun./mar./jue. 7€; miércoles 5€; vie./sáb./dom. 9€; Atmos +1€,https://www.cinemesgirona.cat/lelisir-d-amore-wiener-staatsoper,https://girona.admit-one.eu/?p=tickets&perfCode=40510&language=CAT,2026-09-15T09:45:19.894000+02:00
PROGRAMA DOBLE SORPRESA CLUB PHENOMENA,,2014,Sorpresa,,"Compras tu entrada. Si formas parte del Club Phenomena, es gratis. Si no, solo cuesta 10 euros. Te sientas en tu butaca. Y te sorprendemos con dos películas. No, no son futuros estrenos. Son títulos de otras décadas que te ayudamos a descubrir y con los que esperamos te lo pases en grande. Como solía suceder con los programas dobles de antaño en los cines de barrio. ¿Te atreves? Proyección en VOSE",https://phenomena-experience.com/obj/LCinesD_dat/eventos/JPg000fx.jpg,,,,,,Phenomena Experience,2026-10-19T20:20:00+02:00,,,,,10.0,published,Precio según pase; consultar la ficha de la película,https://phenomena-experience.com/index?pag=cartelera,,2026-10-08T06:57:05.017772+00:00
Chicho o Mientras el cuerpo aguante (una comedia didáctica),Mienstras el cuerpo aguante,1982,Fernando Trueba,"Biopic, Documental","El segon llargmetratge de Fernando Trueba torna a les sales amb una restauració feta a partir del negatiu original en 16 mm, trobat recentment. Un retrat lliure, musical i inclassificable de Chicho Sánchez Ferlosio, autor d’algunes de les cançons més emblemàtiques de la resistència antifranquista.",https://es.web.img3.acsta.net/c_160_213/pictures/17/09/04/12/52/159579.jpg,,,6.4,,,Zumzeig Cinecooperativa,2026-10-20T12:00:00+02:00,VO,es,,,,unknown,"General 7,50€; miércoles no festivos 5,50€; reducida 6€; socias 4,50€",https://zumzeigcine.coop/cinema/films/chicho-o-mientras-el-cuerpo-aguante-una-comedia-didactica/,https://www.codetickets.com/portal/zumzeigcooperativa/online/37483/102194,2026-10-08T06:57:23.141514+00:00
EYES WIDE SHUT,Eyes Wide Shut,1999,Stanley Kubrick,"Drama, Intriga","William, un respetable médico de la alta sociedad neoyorquina, parece tener un matrimonio perfecto. Pero, después de asistir a una fiesta, su esposa Alice le habla de unas fantasías eróticas. Una confesión que le atormenta y que provoca que, tras hablar con un viejo amigo, se obsesione por ir a una de las fiestas de una congregación secreta dedicada al placer sin límites donde los asistentes mantienen relaciones de forma anónima. Proyección en VOSE",https://phenomena-experience.com/obj/LCinesD_dat/eventos/JPg000ga.jpg,https://www.filmaffinity.com/es/evideos.php?movie_id=639471,6.9,7.5,76.0,74.0,Phenomena Experience,2026-10-20T15:25:00+02:00,VO,,es,,11.0,published,Precio según pase; consultar la ficha de la película,https://phenomena-experience.com/index?pag=cartelera,,2026-10-08T06:57:05.017772+00:00
The Miracle Worker,The Miracle Worker,1962,Arthur Penn,Drama,"Premi José María Nunes a la millor pel·lícula catalana de l’any Eva Libertad, directora de Sorda , Premi José María Nunes a la millor pel·lícula catalana de l'any , ha escollit aquest film com un dels principals referents durant la realització de la seva pel·lícula.",https://pics.filmaffinity.com/the_miracle_worker-804783178-large.jpg,https://www.filmaffinity.com/es/evideos.php?movie_id=462819,7.6,8.1,96.0,88.0,Filmoteca de Catalunya — Sales Chomón i Laya,2026-10-20T17:00:00+02:00,VO,,ca,DCP,,unknown,General 4€; reducida 3€; programación infantil 2€,https://www.filmoteca.cat/web/ca/film/miracle-worker,https://euromus.cultura.gencat.cat/filmoteca/venda/index.jsp?lang=1&nom_cache=FILMOTECA&property=FILMOTECA&codiActiv=1018&codiCicle=5,2026-10-08T06:57:58.924405+00:00
Amílcar,Amílcar,2026,Miguel Eek,Documental,"Un assaig documental sobre Amílcar Cabral, el poeta i revolucionari que va liderar la lluita anticolonial a Guinea-Bissau i Cap Verd. Un retrat poètic que combina material d’arxiu i imatges rodades en 16 mm per mostrar les idees sobre la justícia i la dignitat d’un visionari que avui continuen tenint plena vigència.",https://es.web.img2.acsta.net/c_160_213/img/61/61/616130c84e8059179bf5f8a9781bfc33.jpg,,,,,,Zumzeig Cinecooperativa,2026-10-20T17:00:00+02:00,VO,,es,,,unknown,"General 7,50€; miércoles no festivos 5,50€; reducida 6€; socias 4,50€",https://zumzeigcine.coop/cinema/films/amilcar/,https://www.codetickets.com/portal/zumzeigcooperativa/online/37485/102195,2026-10-08T06:57:25.739544+00:00
En el corazón de la bestia,Heart Of The Beast,2026,David Ayer,"Acción, Aventura","Un ex soldado herido y su perro militar luchan por sobrevivir en la naturaleza salvaje de Alaska. Enfrentando frío, soledad y peligros constantes, su vínculo será clave para regresar a casa.",https://es.web.img3.acsta.net/c_160_213/img/06/8b/068b23e941178cfd676278b44064f0e9.jpg,https://www.youtube.com/watch?v=Rh24D89hFMg,6.4,7.3,85.0,94.0,Phenomena Experience,2026-10-20T18:30:00+02:00,VO,,es,"4K, Dolby Atmos",12.0,published,Precio según pase; consultar la ficha de la película,https://phenomena-experience.com/index?pag=cartelera,,2026-10-08T06:57:05.017772+00:00
"‘Ella és un ell!’ El transvestisme de les actrius, del cinema silent al clàssic",,,,,"El transvestisme —o crossdressing, tal com s’anomena dins del sistema hollywoodià— ha estat present a la història del cinema des dels seus orígens.",,,,,,,Filmoteca de Catalunya — Sales Chomón i Laya,2026-10-20T19:00:00+02:00,,,,,,unknown,General 4€; reducida 3€; programación infantil 2€,https://www.filmoteca.cat/web/ca/film/ella-es-un-ell-el-transvestisme-de-les-actrius-del-cinema-silent-al-classic,,2026-10-08T06:58:38.858499+00:00
Inherent Vice,Inherent Vice,2014,Paul Thomas Anderson,"Comedia, Intriga","Califòrnia, 1970. Un detectiu consumidor persistent de marihuana queda atrapat en una investigació quan reapareix una antiga parella. Una adaptació esmunyedissa i hipnòtica de la novel·la de Thomas Pynchon, que, a la manera del Howard Hawks de The Big Sleep , converteix la confusió en estil amb trames que es bifurquen i personatges que entren i surten com aparicions.",https://pics.filmaffinity.com/inherent_vice-633642867-large.jpg,https://www.youtube.com/embed/jXM5VTSL7Hg,6.0,6.6,,,Filmoteca de Catalunya — Sales Chomón i Laya,2026-10-20T20:00:00+02:00,VO,,es,DCP,,unknown,General 4€; reducida 3€; programación infantil 2€,https://www.filmoteca.cat/web/ca/film/inherent-vice,https://euromus.cultura.gencat.cat/filmoteca/venda/index.jsp?lang=1&nom_cache=FILMOTECA&property=FILMOTECA&codiActiv=1017&codiCicle=19,2026-10-08T06:58:40.857491+00:00
LA BOLA NEGRA,La bola negra,2026,"Javier Ambrossi, Javier Calvo",Drama,"ESTRENO EL VIERNES 25 DE SEPTIEMBRE. Las vidas interconectadas de tres hombres en tres épocas distintas. Tres existencias íntimamente ligadas por la sexualidad y el deseo, el dolor y la herencia; y una de las últimas obras, inacabada, de Federico García Lorca. Proyección en Dolby Atmos y 4K",https://phenomena-experience.com/obj/LCinesD_dat/eventos/JPg000fb.jpg,https://www.youtube.com/watch?v=nXkdGP4VVWI,,8.0,92.0,,Phenomena Experience,2026-10-20T20:40:00+02:00,,,,"4K, Dolby Atmos",12.0,published,Precio según pase; consultar la ficha de la película,https://phenomena-experience.com/index?pag=cartelera,,2026-10-08T06:57:05.017772+00:00
"Mahmoud Darwich: et la terre, comme la langue...",,1998,Simone Bitton,,"El poeta palestí Mahmoud Darwich és un dels poetes més grans del segle XX, traduït a desenes de llengües i recitat de memòria per multituds. Entre entrevistes i fragments de recitals captats en directe, el film s’endinsa en la cadència inimitable dels seus versos i construeix el retrat d’un home que va fer de la paraula la seva única pàtria possible.",,,,,,,Filmoteca de Catalunya — Sales Chomón i Laya,2026-10-20T21:30:00+02:00,VO,,ca,Digital,,unknown,General 4€; reducida 3€; programación infantil 2€,https://www.filmoteca.cat/web/ca/film/mahmoud-darwich-et-la-terre-comme-la-langue,https://euromus.cultura.gencat.cat/filmoteca/venda/index.jsp?lang=1&nom_cache=FILMOTECA&property=FILMOTECA&codiActiv=1022&codiCicle=4,2026-10-08T06:58:13.134889+00:00
LA BOLA NEGRA,La bola negra,2026,"Javier Ambrossi, Javier Calvo",Drama,"ESTRENO EL VIERNES 25 DE SEPTIEMBRE. Las vidas interconectadas de tres hombres en tres épocas distintas. Tres existencias íntimamente ligadas por la sexualidad y el deseo, el dolor y la herencia; y una de las últimas obras, inacabada, de Federico García Lorca. Proyección en Dolby Atmos y 4K",https://phenomena-experience.com/obj/LCinesD_dat/eventos/JPg000fb.jpg,https://www.youtube.com/watch?v=nXkdGP4VVWI,,8.0,92.0,,Phenomena Experience,2026-10-21T15:10:00+02:00,,,,"4K, Dolby Atmos",12.0,published,Precio según pase; consultar la ficha de la película,https://phenomena-experience.com/index?pag=cartelera,,2026-10-08T06:57:05.017772+00:00
Tretya meshchanskaya,Tretya meshchanskaya,1927,Abram Room,"Drama, Comedia","L'avantguarda, al llit La revolució no consisteix només a transformar les relacions de producció o l'Estat, sinó també la vida quotidiana i la intimitat. A través d'un insòlit triangle amorós, la pel·lícula qüestiona les formes de convivència heretades del vell ordre davant de la possibilitat de noves relacions entre homes i dones.",https://pics.filmaffinity.com/tretya_meshchanskaya-295798012-large.jpg,https://www.filmaffinity.com/es/evideos.php?movie_id=442269,7.1,7.3,,81.0,Filmoteca de Catalunya — Sales Chomón i Laya,2026-10-21T17:00:00+02:00,,,,DCP,,unknown,General 4€; reducida 3€; programación infantil 2€,https://www.filmoteca.cat/web/ca/film/tretya-meshchanskaya,https://euromus.cultura.gencat.cat/filmoteca/venda/index.jsp?lang=1&nom_cache=FILMOTECA&property=FILMOTECA&codiActiv=960&codiCicle=66,2026-10-08T06:58:45.298695+00:00
Tasio,Tasio,1984,Montxo Armendáriz,Drama,"L’òpera prima de Montxo Armendáriz narra la vida de Tasio, un carboner navarrès obligat a treballar des de la infància per plantar cara a les dificultats econòmiques familiars.",https://pics.filmaffinity.com/tasio-579811390-large.jpg,https://www.filmaffinity.com/es/evideos.php?movie_id=524638,7.1,7.1,,,Filmoteca de Catalunya — Sales Chomón i Laya,2026-10-21T18:00:00+02:00,VO,,ca,DCP,,unknown,General 4€; reducida 3€; programación infantil 2€,https://www.filmoteca.cat/web/ca/film/tasio,https://euromus.cultura.gencat.cat/filmoteca/venda/index.jsp?lang=1&nom_cache=FILMOTECA&property=FILMOTECA&codiActiv=967&codiCicle=29,2026-10-08T06:57:13.210409+00:00
Indòmita llum,Indòmita llum,2026,Luis Sampieri,,"Una història d'aventures real, amb una protagonista que ens confronta amb els nostres prejudicis sobre la discapacitat i ens recorda que l’essencial no és als ulls, sinó a la mirada.",,,,,,,Zumzeig Cinecooperativa,2026-10-21T19:00:00+02:00,VO,,,,,unknown,"General 7,50€; miércoles no festivos 5,50€; reducida 6€; socias 4,50€",https://zumzeigcine.coop/cinema/films/indomita-llum/,https://www.codetickets.com/portal/zumzeigcooperativa/online/37724/102056,2026-10-08T06:57:46.950323+00:00
Wakolda,Wakolda,2013,Lucía Puenzo,"Drama, Thriller","A la Patagònia dels anys seixanta, una família argentina rep un misteriós doctor alemany que resulta ser Josef Mengele, l’infame metge nazi. La pel·lícula segueix les conseqüències d’aquesta arribada, explorant temes d’identitat, secrets i moralitat.",https://pics.filmaffinity.com/wakolda-503371792-large.jpg,https://www.filmaffinity.com/es/evideos.php?movie_id=203147,6.3,6.7,75.0,63.0,Filmoteca de Catalunya — Sales Chomón i Laya,2026-10-21T20:00:00+02:00,VO,,ca,Digital,,unknown,General 4€; reducida 3€; programación infantil 2€,https://www.filmoteca.cat/web/ca/film/wakolda,https://euromus.cultura.gencat.cat/filmoteca/venda/index.jsp?lang=1&nom_cache=FILMOTECA&property=FILMOTECA&codiActiv=966&codiCicle=34,2026-10-08T06:58:47.967702+00:00
Mur,Mur,2004,Simone Bitton,,"Una meditació cinematogràfica sobre el conflicte israelianopalestí signada per una realitzadora que desafia les fronteres de l’odi reivindicant la seva doble identitat, jueva i àrab.",,,,6.6,,,Filmoteca de Catalunya — Sales Chomón i Laya,2026-10-21T21:00:00+02:00,VO,,ca,Digital,,unknown,General 4€; reducida 3€; programación infantil 2€,https://www.filmoteca.cat/web/ca/film/mur,https://euromus.cultura.gencat.cat/filmoteca/venda/index.jsp?lang=1&nom_cache=FILMOTECA&property=FILMOTECA&codiActiv=1022&codiCicle=6,2026-10-08T06:58:21.028360+00:00
CALL ME BY YOUR NAME,Call Me by Your Name,2017,Luca Guadagnino,"Romance, Drama","Un joven pasa una vez más su verano en el norte de Italia. En una villa familiar del S.XVII, Elio ocupa sus días entre la música y el tonteo con Marzia. Pero la monotonía acaba cuando llega a la casa el nuevo ayudante de su padre, Oliver. Un chico inteligente y estudioso de 24 años que le cambia su vida para siempre. Proyección en VOSE.",https://phenomena-experience.com/obj/LCinesD_dat/eventos/JPg000at.jpg,https://www.filmaffinity.com/es/evideos.php?movie_id=850990,7.2,7.8,,,Phenomena Experience,2026-10-22T15:20:00+02:00,VO,,es,,11.0,published,Precio según pase; consultar la ficha de la película,https://phenomena-experience.com/index?pag=cartelera,,2026-10-08T06:57:05.017772+00:00
Mr. Klein,Mr. Klein,1976,Joseph Losey,,"Al París ocupat pels nazis, un marxant s’aprofita de la situació dels jueus perseguits per comprar, a baix preu, les seves obres d’art. Un dia descobreix que algú, un jueu, ha adoptat el seu nom.",,,,7.5,100.0,88.0,Filmoteca de Catalunya — Sales Chomón i Laya,2026-10-22T17:00:00+02:00,VO,,es,35 mm,,unknown,General 4€; reducida 3€; programación infantil 2€,https://www.filmoteca.cat/web/ca/film/mr-klein,https://euromus.cultura.gencat.cat/filmoteca/venda/index.jsp?lang=1&nom_cache=FILMOTECA&property=FILMOTECA&codiActiv=966&codiCicle=36,2026-10-08T06:58:50.369197+00:00
La Odisea,The Odyssey,2026,Christopher Nolan,"Acción, Fantasía","Tras la guerra de Troya, Odiseo se enfrenta un peligroso viaje de 10 años para regresar a Ítaca, superando dioses, monstruos y desafíos épicos. Mientras tanto, su esposa Penélope resiste a los pretendientes que amenazan su reino.",https://es.web.img3.acsta.net/c_160_213/img/1a/23/1a238e79ea26da69c2ff751c232c60e3.png,https://www.youtube.com/watch?v=NUIIc9gZOcQ,7.6,8.4,,,Phenomena Experience,2026-10-22T18:00:00+02:00,VO,,es,70 mm,18.0,published,Precio según pase; consultar la ficha de la película,https://phenomena-experience.com/index?pag=cartelera,,2026-10-08T06:57:05.017772+00:00
John Berger des del cinema i la televisió.,,,,,"Els vincles de John Berger amb el mitjà audiovisual estan marcats pel programa Ways of Seeing (1972) i, sobretot, pel cèlebre llibre homònim",,,,,,,Filmoteca de Catalunya — Sales Chomón i Laya,2026-10-22T19:00:00+02:00,,,,,,unknown,General 4€; reducida 3€; programación infantil 2€,https://www.filmoteca.cat/web/ca/film/john-berger-des-del-cinema-i-la-televisio,,2026-10-08T06:58:52.801210+00:00
Fromzero Sessions #7,,,,,"Les sessions de Fromzero Sessions presenten el cinema més jove, salvatge i atrevit del panorama actual cinematogràfic. Curtmetratges d'alta qualitat, premiats i seleccionats en els millors festivals de cinema del món.",,,,,,,Zumzeig Cinecooperativa,2026-10-22T19:00:00+02:00,,,,,,unknown,"General 7,50€; miércoles no festivos 5,50€; reducida 6€; socias 4,50€",https://zumzeigcine.coop/cinema/films/fromzero-sessions-7/,https://www.codetickets.com/portal/zumzeigcooperativa/online/37784/102124,2026-10-08T06:57:49.878332+00:00
The Master,The Master,2012,Paul Thomas Anderson,Drama,"Una radiografia brillant de l’Amèrica de la postguerra a partir del retrat de la creació individual d’una organització religiosa, inspirada directament en l’Església de la Cienciologia",https://pics.filmaffinity.com/the_master-521616486-large.jpg,https://www.youtube.com/embed/jXM5VTSL7Hg,6.3,7.1,85.0,62.0,Filmoteca de Catalunya — Sales Chomón i Laya,2026-10-22T20:00:00+02:00,VO,,ca,Digital,,unknown,General 4€; reducida 3€; programación infantil 2€,https://www.filmoteca.cat/web/ca/film/master,https://euromus.cultura.gencat.cat/filmoteca/venda/index.jsp?lang=1&nom_cache=FILMOTECA&property=FILMOTECA&codiActiv=1017&codiCicle=18,2026-10-08T06:57:56.852073+00:00
Filibus,,1915,Mario Rocoroni,,"Canvis d'identitat, disfresses, una base d'operacions flotant i una heroïna desvergonyida.",,,,,,,Filmoteca de Catalunya — Sales Chomón i Laya,2026-10-22T21:30:00+02:00,,,,DCP,,unknown,General 4€; reducida 3€; programación infantil 2€,https://www.filmoteca.cat/web/ca/film/filibus,https://euromus.cultura.gencat.cat/filmoteca/venda/index.jsp?lang=1&nom_cache=FILMOTECA&property=FILMOTECA&codiActiv=960&codiCicle=65,2026-10-08T06:58:10.751417+00:00
LA BOLA NEGRA,La bola negra,2026,"Javier Ambrossi, Javier Calvo",Drama,"ESTRENO EL VIERNES 25 DE SEPTIEMBRE. Las vidas interconectadas de tres hombres en tres épocas distintas. Tres existencias íntimamente ligadas por la sexualidad y el deseo, el dolor y la herencia; y una de las últimas obras, inacabada, de Federico García Lorca. Proyección en Dolby Atmos y 4K",https://phenomena-experience.com/obj/LCinesD_dat/eventos/JPg000fb.jpg,https://www.youtube.com/watch?v=nXkdGP4VVWI,,8.0,92.0,,Phenomena Experience,2026-10-22T21:30:00+02:00,,,,"4K, Dolby Atmos",12.0,published,Precio según pase; consultar la ficha de la película,https://phenomena-experience.com/index?pag=cartelera,,2026-10-08T06:57:05.017772+00:00
La Odisea,The Odyssey,2026,Christopher Nolan,"Acción, Fantasía","Tras la guerra de Troya, Odiseo se enfrenta un peligroso viaje de 10 años para regresar a Ítaca, superando dioses, monstruos y desafíos épicos. Mientras tanto, su esposa Penélope resiste a los pretendientes que amenazan su reino.",https://es.web.img3.acsta.net/c_160_213/img/1a/23/1a238e79ea26da69c2ff751c232c60e3.png,https://www.youtube.com/watch?v=NUIIc9gZOcQ,7.6,8.4,,,Phenomena Experience,2026-10-23T16:00:00+02:00,VO,,es,70 mm,18.0,published,Precio según pase; consultar la ficha de la película,https://phenomena-experience.com/index?pag=cartelera,,2026-10-08T06:57:05.017772+00:00
Rikugun,陸軍,1944,Keisuke Kinoshita,Drama,"Un film encarregat per l’exèrcit japonès en què Kinuyo Tanaka interpreta la mare d’una família de forta tradició militar que, durant la Segona Guerra Mundial, es debat entre el patriotisme i els seus sentiments.",https://pics.filmaffinity.com/rikugun_the_army-536305649-large.jpg,,6.1,6.5,,,Filmoteca de Catalunya — Sales Chomón i Laya,2026-10-23T17:00:00+02:00,VO,,es,35 mm,,unknown,General 4€; reducida 3€; programación infantil 2€,https://www.filmoteca.cat/web/ca/film/rikugun,https://euromus.cultura.gencat.cat/filmoteca/venda/index.jsp?lang=1&nom_cache=FILMOTECA&property=FILMOTECA&codiActiv=1020&codiCicle=5,2026-10-08T06:58:54.859361+00:00
Atenció amb la còlera femenina! | Sessió de curtmetratges,,,Diverses autories,,"Què passa quan les nasty women s’enfaden? Tant si és la teva dona com la veïna, quan una nasty women és a prop teu, procura no fer-la emprenyar!",,,,,,,Filmoteca de Catalunya — Sales Chomón i Laya,2026-10-23T18:00:00+02:00,,,,"DCP, 35 mm",,unknown,General 4€; reducida 3€; programación infantil 2€,https://www.filmoteca.cat/web/ca/film/atencio-amb-la-colera-femenina-sessio-de-curtmetratges,https://euromus.cultura.gencat.cat/filmoteca/venda/index.jsp?lang=1&nom_cache=FILMOTECA&property=FILMOTECA&codiActiv=1019&codiCicle=4,2026-10-08T06:58:27.939943+00:00
The Seasons in Quincy: Four Portraits of John Berger,,2016,Diverses autories,,"Un retrat de John Berger durant els seus últims anys al poble de Quincy, als Alps francesos, on el pensador i escriptor britànic es va adonar que el cultiu de l’agricultura de subsistència practicada durant mil·lennis arribava a la seva fi, i va decidir participar activament en aquesta manera de viure.",,,,,,,Filmoteca de Catalunya — Sales Chomón i Laya,2026-10-23T20:00:00+02:00,VO,,ca,DCP,,unknown,General 4€; reducida 3€; programación infantil 2€,https://www.filmoteca.cat/web/ca/film/seasons-quincy-four-portraits-john-berger,https://euromus.cultura.gencat.cat/filmoteca/venda/index.jsp?lang=1&nom_cache=FILMOTECA&property=FILMOTECA&codiActiv=1021&codiCicle=2,2026-10-08T06:58:57.336108+00:00
Rachel,Rachel,2009,Simone Bitton,Documental,"Es deia Rachel Corrie, tenia vint-i-tres anys i creia que la seva nacionalitat nord-americana bastaria per convertir-la en un escut humà eficaç. El 16 de març de 2003, a Gaza, va morir aixafada per una excavadora israeliana.",https://pics.filmaffinity.com/rachel-577020775-large.jpg,,,7.5,,,Filmoteca de Catalunya — Sales Chomón i Laya,2026-10-23T21:00:00+02:00,VO,,ca,Digital,,unknown,General 4€; reducida 3€; programación infantil 2€,https://www.filmoteca.cat/web/ca/film/rachel,https://euromus.cultura.gencat.cat/filmoteca/venda/index.jsp?lang=1&nom_cache=FILMOTECA&property=FILMOTECA&codiActiv=1022&codiCicle=8,2026-10-08T06:58:32.114511+00:00
Minions & Monsters,Minions & Monsters,2026,Pierre Coffin,"Animación, Aventura, Comedia","Los Minions llegan a Hollywood, alcanzan la fama y provocan un desastre de proporciones monstruosas. Ahora deberán unirse para reparar el caos que ellos mismos desataron.",https://pics.filmaffinity.com/minions_monsters-361124995-large.jpg,https://www.youtube.com/watch?v=-_Ajqzp5iIQ,5.7,6.3,89.0,75.0,Cine Yelmo Westfield La Maquinista,2026-10-24T16:00:00+02:00,,,,Digital,,unknown,Tarifa variable; consultar el pase de La Maquinista,https://www.filmaffinity.com/es/theater-showtimes.php?id=220,https://www.awin1.com/cread.php?awinmid=24761&awinaffid=1474736&ued=https%3A%2F%2Fcine.entradas.com%2Fcine%2Fbarcelona%2Fcine-yelmo-westfield-la-maquinista%2Fevento%2F45540%2Fminions-monsters%3Fmode%3Dwidget%26change%3D0,2026-09-21T09:17:45.870590+02:00
Invitation to the Dance,Invitation to the Dance,1956,Gene Kelly,Musical,"En el primer film que Gene Kelly va dirigir en solitari s’envoltà d’una plèiade de grans dansaires que exhibien el seu talent al llarg dels tres episodis de què es compon la pel·lícula: “Circus”, on també apareix el ballarí rus Ígor Iuskévitx; “Ring Around the Rosy”, també amb Iuskévitx i Tamara Tumànova, i “Simbad the Sailor”, en què Kelly balla amb dibuixos animats creats per Hanna-Barbera.",https://pics.filmaffinity.com/invitation_to_the_dance-650127576-large.jpg,https://www.filmaffinity.com/es/evideos.php?movie_id=427501,6.5,6.4,,72.0,Filmoteca de Catalunya — Sales Chomón i Laya,2026-10-24T17:00:00+02:00,,,,DCP,,unknown,General 4€; reducida 3€; programación infantil 2€,https://www.filmoteca.cat/web/ca/film/invitation-dance,https://euromus.cultura.gencat.cat/filmoteca/venda/index.jsp?lang=1&nom_cache=FILMOTECA&property=FILMOTECA&codiActiv=959&codiCicle=89,2026-10-08T06:58:03.263521+00:00
Mr. Klein,Mr. Klein,1976,Joseph Losey,,"Al París ocupat pels nazis, un marxant s’aprofita de la situació dels jueus perseguits per comprar, a baix preu, les seves obres d’art. Un dia descobreix que algú, un jueu, ha adoptat el seu nom.",,,,7.5,100.0,88.0,Filmoteca de Catalunya — Sales Chomón i Laya,2026-10-24T18:00:00+02:00,VO,,es,35 mm,,unknown,General 4€; reducida 3€; programación infantil 2€,https://www.filmoteca.cat/web/ca/film/mr-klein,https://euromus.cultura.gencat.cat/filmoteca/venda/index.jsp?lang=1&nom_cache=FILMOTECA&property=FILMOTECA&codiActiv=966&codiCicle=37,2026-10-08T06:58:50.369197+00:00
There Will Be Blood,There Will Be Blood,2007,Paul Thomas Anderson,Drama,“Per les meravelloses imatges de There Will Be Blood circula una substància altament nutritiva per als cinèfils amants de la mitologia del western.,https://pics.filmaffinity.com/there_will_be_blood-674254950-large.jpg,https://www.youtube.com/embed/jXM5VTSL7Hg,7.3,8.2,,,Filmoteca de Catalunya — Sales Chomón i Laya,2026-10-24T20:00:00+02:00,VO,,ca,DCP,,unknown,General 4€; reducida 3€; programación infantil 2€,https://www.filmoteca.cat/web/ca/film/there-will-be-blood,https://euromus.cultura.gencat.cat/filmoteca/venda/index.jsp?lang=1&nom_cache=FILMOTECA&property=FILMOTECA&codiActiv=1017&codiCicle=15,2026-10-08T06:57:24.707381+00:00
Narayama bushikô,Narayama bushikô,1958,Keisuke Kinoshita,,"Als mísers poblats de camperols, quan els vells deixaven de ser productius, eren portats al mont Narayama per morir-hi amb dignitat. Kinoshita va recrear aquesta antiga llegenda japonesa utilitzant els elements escènics i musicals del teatre kabuki.",,,,7.8,86.0,88.0,Filmoteca de Catalunya — Sales Chomón i Laya,2026-10-24T21:00:00+02:00,,,,DCP,,unknown,General 4€; reducida 3€; programación infantil 2€,https://www.filmoteca.cat/web/ca/film/narayama-bushiko,https://euromus.cultura.gencat.cat/filmoteca/venda/index.jsp?lang=1&nom_cache=FILMOTECA&property=FILMOTECA&codiActiv=1020&codiCicle=7,2026-10-08T06:58:59.796694+00:00
BLADE RUNNER: THE FINAL CUT,Blade Runner,1982,Ridley Scott,"Ciencia ficción, Acción","A principios del siglo XXI, la poderosa Tyrell Corporation creó, gracias a los avances de la ingeniería genética, un robot llamado Nexus 6, un ser virtualmente idéntico al hombre pero superior a él en fuerza y agilidad, al que se dio el nombre de Replicante. Estos robots trabajaban como esclavos en las colonias exteriores de la Tierra. Después de la sangrienta rebelión de un equipo de Nexus-6, los Replicantes fueron desterrados de la Tierra. Brigadas especiales de policía, los Blade Runners, tenían órdenes de matar a todos los que no hubieran acatado la condena. Pero a esto no se le llamaba ejecución, se le llamaba ""retiro"". Proyección en Dolby Atmos, 4K y VOSE).",https://phenomena-experience.com/obj/LCinesD_dat/eventos/JPg0008v.jpg,https://www.filmaffinity.com/es/evideos.php?movie_id=358476,8.1,8.1,89.0,91.0,Phenomena Experience,2026-10-24T23:10:00+02:00,VO,,es,"4K, Dolby Atmos",12.0,published,Precio según pase; consultar la ficha de la película,https://phenomena-experience.com/index?pag=cartelera,,2026-10-08T06:57:05.017772+00:00
LA BOLA NEGRA,La bola negra,2026,"Javier Ambrossi, Javier Calvo",Drama,"ESTRENO EL VIERNES 25 DE SEPTIEMBRE. Las vidas interconectadas de tres hombres en tres épocas distintas. Tres existencias íntimamente ligadas por la sexualidad y el deseo, el dolor y la herencia; y una de las últimas obras, inacabada, de Federico García Lorca. Proyección en Dolby Atmos y 4K",https://phenomena-experience.com/obj/LCinesD_dat/eventos/JPg000fb.jpg,https://www.youtube.com/watch?v=nXkdGP4VVWI,,8.0,92.0,,Cinemes Verdi + Verdi Park,2026-10-25T11:30:00+01:00,,es,,,,unknown,"Lunes 5,90€; martes–viernes 8,50€; sábados, domingos y festivos 10€",https://barcelona.cines-verdi.com/sesion-teta-la-bola-negra,,2026-10-05T10:16:15.686102+02:00
Minions & Monsters,Minions & Monsters,2026,Pierre Coffin,"Animación, Aventura, Comedia","Los Minions llegan a Hollywood, alcanzan la fama y provocan un desastre de proporciones monstruosas. Ahora deberán unirse para reparar el caos que ellos mismos desataron.",https://pics.filmaffinity.com/minions_monsters-361124995-large.jpg,https://www.youtube.com/watch?v=-_Ajqzp5iIQ,5.7,6.3,89.0,75.0,Cine Yelmo Westfield La Maquinista,2026-10-25T16:00:00+01:00,,,,Digital,,unknown,Tarifa variable; consultar el pase de La Maquinista,https://www.filmaffinity.com/es/theater-showtimes.php?id=220,https://www.awin1.com/cread.php?awinmid=24761&awinaffid=1474736&ued=https%3A%2F%2Fcine.entradas.com%2Fcine%2Fbarcelona%2Fcine-yelmo-westfield-la-maquinista%2Fevento%2F45541%2Fminions-monsters%3Fmode%3Dwidget%26change%3D0,2026-09-21T09:17:45.870590+02:00
A ritme de clàssics | Sessió de curtmetratges,,,Diverses autories,,"El cinema ha jugat amb la dansa, el ritme i el moviment des dels seus inicis. A través de cinc curtmetratges clàssics plens d’humor, fantasia i creativitat, veurem com els cossos expliquen històries, fan riure i converteixen els gestos més quotidians en una autèntica coreografia.",,,,,,,Filmoteca de Catalunya — Sales Chomón i Laya,2026-10-25T17:00:00+01:00,VO,,ca,"DCP, Digital",,unknown,General 4€; reducida 3€; programación infantil 2€,https://www.filmoteca.cat/web/ca/film/ritme-de-classics-sessio-de-curtmetratges,https://euromus.cultura.gencat.cat/filmoteca/venda/index.jsp?lang=1&nom_cache=FILMOTECA&property=FILMOTECA&codiActiv=959&codiCicle=90,2026-10-08T06:59:02.653188+00:00
Tretya meshchanskaya,Tretya meshchanskaya,1927,Abram Room,"Drama, Comedia","L'avantguarda, al llit La revolució no consisteix només a transformar les relacions de producció o l'Estat, sinó també la vida quotidiana i la intimitat. A través d'un insòlit triangle amorós, la pel·lícula qüestiona les formes de convivència heretades del vell ordre davant de la possibilitat de noves relacions entre homes i dones.",https://pics.filmaffinity.com/tretya_meshchanskaya-295798012-large.jpg,https://www.filmaffinity.com/es/evideos.php?movie_id=442269,7.1,7.3,,81.0,Filmoteca de Catalunya — Sales Chomón i Laya,2026-10-25T18:00:00+01:00,,,,DCP,,unknown,General 4€; reducida 3€; programación infantil 2€,https://www.filmoteca.cat/web/ca/film/tretya-meshchanskaya,https://euromus.cultura.gencat.cat/filmoteca/venda/index.jsp?lang=1&nom_cache=FILMOTECA&property=FILMOTECA&codiActiv=960&codiCicle=67,2026-10-08T06:58:45.298695+00:00
Inherent Vice,Inherent Vice,2014,Paul Thomas Anderson,"Comedia, Intriga","Califòrnia, 1970. Un detectiu consumidor persistent de marihuana queda atrapat en una investigació quan reapareix una antiga parella. Una adaptació esmunyedissa i hipnòtica de la novel·la de Thomas Pynchon, que, a la manera del Howard Hawks de The Big Sleep , converteix la confusió en estil amb trames que es bifurquen i personatges que entren i surten com aparicions.",https://pics.filmaffinity.com/inherent_vice-633642867-large.jpg,https://www.youtube.com/embed/jXM5VTSL7Hg,6.0,6.6,,,Filmoteca de Catalunya — Sales Chomón i Laya,2026-10-25T20:00:00+01:00,VO,,es,DCP,,unknown,General 4€; reducida 3€; programación infantil 2€,https://www.filmoteca.cat/web/ca/film/inherent-vice,https://euromus.cultura.gencat.cat/filmoteca/venda/index.jsp?lang=1&nom_cache=FILMOTECA&property=FILMOTECA&codiActiv=1017&codiCicle=20,2026-10-08T06:58:40.857491+00:00
Wakolda,Wakolda,2013,Lucía Puenzo,"Drama, Thriller","A la Patagònia dels anys seixanta, una família argentina rep un misteriós doctor alemany que resulta ser Josef Mengele, l’infame metge nazi. La pel·lícula segueix les conseqüències d’aquesta arribada, explorant temes d’identitat, secrets i moralitat.",https://pics.filmaffinity.com/wakolda-503371792-large.jpg,https://www.filmaffinity.com/es/evideos.php?movie_id=203147,6.3,6.7,75.0,63.0,Filmoteca de Catalunya — Sales Chomón i Laya,2026-10-25T21:00:00+01:00,VO,,ca,Digital,,unknown,General 4€; reducida 3€; programación infantil 2€,https://www.filmoteca.cat/web/ca/film/wakolda,https://euromus.cultura.gencat.cat/filmoteca/venda/index.jsp?lang=1&nom_cache=FILMOTECA&property=FILMOTECA&codiActiv=966&codiCicle=35,2026-10-08T06:58:47.967702+00:00
OLVÍDATE DE MÍ,Eternal Sunshine of the Spotless Mind,2004,Michel Gondry,"Drama, Romance, Comedia, Ciencia ficción","Tras una dolorosa ruptura, Joel descubre que su exnovia Clementine ha hecho que borren de su memoria todos los recuerdos de su tormentosa relación. Decidido a superar la separación, acude a la clínica del Dr. Howard Mierzwiak para que también borre a Clementine de su memoria. Pero durante el proceso, su memoria tratará de salvar estos recuerdos. Proyección en 35 mm y VOSE",https://phenomena-experience.com/obj/LCinesD_dat/eventos/JPg000b4.jpg,https://www.filmaffinity.com/es/evideos.php?movie_id=982810,7.6,8.3,93.0,94.0,Phenomena Experience,2026-10-25T21:35:00+01:00,VO,,es,35 mm,11.0,published,Precio según pase; consultar la ficha de la película,https://phenomena-experience.com/index?pag=cartelera,,2026-10-08T06:57:05.017772+00:00
HER,Her,2013,Spike Jonze,"Ciencia ficción, Romance, Drama","En un futur pròxim, Theodore, un home solitari a punt de divorciar-se que treballa en una empresa com a escriptor de cartes per a terceres persones, compra un dia un nou sistema operatiu basat en el model d’intel·ligència artificial, dissenyat per a satisfer totes les necessitats de l’usuari. Sorprenentment, es crea una relació romàntica entre ell i Samantha, la veu femenina d’aquest sistema operatiu.",https://espaitexas.cat/wp-content/uploads/2026/09/cartela-her-768x1086.png,https://www.filmaffinity.com/es/evideos.php?movie_id=889720,7.5,7.9,,,Espai Texas — Cinemes Texas,2026-10-26T19:00:00+01:00,VO,en,es,,,unknown,Lunes–viernes 6€; jueves del espectador 4€; fin de semana 8€,https://espaitexas.cat/pelicula/her/,https://espaitexas.koobin.cat/ca/her-vose-20261026-1900,2026-10-08T06:57:53.580713+00:00
Soplo de esplendor,,1972,Carlos Benpar,,"Rodada entre el 1968 i el 1973, Soplo de esplendor és una de les obres més singulars sorgides del cinema català independent de finals del franquisme.",,,,,,,Filmoteca de Catalunya — Sales Chomón i Laya,2026-10-27T18:00:00+01:00,VO,es,,DCP,,unknown,General 4€; reducida 3€; programación infantil 2€,https://www.filmoteca.cat/web/ca/film/soplo-de-esplendor,,2026-10-08T06:59:05.009585+00:00
Voluntad que vence / L'indomptée,,1919,Salvador Castelló,,"Rodada el 1919 i estrenada el 1920, Voluntad que vence és una peça excepcional del cinema mut barceloní, dirigida per Salvador Castelló, operador, director i productor actiu en algunes de les principals companyies del cinema català dels anys deu. La restauració que es presenta s’ha dut a terme en col·laboració amb la Cinémathèque Française a partir dels materials conservats per aquesta institució.",,,,,,,Filmoteca de Catalunya — Sales Chomón i Laya,2026-10-27T20:00:00+01:00,,,,DCP,,unknown,General 4€; reducida 3€; programación infantil 2€,https://www.filmoteca.cat/web/ca/film/voluntad-que-vence-lindomptee,,2026-10-08T06:59:07.028103+00:00
The Royal Ballet: Manon (2026-27),The Royal Ballet: Manon (2026-27),2026,"Kenneth MacMilan, Koen Kessels",,"Als baixos fons del París del segle XVIII, els diners són el rei. Res no és sagrat, fins i tot l'amor té un preu. Manon, assídua d'aquest submón hedonista, es veu atrapada entre dos desitjos quan s'enamora de l'estudiant Des Grieux. Des Grieux, lleial i abnegat, us ofereix la possibilitat d'una vida honorable. I tot i així, la riquesa que promet el món de la societat parisenca continua sent temptadora... La lluita i l'angoixa de Manon per sobreviure es troben al devastador epicentre de l'adaptació de Kenneth MacMillan de la novel·la del 1974 d'Abbé Prévost. En aquesta obra cimera de The Royal Ballet, la visió analítica de MacMillan de la psicologia de l'ésser humà ofereix un retrat honest de la degradació del París de Manon, alhora que la seva decadència i declivi prenen vida gràcies a la partitura de Jules Massenet i el vestuari de Nicholas Georgiadis.",https://www.bizcochito.es/img/tt111914-es-pos.webp,,,,,,Cinemes Girona,2026-10-27T20:15:00+01:00,VO,,es,,17.0,published,Lun./mar./jue. 7€; miércoles 5€; vie./sáb./dom. 9€; Atmos +1€,https://www.cinemesgirona.cat/the-royal-ballet-manon-2026-27,https://girona.admit-one.eu/?p=tickets&perfCode=40511&language=CAT,2026-09-15T09:45:19.894000+02:00
Central Park West,,1995,Allan Arkush,,,https://pics.filmaffinity.com/central_park_west-783865351-large.jpg,,,,,,Mooby Aribau / Aribau Cinema,2026-10-27T20:15:00+01:00,,,,,,unknown,"L–J laborables 9€; miércoles 6,50€; vie./sáb./festivos 10€",https://www.filmaffinity.com/es/theater-showtimes.php?id=223,https://moobycinemas-aribau.admit-one.eu/?p=tickets&perfCode=68766&language=esp&theatre=28,2026-09-29T07:43:08.954816+00:00
Central Park West,,1995,Allan Arkush,,,https://pics.filmaffinity.com/central_park_west-783865351-large.jpg,,,,,,Mooby Bosque,2026-10-27T20:15:00+01:00,,,,,,unknown,"L–J laborables 9€; miércoles 6,50€; vie./sáb./festivos 10€; VOSE 6,50€",https://www.filmaffinity.com/es/theater-showtimes.php?id=224,https://moobycinemas-bosque.admit-one.eu/?p=tickets&perfCode=139518&language=esp&theatre=27,2026-09-30T07:03:59.947818+00:00
Rikugun,陸軍,1944,Keisuke Kinoshita,Drama,"Un film encarregat per l’exèrcit japonès en què Kinuyo Tanaka interpreta la mare d’una família de forta tradició militar que, durant la Segona Guerra Mundial, es debat entre el patriotisme i els seus sentiments.",https://pics.filmaffinity.com/rikugun_the_army-536305649-large.jpg,,6.1,6.5,,,Filmoteca de Catalunya — Sales Chomón i Laya,2026-10-27T21:00:00+01:00,VO,,es,35 mm,,unknown,General 4€; reducida 3€; programación infantil 2€,https://www.filmoteca.cat/web/ca/film/rikugun,https://euromus.cultura.gencat.cat/filmoteca/venda/index.jsp?lang=1&nom_cache=FILMOTECA&property=FILMOTECA&codiActiv=1020&codiCicle=6,2026-10-08T06:58:54.859361+00:00
Queen Kelly,,1928,Erich von Stroheim,,"Abdicar La història de Hollywood està plena de les pel·lícules que es van arribar a fer, però també de les restes de totes aquelles que mai no es van poder completar, abandonades per una indústria que als anys vint ja funcionava a ple rendiment.",,,,,,,Filmoteca de Catalunya — Sales Chomón i Laya,2026-10-28T17:00:00+01:00,,,,DCP,,unknown,General 4€; reducida 3€; programación infantil 2€,https://www.filmoteca.cat/web/ca/film/queen-kelly,https://euromus.cultura.gencat.cat/filmoteca/venda/index.jsp?lang=1&nom_cache=FILMOTECA&property=FILMOTECA&codiActiv=960&codiCicle=68,2026-10-08T06:59:09.412993+00:00
Temporalment benvinguts.,,,,,"Aquesta conferència il·lustrada proposa una activació crítica de materials audiovisuals sobre l’emigració espanyola a Europa entre les dècades del 1950 i el 1970, conservats en diversos arxius.",,,,,,,Filmoteca de Catalunya — Sales Chomón i Laya,2026-10-28T18:00:00+01:00,,,,,,unknown,General 4€; reducida 3€; programación infantil 2€,https://www.filmoteca.cat/web/ca/film/temporalment-benvinguts,,2026-10-08T06:59:11.875527+00:00
Genealogies de la crítica feminista,,,,,La sessió traçarà una genealogia de les relacions entre crítica feminista i crítica cinematogràfica dels feminismes dels anys 70 a partir de la publicació Vindicación Feminista (1976-1979).,,,,,,,Filmoteca de Catalunya — Sales Chomón i Laya,2026-10-28T19:00:00+01:00,,,,,,unknown,General 4€; reducida 3€; programación infantil 2€,https://www.filmoteca.cat/web/ca/film/genealogies-de-la-critica-feminista,,2026-10-08T06:59:14.530980+00:00
Licorice Pizza,Licorice Pizza,2021,Paul Thomas Anderson,"Comedia, Drama, Romance",Un adolescent espavilat de quinze anys inicia una relació amb una noia deu anys més gran que ell.,https://pics.filmaffinity.com/licorice_pizza-862632135-large.jpg,https://www.youtube.com/embed/jXM5VTSL7Hg,6.5,7.1,90.0,65.0,Filmoteca de Catalunya — Sales Chomón i Laya,2026-10-28T20:00:00+01:00,VO,,ca,DCP,,unknown,General 4€; reducida 3€; programación infantil 2€,https://www.filmoteca.cat/web/ca/film/licorice-pizza,https://euromus.cultura.gencat.cat/filmoteca/venda/index.jsp?lang=1&nom_cache=FILMOTECA&property=FILMOTECA&codiActiv=1017&codiCicle=24,2026-10-08T06:59:17.423753+00:00
Ziyara,,2020,Simone Bitton,,"El Marroc va tenir una població jueva de més de 300.000 persones fins a la dècada de 1950. A partir de llavors, i fins just després de la Guerra dels Sis Dies, el juny del 1967, aquesta població va emigrar en massa cap a països com França, Israel o els Estats Units. La família de la cineasta Simone Bitton es va instal·lar a França. Com a part d’un pelegrinatge cinematogràfic a les seves arrels jueves, la directora Simone Bitton s’embarca en un viatge per carretera a través del Marroc per reunir-se amb els guardians musulmans de la memòria jueva del país, i un d’ells es pregunta: com seria avui el Marroc si els jueus s’hi haguessin quedat?",,,,,,,Filmoteca de Catalunya — Sales Chomón i Laya,2026-10-28T21:00:00+01:00,VO,,ca,DCP,,unknown,General 4€; reducida 3€; programación infantil 2€,https://www.filmoteca.cat/web/ca/film/ziyara,https://euromus.cultura.gencat.cat/filmoteca/venda/index.jsp?lang=1&nom_cache=FILMOTECA&property=FILMOTECA&codiActiv=1022&codiCicle=10,2026-10-08T06:58:36.836512+00:00
Queen Kelly,,1928,Erich von Stroheim,,"Abdicar La història de Hollywood està plena de les pel·lícules que es van arribar a fer, però també de les restes de totes aquelles que mai no es van poder completar, abandonades per una indústria que als anys vint ja funcionava a ple rendiment.",,,,,,,Filmoteca de Catalunya — Sales Chomón i Laya,2026-10-29T17:00:00+01:00,,,,DCP,,unknown,General 4€; reducida 3€; programación infantil 2€,https://www.filmoteca.cat/web/ca/film/queen-kelly,https://euromus.cultura.gencat.cat/filmoteca/venda/index.jsp?lang=1&nom_cache=FILMOTECA&property=FILMOTECA&codiActiv=960&codiCicle=71,2026-10-08T06:59:09.412993+00:00
Narayama bushikô,Narayama bushikô,1958,Keisuke Kinoshita,,"Als mísers poblats de camperols, quan els vells deixaven de ser productius, eren portats al mont Narayama per morir-hi amb dignitat. Kinoshita va recrear aquesta antiga llegenda japonesa utilitzant els elements escènics i musicals del teatre kabuki.",,,,7.8,86.0,88.0,Filmoteca de Catalunya — Sales Chomón i Laya,2026-10-29T18:00:00+01:00,,,,DCP,,unknown,General 4€; reducida 3€; programación infantil 2€,https://www.filmoteca.cat/web/ca/film/narayama-bushiko,https://euromus.cultura.gencat.cat/filmoteca/venda/index.jsp?lang=1&nom_cache=FILMOTECA&property=FILMOTECA&codiActiv=1020&codiCicle=10,2026-10-08T06:58:59.796694+00:00
Suportant el paradís,Suportant el paradís,2026,Marga Melià,Documental,Què passa quan un lloc deixa de pertànyer als qui l’habiten? Una reflexió col·lectiva sobre com la turistificació i la gentrificació estan diluint la identitat de llocs com Mallorca i fent cada vegada més difícil la vida dels seus habitants.,https://pics.filmaffinity.com/suportant_el_paradis-225781640-large.jpg,,,,,,Zumzeig Cinecooperativa,2026-10-29T19:00:00+01:00,VO,ca,es,,7.5,published,"General 7,50€; miércoles no festivos 5,50€; reducida 6€; socias 4,50€",https://zumzeigcine.coop/cinema/films/suportant-el-paradis/,https://www.codetickets.com/portal/zumzeigcooperativa/online/37274/101230,2026-10-08T06:57:52.799023+00:00
Magnolia,,1997,Paul Thomas Anderson,,"Les vides d’un ancià que, abans de morir, vol tornar a veure el fill al qual va abandonar, de dos presentadors de televisió i d’un agent de policia s’encreuen a Califòrnia en el decurs d’un sol dia…",,https://www.youtube.com/embed/jXM5VTSL7Hg,,,,,Filmoteca de Catalunya — Sales Chomón i Laya,2026-10-29T20:00:00+01:00,VO,,ca,35 mm,,unknown,General 4€; reducida 3€; programación infantil 2€,https://www.filmoteca.cat/web/ca/film/magnolia,https://euromus.cultura.gencat.cat/filmoteca/venda/index.jsp?lang=1&nom_cache=FILMOTECA&property=FILMOTECA&codiActiv=1017&codiCicle=9,2026-10-08T06:57:11.062535+00:00
The Seasons in Quincy: Four Portraits of John Berger,,2016,Diverses autories,,"Un retrat de John Berger durant els seus últims anys al poble de Quincy, als Alps francesos, on el pensador i escriptor britànic es va adonar que el cultiu de l’agricultura de subsistència practicada durant mil·lennis arribava a la seva fi, i va decidir participar activament en aquesta manera de viure.",,,,,,,Filmoteca de Catalunya — Sales Chomón i Laya,2026-10-29T21:00:00+01:00,VO,,ca,DCP,,unknown,General 4€; reducida 3€; programación infantil 2€,https://www.filmoteca.cat/web/ca/film/seasons-quincy-four-portraits-john-berger,https://euromus.cultura.gencat.cat/filmoteca/venda/index.jsp?lang=1&nom_cache=FILMOTECA&property=FILMOTECA&codiActiv=1021&codiCicle=3,2026-10-08T06:58:57.336108+00:00
Inherent Vice,Inherent Vice,2014,Paul Thomas Anderson,"Comedia, Intriga","Califòrnia, 1970. Un detectiu consumidor persistent de marihuana queda atrapat en una investigació quan reapareix una antiga parella. Una adaptació esmunyedissa i hipnòtica de la novel·la de Thomas Pynchon, que, a la manera del Howard Hawks de The Big Sleep , converteix la confusió en estil amb trames que es bifurquen i personatges que entren i surten com aparicions.",https://pics.filmaffinity.com/inherent_vice-633642867-large.jpg,https://www.youtube.com/embed/jXM5VTSL7Hg,6.0,6.6,,,Filmoteca de Catalunya — Sales Chomón i Laya,2026-10-30T17:00:00+01:00,VO,,es,DCP,,unknown,General 4€; reducida 3€; programación infantil 2€,https://www.filmoteca.cat/web/ca/film/inherent-vice,https://euromus.cultura.gencat.cat/filmoteca/venda/index.jsp?lang=1&nom_cache=FILMOTECA&property=FILMOTECA&codiActiv=1017&codiCicle=21,2026-10-08T06:58:40.857491+00:00
The Secret Life of Words | 100 Years and You Everywhere,,2005,Isabel Coixet,,Una dona solitària i enigmàtica que intenta fugir del seu passat arriba a una plataforma petroliera enmig del mar per cuidar un home a qui un accident ha deixat temporalment cec.,,,,,,,Filmoteca de Catalunya — Sales Chomón i Laya,2026-10-30T18:00:00+01:00,VO,,es,DCP,,unknown,General 4€; reducida 3€; programación infantil 2€,https://www.filmoteca.cat/web/ca/film/secret-life-words-100-years-and-you-everywhere,https://euromus.cultura.gencat.cat/filmoteca/venda/index.jsp?lang=1&nom_cache=FILMOTECA&property=FILMOTECA&codiActiv=1021&codiCicle=5,2026-10-08T06:59:20.000591+00:00
Phantom Thread,Phantom Thread,2017,Paul Thomas Anderson,"Drama, Romance","L’amor com a motor creatiu i de desordre? Com a element de perill? Una aproximació indirecta a l’univers Balenciaga, amb la moda com a objecte d’una obsessió.",https://pics.filmaffinity.com/phantom_thread-546159231-large.jpg,https://www.youtube.com/embed/jXM5VTSL7Hg,6.8,7.4,,,Filmoteca de Catalunya — Sales Chomón i Laya,2026-10-30T20:00:00+01:00,VO,,ca,DCP,,unknown,General 4€; reducida 3€; programación infantil 2€,https://www.filmoteca.cat/web/ca/film/phantom-thread,https://euromus.cultura.gencat.cat/filmoteca/venda/index.jsp?lang=1&nom_cache=FILMOTECA&property=FILMOTECA&codiActiv=1017&codiCicle=23,2026-10-08T06:59:22.124534+00:00
Queen Kelly,,1928,Erich von Stroheim,,"Abdicar La història de Hollywood està plena de les pel·lícules que es van arribar a fer, però també de les restes de totes aquelles que mai no es van poder completar, abandonades per una indústria que als anys vint ja funcionava a ple rendiment.",,,,,,,Filmoteca de Catalunya — Sales Chomón i Laya,2026-10-30T21:00:00+01:00,,,,DCP,,unknown,General 4€; reducida 3€; programación infantil 2€,https://www.filmoteca.cat/web/ca/film/queen-kelly,https://euromus.cultura.gencat.cat/filmoteca/venda/index.jsp?lang=1&nom_cache=FILMOTECA&property=FILMOTECA&codiActiv=960&codiCicle=70,2026-10-08T06:59:09.412993+00:00
Carrie,Carrie,1976,Brian De Palma,"Terror, Drama","Carrie White, una tímida adolescente que vive con su madre, una fanática religiosa, es objeto de las burlas constantes de sus compañeros de instituto. Cuando, en las duchas del gimnasio, la chica sufre un ataque de histeria al tener su primera menstruación, a una de sus compañeras se le ocurre gastarle una  broma macabra durante la fiesta de graduación. Lo que todos ignoran es que Carrie posee poderes telequinésicos. Adaptación de la novela homónima de Stephen King.",https://pics.filmaffinity.com/carrie-272592030-large.jpg,https://www.filmaffinity.com/es/evideos.php?movie_id=283316,7.0,7.4,94.0,77.0,Mooby Bosque,2026-10-30T21:00:00+01:00,VO,,es,,,unknown,"L–J laborables 9€; miércoles 6,50€; vie./sáb./festivos 10€; VOSE 6,50€",https://www.filmaffinity.com/es/theater-showtimes.php?id=224,https://moobycinemas-bosque.admit-one.eu/?p=tickets&perfCode=136453&language=esp&theatre=27,2026-09-30T07:03:59.947818+00:00
A ritme de clàssics | Sessió de curtmetratges,,,Diverses autories,,"El cinema ha jugat amb la dansa, el ritme i el moviment des dels seus inicis. A través de cinc curtmetratges clàssics plens d’humor, fantasia i creativitat, veurem com els cossos expliquen històries, fan riure i converteixen els gestos més quotidians en una autèntica coreografia.",,,,,,,Filmoteca de Catalunya — Sales Chomón i Laya,2026-10-31T17:00:00+01:00,VO,,ca,"DCP, Digital",,unknown,General 4€; reducida 3€; programación infantil 2€,https://www.filmoteca.cat/web/ca/film/ritme-de-classics-sessio-de-curtmetratges,https://euromus.cultura.gencat.cat/filmoteca/venda/index.jsp?lang=1&nom_cache=FILMOTECA&property=FILMOTECA&codiActiv=959&codiCicle=92,2026-10-08T06:59:02.653188+00:00
One Battle After Another,One Battle After Another,2025,Paul Thomas Anderson,"Thriller, Acción, Drama, Comedia","El thriller, la sàtira política i el drama familiar formen un còctel explosiu en aquesta adaptació lliure de la novel·la de Thomas Pynchon Vineland .",https://pics.filmaffinity.com/one_battle_after_another-992235034-large.jpg,https://www.youtube.com/embed/jXM5VTSL7Hg,6.9,7.6,94.0,85.0,Filmoteca de Catalunya — Sales Chomón i Laya,2026-10-31T17:30:00+01:00,VO,,es,DCP,,unknown,General 4€; reducida 3€; programación infantil 2€,https://www.filmoteca.cat/web/ca/film/one-battle-after-another,https://euromus.cultura.gencat.cat/filmoteca/venda/index.jsp?lang=1&nom_cache=FILMOTECA&property=FILMOTECA&codiActiv=1017&codiCicle=26,2026-10-08T06:59:24.511092+00:00
A Woman Under the Influence | Non! Tu ne sortiras pas sans moi!,,1974,John Cassavetes,,"A Woman Under the Influence retrata el desencaix entre les expectatives vitals i els rols socials que estructuren la vida familiar. Mabel Longhetti, mestressa de casa i mare de tres fills, intenta sostenir la seva vida familiar al costat del seu marit Nick, un obrer de la construcció de Los Angeles, mentre el seu comportament cada vegada més erràtic posa en crisi els equilibris afectius i socials que l’envolten.",,,,,,,Filmoteca de Catalunya — Sales Chomón i Laya,2026-10-31T20:00:00+01:00,VO,,ca,DCP,,unknown,General 4€; reducida 3€; programación infantil 2€,https://www.filmoteca.cat/web/ca/film/woman-under-influence-non-tu-ne-sortiras-pas-sans-moi,https://euromus.cultura.gencat.cat/filmoteca/venda/index.jsp?lang=1&nom_cache=FILMOTECA&property=FILMOTECA&codiActiv=1019&codiCicle=6,2026-10-08T06:59:26.515644+00:00
Licorice Pizza,Licorice Pizza,2021,Paul Thomas Anderson,"Comedia, Drama, Romance",Un adolescent espavilat de quinze anys inicia una relació amb una noia deu anys més gran que ell.,https://pics.filmaffinity.com/licorice_pizza-862632135-large.jpg,https://www.youtube.com/embed/jXM5VTSL7Hg,6.5,7.1,90.0,65.0,Filmoteca de Catalunya — Sales Chomón i Laya,2026-10-31T20:45:00+01:00,VO,,ca,DCP,,unknown,General 4€; reducida 3€; programación infantil 2€,https://www.filmoteca.cat/web/ca/film/licorice-pizza,https://euromus.cultura.gencat.cat/filmoteca/venda/index.jsp?lang=1&nom_cache=FILMOTECA&property=FILMOTECA&codiActiv=1017&codiCicle=25,2026-10-08T06:59:17.423753+00:00
PROGRAMA DOBLE SORPRESA HALLOWEEN,Halloween Surprise Double Bill,2026,Director 1 y Director 2,,"""El verdadero destructor de la paz interior es el miedo"" - Dalai Lama. Este Halloween vamos a destruir tu paz interior. Por partida doble. Proyección en VOSE",https://phenomena-experience.com/obj/LCinesD_dat/eventos/JPg000gb.jpg,,,,,,Phenomena Experience,2026-10-31T22:00:00+01:00,,,,,15.0,published,Precio según pase; consultar la ficha de la película,https://phenomena-experience.com/index?pag=cartelera,,2026-10-08T06:57:05.017772+00:00
A ritme de clàssics | Sessió de curtmetratges,,,Diverses autories,,"El cinema ha jugat amb la dansa, el ritme i el moviment des dels seus inicis. A través de cinc curtmetratges clàssics plens d’humor, fantasia i creativitat, veurem com els cossos expliquen històries, fan riure i converteixen els gestos més quotidians en una autèntica coreografia.",,,,,,,Filmoteca de Catalunya — Sales Chomón i Laya,2026-11-01T17:00:00+01:00,VO,,ca,"DCP, Digital",,unknown,General 4€; reducida 3€; programación infantil 2€,https://www.filmoteca.cat/web/ca/film/ritme-de-classics-sessio-de-curtmetratges,https://euromus.cultura.gencat.cat/filmoteca/venda/index.jsp?lang=1&nom_cache=FILMOTECA&property=FILMOTECA&codiActiv=959&codiCicle=93,2026-10-08T06:59:02.653188+00:00
Eduardo Manostijeras,Edward Scissorhands,1990,Tim Burton,"Fantástico, Drama","Durante una noche de Navidad, una anciana le cuenta a su nieta la historia de Eduardo Manostijeras (Johnny Depp), un muchacho creado por un extravagante inventor (Vincent Price) que no pudo acabar su obra, dejando al joven con cuchillas en lugar de manos. (FILMAFFINITY)",https://pics.filmaffinity.com/edward_scissorhands-367797250-large.jpg,https://www.filmaffinity.com/es/evideos.php?movie_id=827774,7.7,7.8,92.0,91.0,Mooby Bosque,2026-11-01T18:15:00+01:00,VO,,es,,,unknown,"L–J laborables 9€; miércoles 6,50€; vie./sáb./festivos 10€; VOSE 6,50€",https://www.filmaffinity.com/es/theater-showtimes.php?id=224,https://moobycinemas-bosque.admit-one.eu/?p=tickets&perfCode=136454&language=esp&theatre=27,2026-09-30T07:03:59.947818+00:00
Sem terra: La lluita per la terra al Brasil,,2026,Ferran Domènech Tona,,"Una exploració sobre la importància de posar la propietat de la terra a debat, tant per la situació actual de l'habitatge, com a l'àmbit rural. A través dels testimonis dels membres del Moviment dels Treballadors Rurals Sense Terra (MST), del Brasil, la pel·lícula fa un seguiment d'una situació que fa anys que afecta aquesta comunitat.",,,,,,,Zumzeig Cinecooperativa,2026-11-05T19:00:00+01:00,,,,,,unknown,"General 7,50€; miércoles no festivos 5,50€; reducida 6€; socias 4,50€",https://zumzeigcine.coop/cinema/films/sem-terra-lluita-terra-brasil/,https://www.codetickets.com/portal/zumzeigcooperativa/online/37778/102118,2026-10-08T06:57:55.352387+00:00
Gilda,Gilda,1946,Charles Vidor,"Cine negro, Drama, Romance, Thriller","Johnny Farrell (Glenn Ford), un aventurero que vive de hacer trampas en el juego, recala en Buenos Aires. Allí lo saca de un apuro Ballin Mundson, el propietario de un lujoso casino, que acaba haciendo de él su hombre de confianza. Un día, Mundson le presenta a su esposa Gilda. Su sorpresa no tiene límites: fue ella precisamente quien lo convirtió en lo que es: un ser cínico y amargado. (FILMAFFINITY)",https://pics.filmaffinity.com/gilda-420745665-large.jpg,https://www.filmaffinity.com/es/evideos.php?movie_id=943832,7.7,7.6,90.0,88.0,Mooby Gran Sarrià Club,2026-11-05T20:00:00+01:00,VO,,es,,,unknown,L–J laborables 11€; vie./sáb./festivos 13€,https://www.filmaffinity.com/es/theater-showtimes.php?id=227,https://moobycinemas-sarria.admit-one.eu/?p=tickets&perfCode=113673&language=esp&theatre=26,2026-09-21T09:17:45.870590+02:00
Krakatoa,Krakatoa,2026,Carlos Casas,Drama,Un pescador sobreviu a l'erupció volcànica més gran de la història i acaba desemparat a una illa deserta. Allà s'embarcarà en un viatge que farà viure als espectadors una experiència sobre el desconegut del planeta que habitem.,https://pics.filmaffinity.com/krakatoa-244224647-large.jpg,,,6.1,,,Zumzeig Cinecooperativa,2026-11-07T19:00:00+01:00,VO,,es,,,unknown,"General 7,50€; miércoles no festivos 5,50€; reducida 6€; socias 4,50€",https://zumzeigcine.coop/cinema/films/krakatoa/,https://www.codetickets.com/portal/zumzeigcooperativa/online/37776/102116,2026-10-08T06:57:58.051740+00:00
HISTÒRIES DE LA VALL BONA,Historias del buen valle,2025,José Luis Guerín,Documental,"En un barri perifèric, entre el món rural i l’urbà, coexisteixen les cases dels primers migrants, els qui van arribar després de la postguerra, i els nous blocs de la ciutat dormitori, on es concentra la nova migració, convertint aquest humil racó en un autèntic llogaret global. Historias del buen valle és una suma d’imaginaris, de conflictes socials, generacionals i identitaris, urbanístics i ecològics; però també una mirada reposada i humanista sobre el món actual.",https://espaitexas.cat/wp-content/uploads/2026/02/cartelhistorias-768x1086.jpg,https://www.filmaffinity.com/es/evideos.php?movie_id=644986,7.4,7.2,,,Espai Texas — Cinemes Texas,2026-11-09T19:00:00+01:00,VO,"CATALÀ, CASTELLÀ I ALTRES",ca,,,unknown,Lunes–viernes 6€; jueves del espectador 4€; fin de semana 8€,https://espaitexas.cat/pelicula/historias-del-buen-valle/,https://espaitexas.koobin.cat/ca/histories-de-la-vall-bona-vosc-20261109-1900,2026-10-08T06:57:55.689554+00:00
The Royal Opera: Carmen (2026-27),The Royal Opera: Carmen (2026-27),2026,Sesto Quatrini,Òpera,"Sota la calor opressiva del sol espanyol, la ferotgement independent Carmen atrau l'atenció de Don José. Ella l'adverteix que no s'enamori d'ella, però la seva obsessió no coneix límits. Torna la producció abrasadora de Damiano Michieletto, que il·lumina amb força la luxúria, la violència i el desig destructiu de l'òpera sempre popular de Bizet. Un repartiment estel·lar dóna vida a aquest drama ardent, amb Ginger Costa-Jackson en el paper principal, juntament amb Russell Thomas com el gelós i desesperat Don José. Després del seu debut a la Royal Opera el 2023, Sesto Quatrini torna per dirigir la partitura electrificant i sensual de Bizet.",https://www.bizcochito.es/img/tt111916-es-pos.webp,,,,,,Cinemes Girona,2026-11-10T20:00:00+01:00,VO,,es,,17.0,published,Lun./mar./jue. 7€; miércoles 5€; vie./sáb./dom. 9€; Atmos +1€,https://www.cinemesgirona.cat/the-royal-opera-carmen-2026-27,https://girona.admit-one.eu/?p=tickets&perfCode=40512&language=CAT,2026-09-15T09:45:19.894000+02:00
Romeo y Julieta. Ballet Ópera de París 26/27,Romeo y Julieta. Ballet Ópera de París 26/27,2026,Rudolf Nureyev,Ballet,,https://www.bizcochito.es/img/tt112491-es-pos.webp,,,,,,Cinemes Girona,2026-11-12T16:00:00+01:00,VO,,es,,10.0,published,Lun./mar./jue. 7€; miércoles 5€; vie./sáb./dom. 9€; Atmos +1€,https://www.cinemesgirona.cat/romeo-y-julieta-ballet-opera-de-paris-26-27,https://girona.admit-one.eu/?p=tickets&perfCode=40513&language=CAT,2026-09-15T09:45:19.894000+02:00
A Woman Under the Influence | Non! Tu ne sortiras pas sans moi!,,1974,John Cassavetes,,"A Woman Under the Influence retrata el desencaix entre les expectatives vitals i els rols socials que estructuren la vida familiar. Mabel Longhetti, mestressa de casa i mare de tres fills, intenta sostenir la seva vida familiar al costat del seu marit Nick, un obrer de la construcció de Los Angeles, mentre el seu comportament cada vegada més erràtic posa en crisi els equilibris afectius i socials que l’envolten.",,,,,,,Filmoteca de Catalunya — Sales Chomón i Laya,2026-11-13T18:00:00+01:00,VO,,ca,DCP,,unknown,General 4€; reducida 3€; programación infantil 2€,https://www.filmoteca.cat/web/ca/film/woman-under-influence-non-tu-ne-sortiras-pas-sans-moi,,2026-10-08T06:59:26.515644+00:00
Rocky,Rocky,1976,John G. Avildsen,Drama,"Rocky Balboa es un desconocido boxeador a quien se le ofrece la posibilidad de pelear por el título mundial de los pesos pesados. Con una gran fuerza de voluntad, Rocky se prepara concienzudamente para el combate y también para los cambios que acabarán produciéndose en su vida. (FILMAFFINITY)",https://pics.filmaffinity.com/rocky-253483905-large.jpg,https://www.filmaffinity.com/es/evideos.php?movie_id=192554,7.1,8.1,93.0,69.0,Mooby Aribau / Aribau Cinema,2026-11-13T21:00:00+01:00,VO,,es,,,unknown,"L–J laborables 9€; miércoles 6,50€; vie./sáb./festivos 10€",https://www.filmaffinity.com/es/theater-showtimes.php?id=223,https://moobycinemas-aribau.admit-one.eu/?p=tickets&perfCode=67582&language=esp&theatre=28,2026-09-29T07:43:08.954816+00:00
KOLLEKTIVET (LA COMUNA),Kollektivet,2016,Thomas Vinterberg,Drama,"Dinamarca, anys setanta. Un matrimoni decideix convertir casa seva en una comuna. La parella descobrirà així les peculiaritats de la vida col·lectiva. Erik i Anna hereten una gran casa als afores de Copenhaguen i decideixen convertir-la en una comuna, compartint-la amb amics i desconeguts. Entre sopars, discussions i noves relacions, la convivència sembla funcionar fins que l’aparició d’una altra dona posa en crisi l’amor de la parella i l’equilibri de tota la comunitat.",https://espaitexas.cat/wp-content/uploads/2026/09/poster-kollektivet-768x1152.jpg,https://www.filmaffinity.com/es/evideos.php?movie_id=855472,5.6,6.4,,,Espai Texas — Cinemes Texas,2026-11-16T19:00:00+01:00,VO,DANÈS,es,,,unknown,Lunes–viernes 6€; jueves del espectador 4€; fin de semana 8€,https://espaitexas.cat/pelicula/kollektivet-la-comuna/,https://espaitexas.koobin.cat/ca/kollektivet-vose-20261116-1900,2026-10-08T06:57:57.967341+00:00
Romeo y Julieta. Ballet Ópera de París 26/27,Romeo y Julieta. Ballet Ópera de París 26/27,2026,Rudolf Nureyev,Ballet,,https://www.bizcochito.es/img/tt112491-es-pos.webp,,,,,,Cinemes Girona,2026-11-16T19:15:00+01:00,VO,,es,,10.0,published,Lun./mar./jue. 7€; miércoles 5€; vie./sáb./dom. 9€; Atmos +1€,https://www.cinemesgirona.cat/romeo-y-julieta-ballet-opera-de-paris-26-27,https://girona.admit-one.eu/?p=tickets&perfCode=40514&language=CAT,2026-09-15T09:45:19.894000+02:00
Pavarotti 90 El Gran Tributo,Pavarotti 90 The Great Tribute,2025,,,"""Pavarotti 90"" va ser un gran concert de tribut mundial celebrat el 30 de setembre de 2025 a l'Arena di Verona per honrar el 90è aniversari del naixement del llegendari tenor Luciano Pavarotti. L'esdeveniment va reunir figures estel·lars com Andrea Bocelli, Plácido Domingo, José Carreras i Laura Pausini.",https://www.bizcochito.es/img/tt113404-es-pos.webp,,,,,,Cinemes Girona,2026-11-19T16:00:00+01:00,VO,,es,,10.0,published,Lun./mar./jue. 7€; miércoles 5€; vie./sáb./dom. 9€; Atmos +1€,https://www.cinemesgirona.cat/pavarotti-90-el-gran-tributo,https://girona.admit-one.eu/?p=tickets&perfCode=40515&language=CAT,2026-09-15T09:45:19.894000+02:00
Una cuestión de tiempo,About Time,2013,Richard Curtis,"Romance, Comedia, Fantástico","Tim Lake (Domhnall Gleeson) es un joven de 21 años que descubre que puede viajar en el tiempo. Su padre (Bill Nighy) le cuenta que todos los hombres de la familia han tenido desde siempre ese don, el de regresar en el tiempo a un momento determinado, una y otra vez, hasta conseguir hacer ""lo correcto"". Así pues, Tim decide volver al pasado para intentar conquistar a Mary (Rachel McAdams), la chica de sus sueños. (FILMAFFINITY)",https://pics.filmaffinity.com/about_time-988331421-large.jpg,https://www.filmaffinity.com/es/evideos.php?movie_id=784063,7.0,7.8,70.0,82.0,Mooby Balmes,2026-11-19T20:00:00+01:00,VO,,es,,,unknown,"L–J laborables 9€; miércoles 6,50€; vie./sáb./festivos 10€",https://www.filmaffinity.com/es/theater-showtimes.php?id=542,https://moobycinemas-balmes.admit-one.eu/?p=tickets&perfCode=187010&language=esp&theatre=29,2026-09-21T09:17:45.870590+02:00
THE HUMAN SCALE,,2012,,,"Les ciutats modernes eren considerades motors de creixement i van ser projectades entorn de l’automòbil. Ara, els experts reivindiquen un canvi radical de model que prioritzi a les persones.",https://espaitexas.cat/wp-content/uploads/2026/09/cartela-the-human-scale-768x1086.png,,,,,,Espai Texas — Cinemes Texas,2026-11-23T19:00:00+01:00,VO,en,es,,,unknown,Lunes–viernes 6€; jueves del espectador 4€; fin de semana 8€,https://espaitexas.cat/pelicula/the-human-scale/,https://espaitexas.koobin.cat/ca/the-human-scale-vose-20261123-1900,2026-10-08T06:58:00.334681+00:00
Pavarotti 90 El Gran Tributo,Pavarotti 90 The Great Tribute,2025,,,"""Pavarotti 90"" va ser un gran concert de tribut mundial celebrat el 30 de setembre de 2025 a l'Arena di Verona per honrar el 90è aniversari del naixement del llegendari tenor Luciano Pavarotti. L'esdeveniment va reunir figures estel·lars com Andrea Bocelli, Plácido Domingo, José Carreras i Laura Pausini.",https://www.bizcochito.es/img/tt113404-es-pos.webp,,,,,,Cinemes Girona,2026-11-23T20:00:00+01:00,VO,,es,,10.0,published,Lun./mar./jue. 7€; miércoles 5€; vie./sáb./dom. 9€; Atmos +1€,https://www.cinemesgirona.cat/pavarotti-90-el-gran-tributo,https://girona.admit-one.eu/?p=tickets&perfCode=40516&language=CAT,2026-09-15T09:45:19.894000+02:00
La ciudad de las estrellas (La La Land),La La Land,2016,Damien Chazelle,"Musical, Romance, Comedia, Drama","Mia (Emma Stone), una joven aspirante a actriz que trabaja como camarera mientras acude a castings, y Sebastian (Ryan Gosling), un pianista de jazz que se gana la vida tocando en sórdidos tugurios, se enamoran, pero su gran ambición por llegar a la cima en sus carreras artísticas amenaza con separarlos. (FILMAFFINITY)",https://pics.filmaffinity.com/la_la_land-262021831-large.jpg,https://www.filmaffinity.com/es/evideos.php?movie_id=689956,7.5,8.0,91.0,82.0,Mooby Aribau / Aribau Cinema,2026-11-27T21:00:00+01:00,VO,,es,,,unknown,"L–J laborables 9€; miércoles 6,50€; vie./sáb./festivos 10€",https://www.filmaffinity.com/es/theater-showtimes.php?id=223,https://moobycinemas-aribau.admit-one.eu/?p=tickets&perfCode=68998&language=esp&theatre=28,2026-09-29T07:43:08.954816+00:00
SNOWPIERCER,Snowpiercer,2013,Bong Joon-ho,"Ciencia ficción, Thriller, Acción","Un fallit experiment per a solucionar el problema de l’escalfament global gairebé va acabar destruint la vida sobre la Terra. Els únics supervivents van ser els passatgers del Snowpiercer, un tren que recorre el món impulsat per un motor de moviment etern. Adaptació de la novel·la gràfica Le Transperceneige , escrita per Jean-Marc Rochette i Jacques Loeb.",https://espaitexas.cat/wp-content/uploads/2026/09/poster-snowpiercer.jpg,https://www.filmaffinity.com/es/evideos.php?movie_id=245452,6.4,7.1,,,Espai Texas — Cinemes Texas,2026-11-30T19:00:00+01:00,VO,en,es,,,unknown,Lunes–viernes 6€; jueves del espectador 4€; fin de semana 8€,https://espaitexas.cat/pelicula/cicle-artec/,https://espaitexas.koobin.cat/ca/snowpiercer-vose-20261130-1900,2026-10-08T06:57:40.755574+00:00
El cascanueces (ROH),The Nutcracker (ROH),,,Ballet,"En una acollidora festa nadalenca, la jove Clara coneix el misteriós mag Drosselmeyer, que li regala una nina trencanous. Quan els convidats marxen i tots a la casa dormen, Clara baixa les escales a la recerca del canell, però al seu lloc, es troba amb Drosselmeyer, que la transporta per art de màgia a un món encantat: increïbles paisatges de remolins de neu i una fantasia centellejant, en què les joguines no cobren vida i la màgia. La producció de Peter Wright d'aquest clàssic nadalenc per a tota la família enlluerna acompanyada del meravellós desplegament de la partitura orquestral de Txaikovski i la brillantor i la majestuositat del vestidor d'època de Julia Trevelyan Oman.",https://www.bizcochito.es/img/tt113421-es-pos.webp,,,,,,Cinemes Girona,2026-12-01T20:15:00+01:00,,,,,17.0,published,Lun./mar./jue. 7€; miércoles 5€; vie./sáb./dom. 9€; Atmos +1€,https://www.cinemesgirona.cat/el-cascanueces-roh,https://girona.admit-one.eu/?p=tickets&perfCode=40517&language=CAT,2026-09-15T09:45:19.894000+02:00
El caso McMartin,Indictment: The McMartin Trial,1995,Mick Jackson,"Drama, Thriller","Judy Johnson, madre de un niño que iba al jardín de infancia McMartin, llamó a la policía de Manhattan en julio de 1983. Le dijo al oficial que su hijo tenía una mancha roja, y le mencionó el nombre de Ray, un hombre que trabajaba en el jardín de infancia. (FILMAFFINITY)",https://pics.filmaffinity.com/indictment_the_mcmartin_trial-578269889-large.jpg,,6.5,7.5,,80.0,Mooby Aribau / Aribau Cinema,2026-12-01T20:15:00+01:00,,,,,,unknown,"L–J laborables 9€; miércoles 6,50€; vie./sáb./festivos 10€",https://www.filmaffinity.com/es/theater-showtimes.php?id=223,https://moobycinemas-aribau.admit-one.eu/?p=tickets&perfCode=68768&language=esp&theatre=28,2026-09-29T07:43:08.954816+00:00
El caso McMartin,Indictment: The McMartin Trial,1995,Mick Jackson,"Drama, Thriller","Judy Johnson, madre de un niño que iba al jardín de infancia McMartin, llamó a la policía de Manhattan en julio de 1983. Le dijo al oficial que su hijo tenía una mancha roja, y le mencionó el nombre de Ray, un hombre que trabajaba en el jardín de infancia. (FILMAFFINITY)",https://pics.filmaffinity.com/indictment_the_mcmartin_trial-578269889-large.jpg,,6.5,7.5,,80.0,Mooby Bosque,2026-12-01T20:15:00+01:00,,,,,,unknown,"L–J laborables 9€; miércoles 6,50€; vie./sáb./festivos 10€; VOSE 6,50€",https://www.filmaffinity.com/es/theater-showtimes.php?id=224,https://moobycinemas-bosque.admit-one.eu/?p=tickets&perfCode=139520&language=esp&theatre=27,2026-09-30T07:03:59.947818+00:00
Un tranvía llamado Deseo,A Streetcar Named Desire,1951,Elia Kazan,Drama,"Blanche está acostumbrada a vivir en el lujo, por eso no parece estar dispuesta a darse cuenta de que su familia se ha arruinado. Ni siquiera afronta la realidad cuando va a Nueva Orleans y se instala con su hermana, Stella, y su maleducado cuñado Stanley, quien no disimula su desagrado ante la recién llegada. Pero el verdadero problema de Blanche es su frágil estabilidad emocional y mental. Proyección en VOSE",https://pics.filmaffinity.com/a_streetcar_named_desire-958480971-large.jpg,https://www.filmaffinity.com/es/evideos.php?movie_id=953782,8.0,7.9,97.0,89.0,Mooby Gran Sarrià Club,2026-12-03T20:00:00+01:00,VO,,es,,,unknown,L–J laborables 11€; vie./sáb./festivos 13€,https://www.filmaffinity.com/es/theater-showtimes.php?id=227,https://moobycinemas-sarria.admit-one.eu/?p=tickets&perfCode=117156&language=esp&theatre=26,2026-09-21T09:17:45.870590+02:00
Cisne negro,Black Swan,2010,Darren Aronofsky,Drama,"Nina (Natalie Portman), una brillante bailarina que forma parte de una compañía de ballet de Nueva York, vive completamente absorbida por la danza. La presión de su controladora madre (Barbara Hershey), la rivalidad con su compañera Lily (Mila Kunis) y las exigencias del severo director (Vincent Cassel) se irán incrementando a medida que se acerca el día del estreno. Esta tensión provoca en Nina un agotamiento nervioso y una confusión mental que la incapacitan para distinguir entre realidad y ficción. (FILMAFFINITY)",https://pics.filmaffinity.com/black_swan-861293346-large.jpg,https://www.filmaffinity.com/es/evideos.php?movie_id=458406,7.6,8.0,85.0,84.0,Mooby Balmes,2026-12-10T20:00:00+01:00,VO,,es,,,unknown,"L–J laborables 9€; miércoles 6,50€; vie./sáb./festivos 10€",https://www.filmaffinity.com/es/theater-showtimes.php?id=542,https://moobycinemas-balmes.admit-one.eu/?p=tickets&perfCode=187008&language=esp&theatre=29,2026-09-21T09:17:45.870590+02:00
Love Actually,Love Actually,2003,Richard Curtis,"Romance, Comedia","En Londres, poco antes de las Navidades, se entrelazan una serie de historias divertidas y conmovedoras. ""Love, Actually"" es una manera abreviada de decir “Love Actually Is All Around” y éste es precisamente el argumento de la película: mires a donde mires, encontrarás el amor en todas partes. Todos los personajes, cada uno a su manera (un primer ministro, una vieja estrella del rock, una asistenta portuguesa que sólo habla su idioma), están relacionados con los aspectos más divertidos, tristes, ingenuos y estúpidos del amor. (FILMAFFINITY)",https://pics.filmaffinity.com/love_actually-840408587-large.jpg,https://www.filmaffinity.com/es/evideos.php?movie_id=153436,6.8,7.5,65.0,72.0,Mooby Aribau / Aribau Cinema,2026-12-11T21:00:00+01:00,VO,,es,,,unknown,"L–J laborables 9€; miércoles 6,50€; vie./sáb./festivos 10€",https://www.filmaffinity.com/es/theater-showtimes.php?id=223,https://moobycinemas-aribau.admit-one.eu/?p=tickets&perfCode=68999&language=esp&theatre=28,2026-09-29T07:43:08.954816+00:00
El lago de los cisnes. Ballet Ópera de París 26/27,El lago de los cisnes. Ballet Ópera de París 26/27,2026,Rudolf Nureyev,Ballet,"El lago de los cisnes narra la tràgica història d'amor entre el príncep Sigfrid i Odette, una bella jove convertida en cigne pel malvat bruixot Rothbart. Només un veritable jurament d'amor pot trencar la maledicció, però l'engany d'Odile, el cigne negre, desencadena un desenllaç fatal.",https://www.bizcochito.es/img/tt112492-es-pos.webp,,,,,,Cinemes Girona,2026-12-14T19:15:00+01:00,VO,,es,,10.0,published,Lun./mar./jue. 7€; miércoles 5€; vie./sáb./dom. 9€; Atmos +1€,https://www.cinemesgirona.cat/el-lago-de-los-cisnes-ballet-opera-de-paris-26-27,https://girona.admit-one.eu/?p=tickets&perfCode=40518&language=CAT,2026-09-15T09:45:19.894000+02:00
Dune: Parte Tres,Dune: Part Three,2026,Denis Villeneuve,"Ciencia ficción, Aventuras, Acción, Drama, Intriga","Diecisiete años después de su ascenso al trono, Paul Atreides reina como el Mesías desde Arrakis mientras la yihad librada en su nombre ha segado miles de millones de vidas. Atormentado por visiones de una extinción inevitable, debe enfrentar una conspiración mortal orquestada por las Bene Gesserit, los Tleilaxu y la Cofradía Espacial. Mientras Chani lidia con el rechazo a un imperio que no reconoce, el regreso de un espectro del pasado amenaza con desestabilizarlo todo. El Camino Dorado exige ahora un sacrificio final: su humanidad o el caos absoluto. La arena ya no promete redención, solo el peso de profecías quebradas. Tercera parte de 'Dune'. Estreno: diciembre 2026",https://pics.filmaffinity.com/dune_part_three-983168343-large.jpg,https://www.filmaffinity.com/es/evideos.php?movie_id=766877,,,,,Cinesa Diagonal,2026-12-15T19:00:00+01:00,,,,,,unknown,"Tarifa variable; seleccionar cine, fecha y sesión",https://www.filmaffinity.com/es/theater-showtimes.php?id=217,https://web.cinesa.es/compra/butacas/?showtimeId=012-54373,2026-09-21T09:17:45.870590+02:00
Dune: Parte Tres,Dune: Part Three,2026,Denis Villeneuve,"Ciencia ficción, Aventuras, Acción, Drama, Intriga","Diecisiete años después de su ascenso al trono, Paul Atreides reina como el Mesías desde Arrakis mientras la yihad librada en su nombre ha segado miles de millones de vidas. Atormentado por visiones de una extinción inevitable, debe enfrentar una conspiración mortal orquestada por las Bene Gesserit, los Tleilaxu y la Cofradía Espacial. Mientras Chani lidia con el rechazo a un imperio que no reconoce, el regreso de un espectro del pasado amenaza con desestabilizarlo todo. El Camino Dorado exige ahora un sacrificio final: su humanidad o el caos absoluto. La arena ya no promete redención, solo el peso de profecías quebradas. Tercera parte de 'Dune'. Estreno: diciembre 2026",https://pics.filmaffinity.com/dune_part_three-983168343-large.jpg,https://www.filmaffinity.com/es/evideos.php?movie_id=766877,,,,,Cinesa Diagonal Mar,2026-12-15T19:00:00+01:00,VO,,es,IMAX,,unknown,"Tarifa variable; seleccionar cine, fecha y sesión",https://www.filmaffinity.com/es/theater-showtimes.php?id=218,https://web.cinesa.es/compra/butacas/?showtimeId=032-57932,2026-09-21T09:17:45.870590+02:00
Dune: Parte Tres,Dune: Part Three,2026,Denis Villeneuve,"Ciencia ficción, Aventuras, Acción, Drama, Intriga","Diecisiete años después de su ascenso al trono, Paul Atreides reina como el Mesías desde Arrakis mientras la yihad librada en su nombre ha segado miles de millones de vidas. Atormentado por visiones de una extinción inevitable, debe enfrentar una conspiración mortal orquestada por las Bene Gesserit, los Tleilaxu y la Cofradía Espacial. Mientras Chani lidia con el rechazo a un imperio que no reconoce, el regreso de un espectro del pasado amenaza con desestabilizarlo todo. El Camino Dorado exige ahora un sacrificio final: su humanidad o el caos absoluto. La arena ya no promete redención, solo el peso de profecías quebradas. Tercera parte de 'Dune'. Estreno: diciembre 2026",https://pics.filmaffinity.com/dune_part_three-983168343-large.jpg,https://www.filmaffinity.com/es/evideos.php?movie_id=766877,,,,,Cinesa SOM Multiespai,2026-12-15T19:00:00+01:00,,,,,,unknown,"Tarifa variable; seleccionar cine, fecha y sesión",https://www.filmaffinity.com/es/theater-showtimes.php?id=219,https://web.cinesa.es/compra/butacas/?showtimeId=017-59600,2026-09-21T09:17:45.870590+02:00
Dune: Parte Tres,Dune: Part Three,2026,Denis Villeneuve,"Ciencia ficción, Aventuras, Acción, Drama, Intriga","Diecisiete años después de su ascenso al trono, Paul Atreides reina como el Mesías desde Arrakis mientras la yihad librada en su nombre ha segado miles de millones de vidas. Atormentado por visiones de una extinción inevitable, debe enfrentar una conspiración mortal orquestada por las Bene Gesserit, los Tleilaxu y la Cofradía Espacial. Mientras Chani lidia con el rechazo a un imperio que no reconoce, el regreso de un espectro del pasado amenaza con desestabilizarlo todo. El Camino Dorado exige ahora un sacrificio final: su humanidad o el caos absoluto. La arena ya no promete redención, solo el peso de profecías quebradas. Tercera parte de 'Dune'. Estreno: diciembre 2026",https://pics.filmaffinity.com/dune_part_three-983168343-large.jpg,https://www.filmaffinity.com/es/evideos.php?movie_id=766877,,,,,Mooby Arenas de Barcelona,2026-12-15T19:00:00+01:00,VO,,es,,,unknown,"L–J laborables 9€; mié./jue. 6,50€; vie./sáb./festivos 10€",https://www.filmaffinity.com/es/theater-showtimes.php?id=501,https://moobycinemas-arenas.admit-one.eu/?p=tickets&perfCode=191648&language=esp&theatre=24,2026-09-21T09:17:45.870590+02:00
Dune: Parte Tres,Dune: Part Three,2026,Denis Villeneuve,"Ciencia ficción, Aventuras, Acción, Drama, Intriga","Diecisiete años después de su ascenso al trono, Paul Atreides reina como el Mesías desde Arrakis mientras la yihad librada en su nombre ha segado miles de millones de vidas. Atormentado por visiones de una extinción inevitable, debe enfrentar una conspiración mortal orquestada por las Bene Gesserit, los Tleilaxu y la Cofradía Espacial. Mientras Chani lidia con el rechazo a un imperio que no reconoce, el regreso de un espectro del pasado amenaza con desestabilizarlo todo. El Camino Dorado exige ahora un sacrificio final: su humanidad o el caos absoluto. La arena ya no promete redención, solo el peso de profecías quebradas. Tercera parte de 'Dune'. Estreno: diciembre 2026",https://pics.filmaffinity.com/dune_part_three-983168343-large.jpg,https://www.filmaffinity.com/es/evideos.php?movie_id=766877,,,,,Mooby Bosque,2026-12-15T19:00:00+01:00,VO,,es,Dolby Atmos,,unknown,"L–J laborables 9€; miércoles 6,50€; vie./sáb./festivos 10€; VOSE 6,50€",https://www.filmaffinity.com/es/theater-showtimes.php?id=224,https://moobycinemas-bosque.admit-one.eu/?p=tickets&perfCode=140333&language=esp&theatre=27,2026-09-30T07:03:59.947818+00:00
Dune: Parte Tres,Dune: Part Three,2026,Denis Villeneuve,"Ciencia ficción, Aventuras, Acción, Drama, Intriga","Diecisiete años después de su ascenso al trono, Paul Atreides reina como el Mesías desde Arrakis mientras la yihad librada en su nombre ha segado miles de millones de vidas. Atormentado por visiones de una extinción inevitable, debe enfrentar una conspiración mortal orquestada por las Bene Gesserit, los Tleilaxu y la Cofradía Espacial. Mientras Chani lidia con el rechazo a un imperio que no reconoce, el regreso de un espectro del pasado amenaza con desestabilizarlo todo. El Camino Dorado exige ahora un sacrificio final: su humanidad o el caos absoluto. La arena ya no promete redención, solo el peso de profecías quebradas. Tercera parte de 'Dune'. Estreno: diciembre 2026",https://pics.filmaffinity.com/dune_part_three-983168343-large.jpg,https://www.filmaffinity.com/es/evideos.php?movie_id=766877,,,,,Mooby Glòries,2026-12-15T19:00:00+01:00,VO,,es,,,unknown,"L–J laborables 9€; mié./jue. 6,50€; vie./sáb./festivos 10€",https://www.filmaffinity.com/es/theater-showtimes.php?id=226,https://moobycinemas-glorias.admit-one.eu/?p=tickets&perfCode=120529&language=esp&theatre=25,2026-09-21T09:17:45.870590+02:00
Dune: Parte Tres,Dune: Part Three,2026,Denis Villeneuve,"Ciencia ficción, Aventuras, Acción, Drama, Intriga","Diecisiete años después de su ascenso al trono, Paul Atreides reina como el Mesías desde Arrakis mientras la yihad librada en su nombre ha segado miles de millones de vidas. Atormentado por visiones de una extinción inevitable, debe enfrentar una conspiración mortal orquestada por las Bene Gesserit, los Tleilaxu y la Cofradía Espacial. Mientras Chani lidia con el rechazo a un imperio que no reconoce, el regreso de un espectro del pasado amenaza con desestabilizarlo todo. El Camino Dorado exige ahora un sacrificio final: su humanidad o el caos absoluto. La arena ya no promete redención, solo el peso de profecías quebradas. Tercera parte de 'Dune'. Estreno: diciembre 2026",https://pics.filmaffinity.com/dune_part_three-983168343-large.jpg,https://www.filmaffinity.com/es/evideos.php?movie_id=766877,,,,,Cine Yelmo Westfield La Maquinista,2026-12-15T19:00:00+01:00,,,,Digital,,unknown,Tarifa variable; consultar el pase de La Maquinista,https://www.filmaffinity.com/es/theater-showtimes.php?id=220,https://www.awin1.com/cread.php?awinmid=24761&awinaffid=1474736&ued=https%3A%2F%2Fcine.entradas.com%2Fcine%2Fbarcelona%2Fcine-yelmo-westfield-la-maquinista%2Fevento%2F45216%2Fdune-parte-tres%3Fmode%3Dwidget%26change%3D0,2026-09-21T09:17:45.870590+02:00
Dune: Parte Tres,Dune: Part Three,2026,Denis Villeneuve,"Ciencia ficción, Aventuras, Acción, Drama, Intriga","Diecisiete años después de su ascenso al trono, Paul Atreides reina como el Mesías desde Arrakis mientras la yihad librada en su nombre ha segado miles de millones de vidas. Atormentado por visiones de una extinción inevitable, debe enfrentar una conspiración mortal orquestada por las Bene Gesserit, los Tleilaxu y la Cofradía Espacial. Mientras Chani lidia con el rechazo a un imperio que no reconoce, el regreso de un espectro del pasado amenaza con desestabilizarlo todo. El Camino Dorado exige ahora un sacrificio final: su humanidad o el caos absoluto. La arena ya no promete redención, solo el peso de profecías quebradas. Tercera parte de 'Dune'. Estreno: diciembre 2026",https://pics.filmaffinity.com/dune_part_three-983168343-large.jpg,https://www.filmaffinity.com/es/evideos.php?movie_id=766877,,,,,Cinesa Diagonal Mar,2026-12-15T19:30:00+01:00,,,,,,unknown,"Tarifa variable; seleccionar cine, fecha y sesión",https://www.filmaffinity.com/es/theater-showtimes.php?id=218,https://web.cinesa.es/compra/butacas/?showtimeId=032-57935,2026-09-21T09:17:45.870590+02:00
Dune: Parte Tres,Dune: Part Three,2026,Denis Villeneuve,"Ciencia ficción, Aventuras, Acción, Drama, Intriga","Diecisiete años después de su ascenso al trono, Paul Atreides reina como el Mesías desde Arrakis mientras la yihad librada en su nombre ha segado miles de millones de vidas. Atormentado por visiones de una extinción inevitable, debe enfrentar una conspiración mortal orquestada por las Bene Gesserit, los Tleilaxu y la Cofradía Espacial. Mientras Chani lidia con el rechazo a un imperio que no reconoce, el regreso de un espectro del pasado amenaza con desestabilizarlo todo. El Camino Dorado exige ahora un sacrificio final: su humanidad o el caos absoluto. La arena ya no promete redención, solo el peso de profecías quebradas. Tercera parte de 'Dune'. Estreno: diciembre 2026",https://pics.filmaffinity.com/dune_part_three-983168343-large.jpg,https://www.filmaffinity.com/es/evideos.php?movie_id=766877,,,,,Cine Yelmo Westfield La Maquinista,2026-12-15T19:45:00+01:00,,,,Digital,,unknown,Tarifa variable; consultar el pase de La Maquinista,https://www.filmaffinity.com/es/theater-showtimes.php?id=220,https://www.awin1.com/cread.php?awinmid=24761&awinaffid=1474736&ued=https%3A%2F%2Fcine.entradas.com%2Fcine%2Fbarcelona%2Fcine-yelmo-westfield-la-maquinista%2Fevento%2F45218%2Fdune-parte-tres%3Fmode%3Dwidget%26change%3D0,2026-09-21T09:17:45.870590+02:00
Dune: Parte Tres,Dune: Part Three,2026,Denis Villeneuve,"Ciencia ficción, Aventuras, Acción, Drama, Intriga","Diecisiete años después de su ascenso al trono, Paul Atreides reina como el Mesías desde Arrakis mientras la yihad librada en su nombre ha segado miles de millones de vidas. Atormentado por visiones de una extinción inevitable, debe enfrentar una conspiración mortal orquestada por las Bene Gesserit, los Tleilaxu y la Cofradía Espacial. Mientras Chani lidia con el rechazo a un imperio que no reconoce, el regreso de un espectro del pasado amenaza con desestabilizarlo todo. El Camino Dorado exige ahora un sacrificio final: su humanidad o el caos absoluto. La arena ya no promete redención, solo el peso de profecías quebradas. Tercera parte de 'Dune'. Estreno: diciembre 2026",https://pics.filmaffinity.com/dune_part_three-983168343-large.jpg,https://www.filmaffinity.com/es/evideos.php?movie_id=766877,,,,,Cinesa Diagonal,2026-12-15T20:00:00+01:00,VO,,es,,,unknown,"Tarifa variable; seleccionar cine, fecha y sesión",https://www.filmaffinity.com/es/theater-showtimes.php?id=217,https://web.cinesa.es/compra/butacas/?showtimeId=012-54374,2026-09-21T09:17:45.870590+02:00
Dune: Parte Tres,Dune: Part Three,2026,Denis Villeneuve,"Ciencia ficción, Aventuras, Acción, Drama, Intriga","Diecisiete años después de su ascenso al trono, Paul Atreides reina como el Mesías desde Arrakis mientras la yihad librada en su nombre ha segado miles de millones de vidas. Atormentado por visiones de una extinción inevitable, debe enfrentar una conspiración mortal orquestada por las Bene Gesserit, los Tleilaxu y la Cofradía Espacial. Mientras Chani lidia con el rechazo a un imperio que no reconoce, el regreso de un espectro del pasado amenaza con desestabilizarlo todo. El Camino Dorado exige ahora un sacrificio final: su humanidad o el caos absoluto. La arena ya no promete redención, solo el peso de profecías quebradas. Tercera parte de 'Dune'. Estreno: diciembre 2026",https://pics.filmaffinity.com/dune_part_three-983168343-large.jpg,https://www.filmaffinity.com/es/evideos.php?movie_id=766877,,,,,Cinesa Diagonal Mar,2026-12-15T20:00:00+01:00,VO,,es,,,unknown,"Tarifa variable; seleccionar cine, fecha y sesión",https://www.filmaffinity.com/es/theater-showtimes.php?id=218,https://web.cinesa.es/compra/butacas/?showtimeId=032-57936,2026-09-21T09:17:45.870590+02:00
Dune: Parte Tres,Dune: Part Three,2026,Denis Villeneuve,"Ciencia ficción, Aventuras, Acción, Drama, Intriga","Diecisiete años después de su ascenso al trono, Paul Atreides reina como el Mesías desde Arrakis mientras la yihad librada en su nombre ha segado miles de millones de vidas. Atormentado por visiones de una extinción inevitable, debe enfrentar una conspiración mortal orquestada por las Bene Gesserit, los Tleilaxu y la Cofradía Espacial. Mientras Chani lidia con el rechazo a un imperio que no reconoce, el regreso de un espectro del pasado amenaza con desestabilizarlo todo. El Camino Dorado exige ahora un sacrificio final: su humanidad o el caos absoluto. La arena ya no promete redención, solo el peso de profecías quebradas. Tercera parte de 'Dune'. Estreno: diciembre 2026",https://pics.filmaffinity.com/dune_part_three-983168343-large.jpg,https://www.filmaffinity.com/es/evideos.php?movie_id=766877,,,,,Cinesa SOM Multiespai,2026-12-15T20:00:00+01:00,VO,,es,,,unknown,"Tarifa variable; seleccionar cine, fecha y sesión",https://www.filmaffinity.com/es/theater-showtimes.php?id=219,https://web.cinesa.es/compra/butacas/?showtimeId=017-59601,2026-09-21T09:17:45.870590+02:00
Dune: Parte Tres,Dune: Part Three,2026,Denis Villeneuve,"Ciencia ficción, Aventuras, Acción, Drama, Intriga","Diecisiete años después de su ascenso al trono, Paul Atreides reina como el Mesías desde Arrakis mientras la yihad librada en su nombre ha segado miles de millones de vidas. Atormentado por visiones de una extinción inevitable, debe enfrentar una conspiración mortal orquestada por las Bene Gesserit, los Tleilaxu y la Cofradía Espacial. Mientras Chani lidia con el rechazo a un imperio que no reconoce, el regreso de un espectro del pasado amenaza con desestabilizarlo todo. El Camino Dorado exige ahora un sacrificio final: su humanidad o el caos absoluto. La arena ya no promete redención, solo el peso de profecías quebradas. Tercera parte de 'Dune'. Estreno: diciembre 2026",https://pics.filmaffinity.com/dune_part_three-983168343-large.jpg,https://www.filmaffinity.com/es/evideos.php?movie_id=766877,,,,,Mooby Aribau / Aribau Cinema,2026-12-15T20:00:00+01:00,VO,,es,,,unknown,"L–J laborables 9€; miércoles 6,50€; vie./sáb./festivos 10€",https://www.filmaffinity.com/es/theater-showtimes.php?id=223,https://moobycinemas-aribau.admit-one.eu/?p=tickets&perfCode=69137&language=esp&theatre=28,2026-09-29T07:43:08.954816+00:00
Dune: Parte Tres,Dune: Part Three,2026,Denis Villeneuve,"Ciencia ficción, Aventuras, Acción, Drama, Intriga","Diecisiete años después de su ascenso al trono, Paul Atreides reina como el Mesías desde Arrakis mientras la yihad librada en su nombre ha segado miles de millones de vidas. Atormentado por visiones de una extinción inevitable, debe enfrentar una conspiración mortal orquestada por las Bene Gesserit, los Tleilaxu y la Cofradía Espacial. Mientras Chani lidia con el rechazo a un imperio que no reconoce, el regreso de un espectro del pasado amenaza con desestabilizarlo todo. El Camino Dorado exige ahora un sacrificio final: su humanidad o el caos absoluto. La arena ya no promete redención, solo el peso de profecías quebradas. Tercera parte de 'Dune'. Estreno: diciembre 2026",https://pics.filmaffinity.com/dune_part_three-983168343-large.jpg,https://www.filmaffinity.com/es/evideos.php?movie_id=766877,,,,,Mooby Balmes,2026-12-15T20:00:00+01:00,VO,,es,Dolby Atmos,,unknown,"L–J laborables 9€; miércoles 6,50€; vie./sáb./festivos 10€",https://www.filmaffinity.com/es/theater-showtimes.php?id=542,https://moobycinemas-balmes.admit-one.eu/?p=tickets&perfCode=187253&language=esp&theatre=29,2026-09-21T09:17:45.870590+02:00
Dune: Parte Tres,Dune: Part Three,2026,Denis Villeneuve,"Ciencia ficción, Aventuras, Acción, Drama, Intriga","Diecisiete años después de su ascenso al trono, Paul Atreides reina como el Mesías desde Arrakis mientras la yihad librada en su nombre ha segado miles de millones de vidas. Atormentado por visiones de una extinción inevitable, debe enfrentar una conspiración mortal orquestada por las Bene Gesserit, los Tleilaxu y la Cofradía Espacial. Mientras Chani lidia con el rechazo a un imperio que no reconoce, el regreso de un espectro del pasado amenaza con desestabilizarlo todo. El Camino Dorado exige ahora un sacrificio final: su humanidad o el caos absoluto. La arena ya no promete redención, solo el peso de profecías quebradas. Tercera parte de 'Dune'. Estreno: diciembre 2026",https://pics.filmaffinity.com/dune_part_three-983168343-large.jpg,https://www.filmaffinity.com/es/evideos.php?movie_id=766877,,,,,Mooby Gran Sarrià Club,2026-12-15T20:00:00+01:00,VO,,es,,,unknown,L–J laborables 11€; vie./sáb./festivos 13€,https://www.filmaffinity.com/es/theater-showtimes.php?id=227,https://moobycinemas-sarria.admit-one.eu/?p=tickets&perfCode=116950&language=esp&theatre=26,2026-09-21T09:17:45.870590+02:00
Dune: Parte Tres,Dune: Part Three,2026,Denis Villeneuve,"Ciencia ficción, Aventuras, Acción, Drama, Intriga","Diecisiete años después de su ascenso al trono, Paul Atreides reina como el Mesías desde Arrakis mientras la yihad librada en su nombre ha segado miles de millones de vidas. Atormentado por visiones de una extinción inevitable, debe enfrentar una conspiración mortal orquestada por las Bene Gesserit, los Tleilaxu y la Cofradía Espacial. Mientras Chani lidia con el rechazo a un imperio que no reconoce, el regreso de un espectro del pasado amenaza con desestabilizarlo todo. El Camino Dorado exige ahora un sacrificio final: su humanidad o el caos absoluto. La arena ya no promete redención, solo el peso de profecías quebradas. Tercera parte de 'Dune'. Estreno: diciembre 2026",https://pics.filmaffinity.com/dune_part_three-983168343-large.jpg,https://www.filmaffinity.com/es/evideos.php?movie_id=766877,,,,,Phenomena Experience,2026-12-15T20:30:00+01:00,VO,,es,"4K, Dolby Atmos",14.0,published,Precio según pase; consultar la ficha de la película,https://phenomena-experience.com/index?pag=cartelera,,2026-10-08T06:57:05.017772+00:00
Dune: Parte Tres,Dune: Part Three,2026,Denis Villeneuve,"Ciencia ficción, Aventuras, Acción, Drama, Intriga","Diecisiete años después de su ascenso al trono, Paul Atreides reina como el Mesías desde Arrakis mientras la yihad librada en su nombre ha segado miles de millones de vidas. Atormentado por visiones de una extinción inevitable, debe enfrentar una conspiración mortal orquestada por las Bene Gesserit, los Tleilaxu y la Cofradía Espacial. Mientras Chani lidia con el rechazo a un imperio que no reconoce, el regreso de un espectro del pasado amenaza con desestabilizarlo todo. El Camino Dorado exige ahora un sacrificio final: su humanidad o el caos absoluto. La arena ya no promete redención, solo el peso de profecías quebradas. Tercera parte de 'Dune'. Estreno: diciembre 2026",https://pics.filmaffinity.com/dune_part_three-983168343-large.jpg,https://www.filmaffinity.com/es/evideos.php?movie_id=766877,,,,,Cinemes Verdi + Verdi Park,2026-12-15T20:30:00+01:00,VO,en,es,,6.0,published,"Lunes 5,90€; martes–viernes 8,50€; sábados, domingos y festivos 10€",https://barcelona.cines-verdi.com/dune-parte-tres,https://verdibcn.admit-one.eu/seats/220008/,2026-09-14T21:23:44.125000+02:00
Dune: Parte Tres,Dune: Part Three,2026,Denis Villeneuve,"Ciencia ficción, Aventuras, Acción, Drama, Intriga","Diecisiete años después de su ascenso al trono, Paul Atreides reina como el Mesías desde Arrakis mientras la yihad librada en su nombre ha segado miles de millones de vidas. Atormentado por visiones de una extinción inevitable, debe enfrentar una conspiración mortal orquestada por las Bene Gesserit, los Tleilaxu y la Cofradía Espacial. Mientras Chani lidia con el rechazo a un imperio que no reconoce, el regreso de un espectro del pasado amenaza con desestabilizarlo todo. El Camino Dorado exige ahora un sacrificio final: su humanidad o el caos absoluto. La arena ya no promete redención, solo el peso de profecías quebradas. Tercera parte de 'Dune'. Estreno: diciembre 2026",https://pics.filmaffinity.com/dune_part_three-983168343-large.jpg,https://www.filmaffinity.com/es/evideos.php?movie_id=766877,,,,,Cine Yelmo Westfield La Maquinista,2026-12-15T20:30:00+01:00,,,,Digital,,unknown,Tarifa variable; consultar el pase de La Maquinista,https://www.filmaffinity.com/es/theater-showtimes.php?id=220,https://www.awin1.com/cread.php?awinmid=24761&awinaffid=1474736&ued=https%3A%2F%2Fcine.entradas.com%2Fcine%2Fbarcelona%2Fcine-yelmo-westfield-la-maquinista%2Fevento%2F45217%2Fdune-parte-tres%3Fmode%3Dwidget%26change%3D0,2026-09-21T09:17:45.870590+02:00
Dune: Parte Tres,Dune: Part Three,2026,Denis Villeneuve,"Ciencia ficción, Aventuras, Acción, Drama, Intriga","Diecisiete años después de su ascenso al trono, Paul Atreides reina como el Mesías desde Arrakis mientras la yihad librada en su nombre ha segado miles de millones de vidas. Atormentado por visiones de una extinción inevitable, debe enfrentar una conspiración mortal orquestada por las Bene Gesserit, los Tleilaxu y la Cofradía Espacial. Mientras Chani lidia con el rechazo a un imperio que no reconoce, el regreso de un espectro del pasado amenaza con desestabilizarlo todo. El Camino Dorado exige ahora un sacrificio final: su humanidad o el caos absoluto. La arena ya no promete redención, solo el peso de profecías quebradas. Tercera parte de 'Dune'. Estreno: diciembre 2026",https://pics.filmaffinity.com/dune_part_three-983168343-large.jpg,https://www.filmaffinity.com/es/evideos.php?movie_id=766877,,,,,Cinemes Verdi + Verdi Park,2026-12-15T20:40:00+01:00,VO,en,es,,6.0,published,"Lunes 5,90€; martes–viernes 8,50€; sábados, domingos y festivos 10€",https://barcelona.cines-verdi.com/dune-parte-tres,https://verdibcn.admit-one.eu/seats/220047/,2026-09-14T21:23:44.125000+02:00
Christmas in Versailles. Sonya Yoncheva,Christmas in Versailles. Sonya Yoncheva,2024,,Conciertos,,https://www.bizcochito.es/img/tt113407-es-pos.webp,,,,,,Cinemes Girona,2026-12-17T16:00:00+01:00,VO,,es,,10.0,published,Lun./mar./jue. 7€; miércoles 5€; vie./sáb./dom. 9€; Atmos +1€,https://www.cinemesgirona.cat/christmas-in-versailles-sonya-yoncheva,https://girona.admit-one.eu/?p=tickets&perfCode=40520&language=CAT,2026-09-15T09:45:19.894000+02:00
Billy Elliot,Billy Elliot,2000,Stephen Daldry,"Drama, Comedia","Un gran èxit de taquilla que barreja la comèdia dramàtica amb el cinema social i el musical. El protagonista és el fill d’un miner que, en un entorn social duríssim, descobreix la seva passió pel ballet malgrat l’oposició del seu pare i el seu germà, que, condicionats per prejudicis masclistes, prefereixen que practiqui la boxa i sigui miner.",https://pics.filmaffinity.com/billy_elliot-132582077-large.jpg,https://www.filmaffinity.com/es/evideos.php?movie_id=452568,7.4,7.7,85.0,89.0,Filmoteca de Catalunya — Sales Chomón i Laya,2026-12-19T17:00:00+01:00,VO,,ca,DCP,,unknown,General 4€; reducida 3€; programación infantil 2€,https://www.filmoteca.cat/web/ca/film/billy-elliot,https://euromus.cultura.gencat.cat/filmoteca/venda/index.jsp?lang=1&nom_cache=FILMOTECA&property=FILMOTECA&codiActiv=959&codiCicle=106,2026-10-08T06:57:21.918819+00:00
Billy Elliot,Billy Elliot,2000,Stephen Daldry,"Drama, Comedia","Un gran èxit de taquilla que barreja la comèdia dramàtica amb el cinema social i el musical. El protagonista és el fill d’un miner que, en un entorn social duríssim, descobreix la seva passió pel ballet malgrat l’oposició del seu pare i el seu germà, que, condicionats per prejudicis masclistes, prefereixen que practiqui la boxa i sigui miner.",https://pics.filmaffinity.com/billy_elliot-132582077-large.jpg,https://www.filmaffinity.com/es/evideos.php?movie_id=452568,7.4,7.7,85.0,89.0,Filmoteca de Catalunya — Sales Chomón i Laya,2026-12-20T17:00:00+01:00,VO,,ca,DCP,,unknown,General 4€; reducida 3€; programación infantil 2€,https://www.filmoteca.cat/web/ca/film/billy-elliot,https://euromus.cultura.gencat.cat/filmoteca/venda/index.jsp?lang=1&nom_cache=FILMOTECA&property=FILMOTECA&codiActiv=959&codiCicle=107,2026-10-08T06:57:21.918819+00:00
Christmas in Versailles. Sonya Yoncheva,Christmas in Versailles. Sonya Yoncheva,2024,,Conciertos,,https://www.bizcochito.es/img/tt113407-es-pos.webp,,,,,,Cinemes Girona,2026-12-21T20:00:00+01:00,VO,,es,,10.0,published,Lun./mar./jue. 7€; miércoles 5€; vie./sáb./dom. 9€; Atmos +1€,https://www.cinemesgirona.cat/christmas-in-versailles-sonya-yoncheva,https://girona.admit-one.eu/?p=tickets&perfCode=40521&language=CAT,2026-09-15T09:45:19.894000+02:00
El lago de los cisnes. Ballet Ópera de París 26/27,El lago de los cisnes. Ballet Ópera de París 26/27,2026,Rudolf Nureyev,Ballet,"El lago de los cisnes narra la tràgica història d'amor entre el príncep Sigfrid i Odette, una bella jove convertida en cigne pel malvat bruixot Rothbart. Només un veritable jurament d'amor pot trencar la maledicció, però l'engany d'Odile, el cigne negre, desencadena un desenllaç fatal.",https://www.bizcochito.es/img/tt112492-es-pos.webp,,,,,,Cinemes Girona,2026-12-23T16:00:00+01:00,VO,,es,,10.0,published,Lun./mar./jue. 7€; miércoles 5€; vie./sáb./dom. 9€; Atmos +1€,https://www.cinemesgirona.cat/el-lago-de-los-cisnes-ballet-opera-de-paris-26-27,https://girona.admit-one.eu/?p=tickets&perfCode=40519&language=CAT,2026-09-15T09:45:19.894000+02:00
Billy Elliot,Billy Elliot,2000,Stephen Daldry,"Drama, Comedia","Un gran èxit de taquilla que barreja la comèdia dramàtica amb el cinema social i el musical. El protagonista és el fill d’un miner que, en un entorn social duríssim, descobreix la seva passió pel ballet malgrat l’oposició del seu pare i el seu germà, que, condicionats per prejudicis masclistes, prefereixen que practiqui la boxa i sigui miner.",https://pics.filmaffinity.com/billy_elliot-132582077-large.jpg,https://www.filmaffinity.com/es/evideos.php?movie_id=452568,7.4,7.7,85.0,89.0,Filmoteca de Catalunya — Sales Chomón i Laya,2026-12-27T17:00:00+01:00,VO,,ca,DCP,,unknown,General 4€; reducida 3€; programación infantil 2€,https://www.filmoteca.cat/web/ca/film/billy-elliot,https://euromus.cultura.gencat.cat/filmoteca/venda/index.jsp?lang=1&nom_cache=FILMOTECA&property=FILMOTECA&codiActiv=959&codiCicle=108,2026-10-08T06:57:21.918819+00:00
Concierto de Fin de Año de la Filarmónica de Berlín 2026,Concierto de Fin de Año de la Filarmónica de Berlín 2026,2026,,,,https://www.bizcochito.es/img/tt113410-es-pos.webp,,,,,,Cinemes Girona,2026-12-31T17:30:00+01:00,,,,,17.0,published,Lun./mar./jue. 7€; miércoles 5€; vie./sáb./dom. 9€; Atmos +1€,https://www.cinemesgirona.cat/concierto-de-fin-de-ano-de-la-filarmonica-de-berlin-2026,https://girona.admit-one.eu/?p=tickets&perfCode=40522&language=CAT,2026-09-15T09:45:19.894000+02:00
In the Name of Love: A Texas Tragedy,In the Name of Love: A Texas Tragedy,1995,Bill D'Elia,Drama,"Luke parece tenerlo todo: prestigio y una novia atractiva. Sin embargo, cuando un accidente le deja paralítico, su prometida rompe con él. (FILMAFFINITY)",https://pics.filmaffinity.com/tragedia_de_amor-742332323-large.jpg,,,6.1,,89.0,Mooby Aribau / Aribau Cinema,2026-12-31T17:30:00+01:00,,,,,,unknown,"L–J laborables 9€; miércoles 6,50€; vie./sáb./festivos 10€",https://www.filmaffinity.com/es/theater-showtimes.php?id=223,https://moobycinemas-aribau.admit-one.eu/?p=tickets&perfCode=68775&language=esp&theatre=28,2026-09-29T07:43:08.954816+00:00
In the Name of Love: A Texas Tragedy,In the Name of Love: A Texas Tragedy,1995,Bill D'Elia,Drama,"Luke parece tenerlo todo: prestigio y una novia atractiva. Sin embargo, cuando un accidente le deja paralítico, su prometida rompe con él. (FILMAFFINITY)",https://pics.filmaffinity.com/tragedia_de_amor-742332323-large.jpg,,,6.1,,89.0,Mooby Bosque,2026-12-31T17:30:00+01:00,,,,,,unknown,"L–J laborables 9€; miércoles 6,50€; vie./sáb./festivos 10€; VOSE 6,50€",https://www.filmaffinity.com/es/theater-showtimes.php?id=224,https://moobycinemas-bosque.admit-one.eu/?p=tickets&perfCode=139527&language=esp&theatre=27,2026-09-30T07:03:59.947818+00:00
¡Qué bello es vivir!,It's a Wonderful Life,1946,Frank Capra,"Drama, Fantástico","George Bailey (James Stewart) es un honrado y modesto ciudadano que dirige y mantiene a flote un pequeño banco familiar, a pesar de los intentos de un poderoso banquero por arruinarlo. El día de Nochebuena de 1945, abrumado por la repentina desaparición de una importante suma de dinero, que supondría no solo la quiebra de su banco, sino también un gran escándalo, decide suicidarse, pero cuando está a punto de hacerlo ocurre algo extraordinario. (FILMAFFINITY)",https://pics.filmaffinity.com/it_s_a_wonderful_life-564593017-large.jpg,https://www.filmaffinity.com/es/evideos.php?movie_id=682814,8.2,8.6,94.0,95.0,Mooby Gran Sarrià Club,2027-01-01T18:30:00+01:00,VO,,es,,,unknown,L–J laborables 11€; vie./sáb./festivos 13€,https://www.filmaffinity.com/es/theater-showtimes.php?id=227,https://moobycinemas-sarria.admit-one.eu/?p=tickets&perfCode=117157&language=esp&theatre=26,2026-09-21T09:17:45.870590+02:00
Gulag,Gulag,1985,Roger Young,Drama,"Mickey Almon es un popular reportero deportivo que se encuentra cubriendo los Juegos Olímpicos de Moscú. Engañado por la KGB y forzado a confesar que es un espía, es detenido y enviado a Gulag, una prisión situada en Siberia. Incapaz de probar su propia inocencia, Mickey deberá afrontar condiciones inhumanas o comenzar a pensar en un plan de fuga. (FILMAFFINITY)",https://pics.filmaffinity.com/gulag_tv-579617964-large.jpg,,6.1,6.6,,58.0,Mooby Aribau / Aribau Cinema,2027-03-23T20:15:00+01:00,,,,,,unknown,"L–J laborables 9€; miércoles 6,50€; vie./sáb./festivos 10€",https://www.filmaffinity.com/es/theater-showtimes.php?id=223,https://moobycinemas-aribau.admit-one.eu/?p=tickets&perfCode=68774&language=esp&theatre=28,2026-09-29T07:43:08.954816+00:00
Gulag,Gulag,1985,Roger Young,Drama,"Mickey Almon es un popular reportero deportivo que se encuentra cubriendo los Juegos Olímpicos de Moscú. Engañado por la KGB y forzado a confesar que es un espía, es detenido y enviado a Gulag, una prisión situada en Siberia. Incapaz de probar su propia inocencia, Mickey deberá afrontar condiciones inhumanas o comenzar a pensar en un plan de fuga. (FILMAFFINITY)",https://pics.filmaffinity.com/gulag_tv-579617964-large.jpg,,6.1,6.6,,58.0,Mooby Bosque,2027-03-23T20:15:00+01:00,,,,,,unknown,"L–J laborables 9€; miércoles 6,50€; vie./sáb./festivos 10€; VOSE 6,50€",https://www.filmaffinity.com/es/theater-showtimes.php?id=224,https://moobycinemas-bosque.admit-one.eu/?p=tickets&perfCode=139523&language=esp&theatre=27,2026-09-30T07:03:59.947818+00:00
Buffalo Girls (TV),Buffalo Girls,1995,Rod Hardy,Western,"Basada en la vida de la heroina del salvaje Oeste: Calamity Jane y de su mejor amiga Dora Du Fran que regenta un burdel. La historia ocupa, desde finales de 1879, una década y sigue los respectivos amores entre Dora y el cowboy Teddy Blue y Jane y Wild Hickock, más conocido como Buffalo Bill Cody y su espectáculo que llevó por todo el mundo sobre el viejo Oeste. (FILMAFFINITY)",https://pics.filmaffinity.com/buffalo_girls_tv-851129344-large.jpg,https://www.filmaffinity.com/es/evideos.php?movie_id=703786,5.5,6.5,,68.0,Mooby Aribau / Aribau Cinema,2027-05-05T20:00:00+02:00,,,,,,unknown,"L–J laborables 9€; miércoles 6,50€; vie./sáb./festivos 10€",https://www.filmaffinity.com/es/theater-showtimes.php?id=223,https://moobycinemas-aribau.admit-one.eu/?p=tickets&perfCode=68772&language=esp&theatre=28,2026-09-29T07:43:08.954816+00:00
Buffalo Girls (TV),Buffalo Girls,1995,Rod Hardy,Western,"Basada en la vida de la heroina del salvaje Oeste: Calamity Jane y de su mejor amiga Dora Du Fran que regenta un burdel. La historia ocupa, desde finales de 1879, una década y sigue los respectivos amores entre Dora y el cowboy Teddy Blue y Jane y Wild Hickock, más conocido como Buffalo Bill Cody y su espectáculo que llevó por todo el mundo sobre el viejo Oeste. (FILMAFFINITY)",https://pics.filmaffinity.com/buffalo_girls_tv-851129344-large.jpg,https://www.filmaffinity.com/es/evideos.php?movie_id=703786,5.5,6.5,,68.0,Mooby Bosque,2027-05-05T20:00:00+02:00,,,,,,unknown,"L–J laborables 9€; miércoles 6,50€; vie./sáb./festivos 10€; VOSE 6,50€",https://www.filmaffinity.com/es/theater-showtimes.php?id=224,https://moobycinemas-bosque.admit-one.eu/?p=tickets&perfCode=139525&language=esp&theatre=27,2026-09-30T07:03:59.947818+00:00
Las bucaneras,The Buccaneers,1995,Philip Saville,"Serie de TV, Drama, Romance, Aventuras","¿Por qué a cuatro jóvenes americanas recientemente enriquecidas les resulta tan  difícil entrar en la sofisticada sociedad de Nueva York? Creyendo que en Inglaterra, las cosas son distintas, deciden pasar una temporada en Londres, pero pronto descubrirán que tampoco esta ciudad responde a sus expectativas. (FILMAFFINITY)",https://pics.filmaffinity.com/the_buccaneers-285472299-large.jpg,,5.3,7.1,,,Mooby Aribau / Aribau Cinema,2027-05-25T20:15:00+02:00,,,,,,unknown,"L–J laborables 9€; miércoles 6,50€; vie./sáb./festivos 10€",https://www.filmaffinity.com/es/theater-showtimes.php?id=223,https://moobycinemas-aribau.admit-one.eu/?p=tickets&perfCode=68773&language=esp&theatre=28,2026-09-29T07:43:08.954816+00:00
Las bucaneras,The Buccaneers,1995,Philip Saville,"Serie de TV, Drama, Romance, Aventuras","¿Por qué a cuatro jóvenes americanas recientemente enriquecidas les resulta tan  difícil entrar en la sofisticada sociedad de Nueva York? Creyendo que en Inglaterra, las cosas son distintas, deciden pasar una temporada en Londres, pero pronto descubrirán que tampoco esta ciudad responde a sus expectativas. (FILMAFFINITY)",https://pics.filmaffinity.com/the_buccaneers-285472299-large.jpg,,5.3,7.1,,,Mooby Bosque,2027-05-25T20:15:00+02:00,,,,,,unknown,"L–J laborables 9€; miércoles 6,50€; vie./sáb./festivos 10€; VOSE 6,50€",https://www.filmaffinity.com/es/theater-showtimes.php?id=224,https://moobycinemas-bosque.admit-one.eu/?p=tickets&perfCode=139526&language=esp&theatre=27,2026-09-30T07:03:59.947818+00:00
